Year,UC_name,delay_days
2025,CHAK JALAL DIN,7
2024,Dhoke Mangtal,4
2024,AMARPURA,5
2024,DHOK DALAL,3
2024,Waris Khan,4
2024,Dhamial,8
2024,CHAK JALAL DIN,4
2024,Dhamial,4
2024,Gulistan Colony,2
2024,Dhoke Mangtal,5
2024,Kolian Hamid,3
2024,Dhamial,3
2024,TAKHT PARI,5
2024,Dhamial,8
2024,WAHGAL,4
2024,Dhoke Chiragh Din,5
2024,Dhoke Mangtal,6
2024,KAHUTA-I,5
2024,Khurram Colony,5
2024,CHAK JALAL DIN,3
2024,Dhoke Mangtal,3
2024,LAKKHAN,6
2024,DHOK MUNSHI KHAN,5
2024,Gulistan Colony,6
2024,Dhoke Chiragh Din,2
2024,Dhamial,5
2024,Dhamial,8
2024,Dhoke Mangtal,1
2024,Dhamial,3
2024,Dhamial,4
2024,Dhoke Mangtal,4
2024,WAH,4
2024,Dhamial,5
2024,SHAH CHAN CHARAGH,8
2024,TAKHT PARI,4
2024,Dhamial,0
2024,Dhamial,4
2024,LAKKHAN,4
2024,GHEELA KHURD,8
2024,LAKKHAN,5
2024,NAMBAL,4
2024,DHOK ALI AKBAR,5
2024,BANNI,5
2024,WAH,5
2024,Khurram Colony,6
2024,GARHEE SIKANDAR,5
2024,Dhoke Mangtal,5
2024,Dhoke Mangtal,2
2024,MORGAH,3
2024,LAKKHAN,4
2024,DHOK MUNSHI KHAN,3
2024,KAHUTA-I,5
2024,LAKKHAN,5
2024,Dhoke Mangtal,4
2024,KHANA DAK,3
2024,Dhamial,4
2024,DHOK MUNSHI KHAN,3
2024,Dhoke Mangtal,6
2024,Dhaman Syedan,8
2024,Dhamial,4
2024,KHANA DAK,3
2024,LAKKHAN,4
2024,DHOK ALI AKBAR,3
2024,GHEELA KHURD,6
2024,Khurram Colony,4
2024,Dhoke Mangtal,5
2024,RANIAL,5
2024,Dhoke Mangtal,4
2024,CHAK JALAL DIN,5
2024,LAKKHAN,5
2024,DHOK ALI AKBAR,6
2024,CHAK JALAL DIN,8
2024,DHOK KHABBA,9
2024,Waris Khan,4
2024,Dhaman Syedan,5
2024,LAKKHAN,5
2024,Kolian Hamid,5
2024,Jhanda Chichi,5
2024,Khurram Colony,4
2024,LAKKHAN,5
2024,BAJNIAL,7
2024,Dhamial,5
2024,KHANA DAK,4
2024,Waris Khan,3
2024,Dhaman Syedan,7
2024,Dhoke Mangtal,8
2024,CHAK JALAL DIN,7
2024,LAKKHAN,3
2024,Dhaman Syedan,9
2024,CHAK JALAL DIN,4
2024,Dhoke Mangtal,5
2024,Dhoke Mangtal,5
2024,Dhamial,5
2024,Dhamial,5
2024,Dhoke Mangtal,8
2024,Dhamial,4
2024,Dhaman Syedan,5
2024,DHOK DALAL,8
2024,GUF,5
2024,BANNI,6
2024,Dhoke Mangtal,5
2024,BASALI,3
2024,LAKKHAN,3
2024,Dhoke Mangtal,4
2024,Dhamial,5
2024,Dhoke Mangtal,3
2024,RAWALPINDI CANTT-9,5
2024,SMOTE,0
2024,Dhamial,9
2024,Dhoke Mangtal,6
2024,DHOK ALI AKBAR,6
2024,CHAK JALAL DIN,4
2024,PURANA QILLA,5
2024,Dhoke Mangtal,4
2024,Dhoke Mangtal,4
2024,Dhoke Mangtal,8
2024,Dhoke Mangtal,5
2024,CHOHA KHALSA,4
2024,Dhamial,7
2024,Purana Qila,4
2024,CHAK JALAL DIN,5
2024,Dhaman Syedan,0
2024,Dhoke Mangtal,10
2024,Dhoke Mangtal,7
2024,SAKOT,5
2024,Chakri,5
2024,Adiala,4
2024,Dhoke Mangtal,5
2024,Dhamial,5
2024,Dhoke Mangtal,6
2024,CHAK JALAL DIN,6
2024,Dhoke Mangtal,6
2024,Dhamial,5
2024,Chauntra,4
2024,DHOK KALA KHAN,5
2024,BANNI,4
2024,Dhoke Mangtal,7
2024,SAIDPUR SCHEME,8
2024,CHAK JALAL DIN,6
2024,MATWA,7
2024,Dhoke Mangtal,8
2024,BANNI,8
2024,RANIAL,8
2024,ASGHAR MALL SCHEME,7
2024,GHEELA KHURD,6
2024,Dhamial,3
2024,LAKKHAN,5
2024,Dhamial,5
2024,Dhaman Syedan,6
2024,DHOK ALI AKBAR,6
2024,GHEL,6
2024,Dhoke Mangtal,3
2024,LAKKHAN,3
2024,Dhaman Syedan,0
2024,Dhaman Syedan,6
2024,Dhaman Syedan,8
2024,Dhaman Syedan,7
2024,LAKKHAN,4
2024,Dhoke Mangtal,1
2024,Dhoke Chiragh Din,1
2024,Khurram Colony,1
2024,Dhoke Mangtal,4
2024,GHUNGRILA,7
2024,RAWALPINDI CANTT-9,3
2024,Dhoke Mangtal,5
2024,Dhoke Mangtal,1
2024,DHOK ALI AKBAR,8
2024,CHAH SULTAN,7
2024,Dhoke Mangtal,4
2024,Gulistan Colony,4
2024,Dhoke Mangtal,4
2024,LAKKHAN,4
2024,KOTHA KALAN,1
2024,KOTHA KALAN,5
2024,Dhamial,4
2024,Dhamial,4
2024,BANNI,8
2024,Dhamial,8
2024,Dhoke Mangtal,6
2024,BANNI,5
2024,DHOK ALI AKBAR,4
2024,BANNI,0
2024,Dhamial,12
2024,Dhoke Mangtal,5
2024,Dhoke Mangtal,5
2024,BANNI,3
2024,GHEELA KHURD,8
2024,Waris Khan,5
2024,Waris Khan,5
2024,Dhoke Mangtal,5
2024,PINDORA,5
2024,Dhaman Syedan,4
2024,Dhoke Mangtal,1
2024,WAH,1
2024,LAKKHAN,4
2024,PHAGWARI,5
2024,KOTHA KALAN,4
2024,Chauntra,4
2024,GHEELA KHURD,7
2024,Dhoke Mangtal,5
2024,Waris Khan,5
2024,Dhamial,4
2024,CHAK JALAL DIN,7
2024,CHAK JALAL DIN,5
2024,CHAK JALAL DIN,6
2024,Dhoke Mangtal,8
2024,Dhoke Mangtal,6
2024,Dhamial,4
2024,BANNI,5
2024,Dhamial,3
2024,GHEELA KHURD,5
2024,Dhoke Mangtal,5
2024,Waris Khan,6
2024,Dhamial,5
2024,CHAK JALAL DIN,5
2024,Dhamial,3
2024,Dhamial,4
2024,CHAK JALAL DIN,5
2024,LAKKHAN,7
2024,BANNI,6
2024,CHAK JALAL DIN,4
2024,KOTHA KALAN,1
2024,Gulistan Colony,1
2024,BANNI,4
2024,Dhaman Syedan,5
2024,Dhaman Syedan,5
2024,Khurram Colony,4
2024,Dhamial,6
2024,Dhoke Mangtal,7
2024,Dhaman Syedan,8
2024,Dhoke Mangtal,8
2024,Dhoke Mangtal,7
2024,Dhoke Mangtal,8
2024,Dhaman Syedan,6
2024,Dhoke Mangtal,2
2024,GUF,5
2024,Dhoke Mangtal,2
2024,Dhoke Mangtal,4
2024,Dhoke Mangtal,4
2024,Dhoke Mangtal,3
2024,DHOK MUNSHI KHAN,6
2024,BHADANA,6
2024,LAKKHAN,6
2024,Dhaman Syedan,5
2024,Khurram Colony,0
2024,BANNI,4
2024,BANNI,6
2024,GARHEE SIKANDAR,5
2024,Waris Khan,1
2024,Dhaman Syedan,1
2024,KOTHA KALAN,1
2024,Dhaman Syedan,4
2024,Dhoke Mangtal,3
2024,BANNI,4
2024,LAKKHAN,4
2024,BANNI,5
2024,LAKKHAN,4
2024,KHANA DAK,5
2024,LAKKHAN,5
2024,Gulistan Colony,3
2024,Dhoke Mangtal,3
2024,Dhamial,4
2024,BANDA,3
2024,BANNI,3
2024,Dhoke Mangtal,4
2024,Dhoke Mangtal,4
2024,Khurram Colony,4
2024,Jhanda Chichi,4
2024,Dhoke Mangtal,6
2024,Gulistan Colony,6
2024,Dhaman Syedan,6
2024,RAWALPINDI CANTT-9,8
2024,BANNI,4
2024,DHOK MUNSHI KHAN,8
2024,LAKKHAN,5
2024,KHANA DAK,6
2024,LAKKHAN,4
2024,Gulistan Colony,5
2024,KOTHA KALAN,4
2024,DHOK KALA KHAN,1
2024,RANIAL,4
2024,DHOK ALI AKBAR,4
2024,Dhoke Mangtal,6
2024,Dhoke Mangtal,7
2024,Dhoke Mangtal,7
2024,Dhoke Mangtal,4
2024,Dhoke Mangtal,6
2024,DHOK FARMAN ALI,5
2024,AFANDI COLONY,6
2024,NAMBAL,2
2024,Dhamial,2
2024,Dhamial,6
2024,Dhoke Mangtal,5
2024,LAKKHAN,4
2024,Dhoke Mangtal,5
2024,RAWALPINDI CANTT-9,7
2024,Dhoke Mangtal,2
2024,PIR WADHI,3
2024,CHAK JALAL DIN,3
2024,Gulistan Colony,4
2024,SAKOT,9
2024,AMARPURA,7
2024,Dhamial,5
2024,Dhaman Syedan,5
2024,Dhamial,6
2024,RANIAL,6
2024,Dhoke Mangtal,8
2024,KHURAM PARACHA,6
2024,Dhoke Mangtal,4
2024,DHOK HUKAM DAD,5
2024,LAKKHAN,5
2024,BANNI,5
2024,Dhoke Mangtal,3
2024,MORGAH,8
2024,Chakri,5
2024,KOTHA KALAN,5
2024,Dhoke Mangtal,5
2024,DHOK MUNSHI KHAN,5
2024,Dhoke Mangtal,5
2024,BANNI,5
2024,Dhoke Mangtal,5
2024,GHEELA KHURD,5
2024,Dhoke Mangtal,6
2024,Dhoke Mangtal,6
2024,WAH,6
2024,Dhoke Mangtal,4
2024,Waris Khan,5
2024,Dhamial,3
2024,Dhamial,4
2024,Dhoke Mangtal,7
2024,Dhoke Mangtal,2
2024,LAKKHAN,4
2024,GUF,7
2024,KOTHA KALAN,5
2024,Dhamial,4
2024,GARHEE SIKANDAR,7
2024,GARHEE SIKANDAR,7
2024,Dhamial,5
2024,LAKKHAN,4
2024,Dhoke Mangtal,3
2024,Dhoke Mangtal,3
2024,DHOK ALI AKBAR,2
2024,Dhoke Mangtal,3
2024,GANJ MANDI,6
2024,KOTHA KALAN,4
2024,Gulistan Colony,7
2024,RANIAL,4
2024,RANIAL,4
2024,CHAK JALAL DIN,3
2024,Dhamial,5
2024,Gulistan Colony,6
2024,Dhamial,5
2024,DHOK FARMAN ALI,5
2024,KHANA DAK,5
2024,Dhamial,6
2024,Gulistan Colony,5
2024,BAJNIAL,8
2024,Dhoke Mangtal,4
2024,KAHUTA-I,1
2024,Dhoke Mangtal,9
2024,LAKKHAN,4
2024,DHOK MUNSHI KHAN,4
2024,BANNI,5
2024,BANNI,5
2024,Dhamial,5
2024,RAWALPINDI CANTT-3,4
2024,MALOT SATIAN,4
2024,Gulistan Colony,5
2024,Dhamial,5
2024,BANNI,5
2024,BANNI,5
2024,Dhamial,6
2024,Dhamial,7
2024,Dhoke Mangtal,7
2024,Dhamial,1
2024,Kolian Hamid,1
2024,DARKLI MAMOORI,5
2024,GANJ MANDI,2
2024,LAKKHAN,0
2024,Dhamial,8
2024,Dhoke Mangtal,4
2024,Dhoke Mangtal,7
2024,Dhoke Mangtal,3
2024,MATOR,3
2024,Dhamial,4
2024,LAKKHAN,4
2024,POTHA,4
2024,RAIKA MAIRA,6
2024,CHAK JALAL DIN,0
2024,Dhoke Mangtal,5
2024,Dhaman Syedan,5
2024,LAKKHAN,5
2024,Dhaman Syedan,5
2024,CHAK JALAL DIN,3
2024,BANNI,4
2024,LAKKHAN,6
2024,Dhamial,4
2024,SUKHO,11
2024,Dhoke Mangtal,5
2024,Dhoke Mangtal,4
2024,Gulistan Colony,5
2024,DHOK MUNSHI KHAN,4
2024,Dhoke Mangtal,3
2024,CHAK JALAL DIN,4
2024,LAKKHAN,4
2024,Dhamial,5
2024,Jhanda Chichi,5
2024,DHOK ALI AKBAR,4
2024,Dhoke Mangtal,6
2024,Dhamial,6
2024,GARHEE SIKANDAR,1
2024,LOHDRA,4
2024,LAKKHAN,5
2024,LAKKHAN,4
2024,Dhamial,5
2024,Dhoke Mangtal,7
2024,Dhoke Mangtal,4
2024,Dhoke Mangtal,4
2024,Dhoke Mangtal,5
2024,GARHEE SIKANDAR,7
2024,Khurram Colony,6
2024,LAKKHAN,4
2024,LAKKHAN,6
2024,GHEELA KHURD,6
2024,Dhoke Mangtal,6
2024,Dhaman Syedan,4
2024,Dhaman Syedan,3
2024,Dhoke Mangtal,4
2024,Dhamial,8
2024,Dhoke Mangtal,5
2024,KARTARPURA,4
2024,Dhoke Mangtal,7
2024,Gulistan Colony,5
2024,Dhamial,5
2024,TAKHT PARI,5
2024,SHAH CHAN CHARAGH,8
2024,Dhoke Mangtal,4
2024,BANNI,3
2024,CHAK BELI KHAN,3
2024,Dhaman Syedan,5
2024,KURI DULAL,4
2024,Dhoke Mangtal,4
2024,CHAK JALAL DIN,5
2024,LAKKHAN,5
2024,Purana Qila,9
2024,Dhoke Mangtal,6
2024,LOHDRA,6
2024,Dhaman Syedan,5
2024,BAJNIAL,5
2024,Waris Khan,7
2024,TAKHT PARI,5
2024,Dhoke Chiragh Din,5
2024,CHAK BELI KHAN,5
2024,KOTHA KALAN,4
2024,RANIAL,5
2024,Gulistan Colony,5
2024,RAWALPINDI CANTT-9,5
2024,Dhoke Mangtal,6
2024,MATOR,1
2024,Dhaman Syedan,1
2024,MOHANPURA,2
2024,Dhamial,4
2024,MATWA,4
2024,Dhamial,7
2024,Dhaman Syedan,5
2024,Dhoke Mangtal,8
2024,Purana Qila,7
2024,SAGRI KALAN,7
2024,CHAK JALAL DIN,7
2024,Dhamial,6
2024,DHOK DALAL,7
2024,SHAH CHAN CHARAGH,3
2024,Dhoke Mangtal,5
2024,GANJ MANDI,7
2024,CHAK JALAL DIN,3
2024,Dhoke Mangtal,5
2024,CHAK JALAL DIN,5
2024,RANIAL,5
2024,BANNI,4
2024,DHOK MUNSHI KHAN,7
2024,Dhoke Mangtal,2
2024,Gulistan Colony,4
2024,RAWALPINDI CANTT-9,0
2024,BANNI,4
2024,Dhaman Syedan,4
2024,KOTHA KALAN,5
2024,Jhanda Chichi,5
2024,Khurram Colony,5
2024,MORGAH,6
2024,KOTHA KALAN,4
2024,KOTHA KALAN,5
2024,Gulistan Colony,3
2024,Dhoke Mangtal,6
2024,Dhamial,5
2024,Dhoke Mangtal,5
2024,KOTHA KALAN,5
2024,KOTHA KALAN,5
2024,KOTHA KALAN,7
2024,Dhaman Syedan,5
2024,BANDA,5
2024,LAKKHAN,4
2024,Dhamial,5
2024,Dhamial,4
2024,Dhok Ratta,5
2024,MATWA,5
2024,Dhaman Syedan,5
2024,WAH CANTT-3,5
2024,Dhoke Chiragh Din,5
2024,DHOK KHABBA,5
2024,Dhamial,4
2024,BANNI,5
2024,Dhoke Mangtal,4
2024,Dhoke Mangtal,4
2024,MATOR,2
2024,MURREE,21
2024,RANIAL,1
2024,BANNI,2
2024,MURREE HILLS CANTT,8
2024,Dhaman Syedan,1
2024,JAND MEHLO,8
2024,Dhoke Mangtal,7
2024,DHOK ALI AKBAR,4
2024,KHANA DAK,5
2024,Waris Khan,4
2024,Dhoke Mangtal,5
2024,Dhaman Syedan,4
2024,Khurram Colony,4
2024,KAHUTA-I,6
2024,CHAK JALAL DIN,5
2024,Dhoke Mangtal,6
2024,LAKKHAN,6
2024,Dhaman Syedan,5
2024,Dhamial,5
2024,KOTHA KALAN,5
2024,Dhoke Mangtal,5
2024,Dhoke Mangtal,4
2024,BANNI,6
2024,Dhoke Mangtal,5
2024,Dhoke Mangtal,4
2024,DHOK ALI AKBAR,6
2024,Dhoke Mangtal,0
2024,KARTARPURA,2
2024,Gulistan Colony,5
2024,GHEELA KHURD,5
2024,RAWALPINDI CANTT-8,2
2024,LAKKHAN,4
2024,GHAZAN ABAD,8
2024,KARTARPURA,4
2024,Dhoke Mangtal,6
2024,GARHEE SIKANDAR,6
2024,BISHANDOT,5
2024,Dhamial,4
2024,LAKKHAN,5
2024,Dhamial,4
2024,Khurram Colony,5
2024,Dhoke Mangtal,7
2024,Gulistan Colony,5
2024,WAH CANTT-3,6
2024,SAHANG,7
2024,RANIAL,8
2024,Waris Khan,3
2024,MATWA,4
2024,Dhoke Mangtal,5
2024,Gulistan Colony,5
2024,Waris Khan,4
2024,Dhamial,3
2024,LAKKHAN,3
2024,KOTHA KALAN,4
2024,Dhamial,4
2024,Gulistan Colony,4
2024,Gulistan Colony,5
2024,DHOK ALI AKBAR,4
2024,PURANA QILLA,4
2024,RANIAL,2
2024,HOTHLA,6
2024,DHOK MUNSHI KHAN,4
2024,RAWALPINDI CANTT-9,4
2024,LAKKHAN,3
2024,Dhoke Mangtal,4
2024,Gulistan Colony,4
2024,Dhoke Mangtal,3
2024,RAWALPINDI CANTT-3,4
2024,CHAK JALAL DIN,4
2024,LAKKHAN,6
2024,Dhoke Mangtal,4
2024,KOTHA KALAN,5
2024,DHOK MUNSHI KHAN,4
2024,Khurram Colony,4
2024,RANIAL,5
2024,Dhamial,4
2024,Dhoke Mangtal,5
2024,Dhoke Mangtal,2
2024,KARTARPURA,7
2024,Dhaman Syedan,3
2024,Chakri,12
2024,Dhoke Mangtal,7
2024,SAGRI KALAN,5
2024,KOTHA KALAN,5
2024,GANJ MANDI,4
2024,LAKKHAN,9
2024,BANNI,7
2024,Jhanda Chichi,5
2024,KOTHA KALAN,5
2024,Dhamial,5
2024,CHAK JALAL DIN,6
2024,BANNI,6
2024,Dhamial,8
2024,Daultala,8
2024,Dhoke Mangtal,3
2024,BAJNIAL,8
2024,Dhoke Chiragh Din,8
2024,GARHEE SIKANDAR,9
2024,CHAK JALAL DIN,5
2024,Dhoke Mangtal,4
2024,Dhamial,4
2024,Dhamial,5
2024,BANNI,6
2024,DHOK MUNSHI KHAN,6
2024,Khurram Colony,6
2024,KOTHA KALAN,6
2024,Waris Khan,5
2024,CHAK JALAL DIN,6
2024,RANIAL,6
2024,Dhoke Mangtal,6
2024,DHOK MUNSHI KHAN,6
2024,Dhoke Mangtal,1
2024,Khurram Colony,7
2024,CHAK JALAL DIN,5
2024,LAKKHAN,1
2024,Dhamial,7
2024,DHOK ALI AKBAR,5
2024,LAKKHAN,7
2024,Dhamial,4
2024,LAKKHAN,6
2024,QAYYUMABAD,3
2024,Khurram Colony,2
2024,DHOK MUNSHI KHAN,4
2024,Khurram Colony,4
2024,Dhamial,3
2024,PANJGRAN KALAN,3
2024,Gulistan Colony,5
2024,Dhamial,7
2024,LAKKHAN,6
2024,Dhoke Mangtal,6
2024,KHANA DAK,6
2024,RANIAL,6
2024,Dhamial,5
2024,LAKKHAN,6
2024,Dhamial,6
2024,Dhoke Mangtal,4
2024,Waris Khan,5
2024,DHOK KALA KHAN,5
2024,LAKKHAN,4
2024,Dhamial,4
2024,Dhoke Mangtal,6
2024,DHOK MUNSHI KHAN,5
2024,WAH,6
2024,MUSLIM TOWN (WEST),5
2024,AMARPURA,1
2024,Dhamial,0
2024,Dhoke Mangtal,7
2024,Dhamial,5
2024,DHOK ALI AKBAR,4
2024,Dhaman Syedan,7
2024,Dhamial,6
2024,Dhamial,5
2024,Dhamial,7
2024,SAGRI KALAN,5
2024,LAKKHAN,4
2024,Dhamial,7
2024,MATOR,7
2024,Dhamial,5
2024,LAKKHAN,5
2024,Khurram Colony,5
2024,Dhamial,5
2024,KOTHA KALAN,6
2024,Dhoke Mangtal,5
2024,KOTHA KALAN,5
2024,KOTHA KALAN,4
2024,Dhoke Mangtal,4
2024,DHOK KHABBA,3
2024,AFANDI COLONY,5
2024,Dhoke Mangtal,5
2024,Dhamial,3
2024,RAWALPINDI CANTT-9,7
2024,Jhanda Chichi,7
2024,Dhoke Mangtal,4
2024,RANIAL,3
2024,Dhoke Mangtal,6
2024,CHAK JALAL DIN,3
2024,Dhoke Mangtal,5
2024,BANNI,6
2024,Dhoke Mangtal,3
2024,Khurram Colony,5
2024,KOTHA KALAN,4
2024,Dhamial,6
2024,Chhappar,3
2024,KALLAR SAYADDAN,6
2024,KARTARPURA,7
2024,Ratta Amral,7
2024,DAKHALI,3
2024,Dhoke Mangtal,4
2024,RAWALPINDI CANTT-9,4
2024,Dhoke Mangtal,4
2024,Dhamial,5
2024,DHOK MUNSHI KHAN,5
2024,Dhamial,5
2024,Dhoke Mangtal,5
2024,Dhoke Mangtal,8
2024,DHOK KHABBA,5
2024,Dhamial,5
2024,Waris Khan,6
2024,Dhamial,5
2024,LAKKHAN,5
2024,Dhoke Mangtal,6
2024,WAH CANTT-1,6
2024,Dhaman Syedan,6
2024,Dhamial,7
2024,Dhoke Mangtal,5
2024,LAKKHAN,6
2024,KOTHA KALAN,6
2024,AMARPURA,5
2024,Dhoke Mangtal,6
2024,LAKKHAN,1
2024,Dhoke Mangtal,5
2024,Waris Khan,1
2024,WAH CANTT-3,1
2024,Dhoke Mangtal,5
2024,RANIAL,6
2024,LAKKHAN,8
2024,RANIAL,4
2024,Chakri,6
2024,Dhoke Mangtal,3
2024,DHOK FARMAN ALI,3
2024,BANNI,4
2024,Dhamial,4
2024,CHAK JALAL DIN,6
2024,Dhoke Mangtal,3
2024,LAKKHAN,4
2024,LAKKHAN,4
2024,RANIAL,7
2024,Gulistan Colony,5
2024,Dhaman Syedan,5
2024,Dhoke Mangtal,7
2024,LAKKHAN,10
2024,DHOK ALI AKBAR,4
2024,Dhoke Mangtal,5
2024,Dhoke Mangtal,5
2024,Dhoke Mangtal,4
2024,Dhoke Mangtal,4
2024,Dhoke Mangtal,4
2024,CHAHAN,4
2024,Dhoke Mangtal,4
2024,Gulistan Colony,4
2024,Dhamial,5
2024,LAKKHAN,3
2024,Dhamial,4
2024,Dhoke Mangtal,5
2024,WAH,4
2024,KALLAR SAYADDAN,5
2024,KOTHA KALAN,4
2024,KHANA DAK,5
2024,Gulistan Colony,5
2024,CHAK JALAL DIN,4
2024,Dhaman Syedan,6
2024,BANNI,4
2024,LAKKHAN,5
2024,Dhamial,6
2024,RAWALPINDI CANTT-8,6
2024,Gulistan Colony,5
2024,KHURRAM COLONY,5
2024,RANIAL,5
2024,Dhamial,5
2024,Dhamial,5
2024,CHAH SULTAN,12
2024,BANNI,4
2024,Dhoke Mangtal,3
2024,KARTARPURA,3
2024,LAKKHAN,1
2024,Dhoke Mangtal,9
2024,Gulistan Colony,10
2024,Jhanda Chichi,5
2024,Dhoke Mangtal,4
2024,KHANA DAK,6
2024,Dhoke Mangtal,5
2024,Dhoke Mangtal,5
2024,TAKHT PARI,5
2024,Dhoke Mangtal,5
2024,CHAH SULTAN,5
2024,Dhaman Syedan,5
2024,Dhoke Mangtal,6
2024,DHOK HUKAM DAD,2
2024,Dhamial,2
2024,Jhanda Chichi,7
2024,CHAK JALAL DIN,1
2024,CHAK JALAL DIN,4
2024,Dhamial,6
2024,LAKKHAN,27
2024,AFANDI COLONY,3
2024,Dhoke Mangtal,2
2024,Dhamial,3
2024,LOHDRA,1
2024,KOTHA KALAN,6
2024,WAH CANTT-1,4
2024,Dhoke Mangtal,4
2024,RAWALPINDI CANTT-9,5
2024,BANNI,7
2024,Dhoke Mangtal,2
2024,CHAK JALAL DIN,8
2024,Dhoke Mangtal,8
2024,MORGAH,5
2024,RANIAL,6
2024,WAH CANTT-1,7
2024,RANIAL,6
2024,Dhoke Mangtal,7
2024,RAWALPINDI CANTT-8,6
2024,DHOK KHABBA,3
2024,Dhoke Mangtal,2
2024,Dhoke Mangtal,6
2024,DHOK ALI AKBAR,3
2024,LAKKHAN,5
2024,DHOK ALI AKBAR,5
2024,Gulistan Colony,5
2024,Dhoke Mangtal,5
2024,DHOK ALI AKBAR,4
2024,LAKKHAN,6
2024,BANNI,7
2024,LAKKHAN,3
2024,LAKKHAN,4
2024,RANIAL,4
2024,KARTARPURA,5
2024,SEHAL,4
2024,Dhoke Mangtal,4
2024,Jhanda Chichi,5
2024,BANNI,5
2024,Gulistan Colony,4
2024,BANNI,4
2024,Dhamial,5
2024,LAKKHAN,6
2024,Dhoke Mangtal,1
2024,Dhamial,6
2024,QAZIAN,9
2024,Dhoke Mangtal,6
2024,Dhamial,5
2024,BANNI,5
2024,Khurram Colony,5
2024,Gulistan Colony,5
2024,KHANA DAK,4
2024,KOTHA KALAN,4
2024,MOHANPURA,5
2024,KOTHA KALAN,5
2024,DHOK MUNSHI KHAN,5
2024,Dhoke Mangtal,7
2024,LAKKHAN,4
2024,MANYANDAH,3
2024,KOTHA KALAN,4
2024,CHAK JALAL DIN,5
2024,Dhamial,6
2024,LAKKHAN,6
2024,Adiala,5
2024,Gulistan Colony,2
2024,Dhamial,3
2024,Dhoke Mangtal,4
2024,KHANA DAK,3
2024,Chhappar,1
2024,Dhoke Mangtal,6
2024,LAKKHAN,5
2024,Dhamial,4
2024,TAKHT PARI,11
2024,GUF,3
2024,Dhoke Mangtal,4
2024,DAKHALI,6
2024,RANIAL,3
2024,Dhamial,6
2024,Dhamial,5
2024,DHOK KALA KHAN,6
2024,NARA,6
2024,Dhamial,4
2024,Dhoke Mangtal,6
2024,Gulistan Colony,6
2024,LAKKHAN,7
2024,KHANA DAK,7
2024,Khurram Colony,4
2024,Dhamial,7
2024,Waris Khan,4
2024,Dhamial,6
2024,Dhamial,4
2024,Dhoke Mangtal,5
2024,DHOK MUNSHI KHAN,7
2024,Dhoke Mangtal,4
2024,LAKKHAN,5
2024,Gulistan Colony,5
2024,BISHANDOT,4
2024,Dhamial,5
2024,Dhoke Mangtal,5
2024,Dhoke Mangtal,6
2024,CHAK JALAL DIN,6
2024,LAKKHAN,4
2024,Dhoke Mangtal,8
2024,PARIAL,8
2024,Dhamial,4
2024,DHOK MUNSHI KHAN,8
2024,Dhaman Syedan,4
2024,DHOK BABU IRFAN,4
2024,Khurram Colony,4
2024,RAWALPINDI CANTT-9,7
2024,KARTARPURA,4
2024,Khurram Colony,7
2024,Dhoke Mangtal,5
2024,LAKKHAN,4
2024,CHAK JALAL DIN,1
2024,GANJ MANDI,3
2024,DHOK MUNSHI KHAN,5
2024,KOTHA KALAN,4
2024,Dhoke Mangtal,1
2024,Dhoke Mangtal,4
2024,Dhoke Mangtal,5
2024,LOHDRA,6
2024,LOHDRA,6
2024,KOTHA KALAN,4
2024,Dhoke Mangtal,4
2024,DHOK MUNSHI KHAN,4
2024,KOTHA KALAN,4
2024,LAKKHAN,5
2024,Dhamial,4
2024,LAKKHAN,4
2024,BASALI,5
2024,RANIAL,4
2024,Adiala,4
2024,Dhoke Mangtal,5
2024,KAHUTA-II,6
2024,GHEELA KHURD,4
2024,GARHEE SIKANDAR,5
2024,Dhoke Mangtal,9
2024,Khurram Colony,2
2024,Dhamial,6
2024,Dhaman Syedan,2
2024,Dhamial,4
2024,Dhamial,4
2024,Dhamial,4
2024,WAHGAL,3
2024,LAKKHAN,6
2024,CHAK JALAL DIN,3
2024,Dhamial,5
2024,RANIAL,4
2024,CHAK JALAL DIN,4
2024,LAKKHAN,8
2024,TAKHT PARI,6
2024,MATOR,1
2024,DHOK BABU IRFAN,9
2024,Dhoke Mangtal,5
2024,Gulistan Colony,5
2024,GHEELA KHURD,8
2024,Dhamial,7
2024,Dhoke Mangtal,5
2024,Dhoke Mangtal,3
2024,Dhoke Mangtal,7
2024,Dhoke Mangtal,6
2024,DHOK ALI AKBAR,7
2024,Waris Khan,3
2024,Dhaman Syedan,7
2024,DHOK MUNSHI KHAN,6
2024,MORGAH,6
2024,LAKKHAN,9
2024,LAKKHAN,2
2024,ASGHAR MALL SCHEME,5
2024,DHOK MUNSHI KHAN,6
2024,DHOK FARMAN ALI,4
2024,KOTHA KALAN,7
2024,Dhoke Mangtal,6
2024,LAKKHAN,5
2024,Dhoke Mangtal,7
2024,Dhamial,7
2024,RANIAL,6
2024,BANNI,4
2024,Waris Khan,6
2024,KURI DULAL,5
2024,BANNI,6
2024,DHOK ALI AKBAR,4
2024,Dhoke Mangtal,5
2024,BANDA,7
2024,Dhamial,8
2024,Dhoke Mangtal,3
2024,Dhoke Mangtal,3
2024,GARHEE SIKANDAR,4
2024,Dhoke Mangtal,4
2024,RAWALPINDI CANTT-8,4
2024,DHOK BABU IRFAN,5
2024,Dhoke Mangtal,5
2024,Dhamial,4
2024,Dhoke Mangtal,6
2024,Dhoke Mangtal,7
2024,LAKKHAN,6
2024,Dhamial,5
2024,CHAK JALAL DIN,8
2024,Dhoke Mangtal,8
2024,KOTHA KALAN,4
2024,Dhamial,4
2024,DHOK FARMAN ALI,6
2024,DHOK KHABBA,5
2024,Khurram Colony,1
2024,Dhoke Mangtal,6
2024,GHORA GALI,6
2024,Khurram Colony,6
2024,Dhoke Mangtal,7
2024,CHAH SULTAN,4
2024,BANNI,4
2024,CHAK JALAL DIN,5
2024,Waris Khan,7
2024,CHAK JALAL DIN,5
2024,HOTHLA,5
2024,Dhamial,6
2024,Dhoke Mangtal,4
2024,CHAK JALAL DIN,6
2024,Dhoke Mangtal,8
2024,WAH,5
2024,Dhoke Mangtal,6
2024,KOTHA KALAN,1
2024,GHEELA KHURD,7
2024,Dhoke Mangtal,6
2024,Dhoke Mangtal,6
2024,DHOK DALAL,5
2024,Dhoke Mangtal,7
2024,Jhanda Chichi,7
2024,Dhamial,6
2024,Dhoke Mangtal,7
2024,Dhoke Mangtal,3
2024,Dhamial,6
2024,Dhoke Mangtal,1
2024,SHAH CHAN CHARAGH,2
2024,Gulistan Colony,5
2024,Dhoke Mangtal,3
2024,DHOK ALI AKBAR,4
2024,GHEELA KHURD,4
2024,Dhamial,2
2024,Dhamial,3
2024,RANIAL,4
2024,Dhamial,3
2024,DHOK ALI AKBAR,6
2024,Dhoke Mangtal,2
2024,Gulistan Colony,2
2024,CHAK JALAL DIN,5
2024,LAKKHAN,3
2024,Dhamial,7
2024,DHOK ALI AKBAR,4
2024,Khurram Colony,4
2024,Dhamial,7
2024,DHOK ALI AKBAR,5
2024,Gulistan Colony,6
2024,Dhamial,5
2024,Jhanda Chichi,7
2024,Dhoke Mangtal,7
2024,SANTHA SAROOLA,7
2024,ASGHAR MALL SCHEME,2
2024,DHOK ALI AKBAR,6
2024,Dhaman Syedan,4
2024,CHAK BELI KHAN,7
2024,MUSLIM TOWN (WEST),5
2024,Dhoke Mangtal,2
2024,Dhoke Mangtal,5
2024,CHAK JALAL DIN,2
2024,Dhoke Mangtal,3
2024,CHAK JALAL DIN,3
2024,LAKKHAN,5
2024,BANNI,0
2024,CHAK JALAL DIN,2
2024,Adiala,4
2024,DHOK KHABBA,7
2024,Dhoke Mangtal,5
2024,SAKOT,5
2024,Dhamial,4
2024,Dhamial,4
2024,Dhoke Mangtal,4
2024,Gulistan Colony,6
2024,SUKHO,7
2024,Kolian Hamid,5
2024,CHAK JALAL DIN,5
2024,Dhoke Mangtal,5
2024,Dhamial,6
2024,DHOK DALAL,3
2024,Jhanda Chichi,6
2024,Dhamial,5
2024,BANNI,7
2024,LAKKHAN,5
2024,BANNI,5
2024,KOTHA KALAN,6
2024,KOTHA KALAN,6
2024,LAKKHAN,8
2024,LAKKHAN,5
2024,LAKKHAN,6
2024,RANIAL,6
2024,GHEELA KHURD,7
2024,Purana Qila,4
2024,BANNI,8
2024,CHAK JALAL DIN,7
2024,Dhamial,1
2024,LAKKHAN,6
2024,GHEELA KHURD,11
2024,Dhoke Mangtal,9
2024,Dhamial,6
2024,BANNI,9
2024,MORGAH,3
2024,Dhoke Mangtal,5
2024,Dhaman Syedan,17
2024,GARHEE SIKANDAR,7
2024,CHAK JALAL DIN,4
2024,Dhoke Mangtal,5
2024,KARTARPURA,8
2024,Dhoke Mangtal,5
2024,MAWARA,5
2024,LAKKHAN,4
2024,Dhoke Mangtal,6
2024,Dhoke Mangtal,0
2024,Khurram Colony,4
2024,GHEELA KHURD,7
2024,CHAK JALAL DIN,6
2024,BANNI,6
2024,WAH,4
2024,Gawal Mandi,7
2024,Dhoke Mangtal,3
2024,Khurram Colony,3
2024,RAWALPINDI CANTT-9,5
2024,Dhamial,6
2024,Dhoke Mangtal,2
2024,Dhoke Mangtal,2
2024,BAGGA SHEIKHAN,6
2024,DHOK MUNSHI KHAN,6
2024,BANGISH COLONY,3
2024,Dhoke Mangtal,6
2024,Dhoke Mangtal,9
2024,Dhoke Mangtal,5
2024,Dhamial,8
2024,Dhoke Mangtal,8
2024,Dhamial,8
2024,KOTHA KALAN,7
2024,Chakri,4
2024,KOTHA KALAN,3
2024,KAHUTA-I,6
2024,BANNI,3
2024,Purana Qila,6
2024,LAKKHAN,3
2024,BAGGA SHEIKHAN,6
2024,RANIAL,6
2024,LAKKHAN,6
2024,Dhamial,6
2024,Dhaman Syedan,6
2024,CHAK JALAL DIN,6
2024,Dhoke Mangtal,6
2024,LAKKHAN,6
2024,Gulistan Colony,3
2024,LAKKHAN,2
2024,Dhoke Mangtal,2
2024,LOHDRA,5
2024,GHEELA KHURD,5
2024,Khurram Colony,6
2024,Dhoke Mangtal,7
2024,Dhoke Mangtal,5
2024,Dhoke Mangtal,8
2024,KOTHA KALAN,5
2024,Dhamial,7
2024,LAKKHAN,5
2024,Gulistan Colony,4
2024,Dhaman Syedan,5
2024,CHAK JALAL DIN,6
2024,Dhaman Syedan,6
2024,Dhamial,8
2024,WAH CANTT-1,7
2024,CHAK JALAL DIN,5
2024,CHAK JALAL DIN,4
2024,Dhoke Mangtal,4
2024,Dhoke Mangtal,8
2024,GHAZAN ABAD,7
2024,Dhoke Mangtal,5
2024,Dhoke Mangtal,6
2024,LAKKHAN,8
2024,Dhaman Syedan,4
2024,Khurram Colony,5
2024,Dhamial,3
2024,RAWALPINDI CANTT-9,8
2024,SHAH CHAN CHARAGH,3
2024,Waris Khan,5
2024,Dhamial,6
2024,Gulistan Colony,2
2024,KHANA DAK,4
2024,Dhoke Mangtal,5
2024,Dhamial,5
2024,Dhamial,5
2024,DHOK MUNSHI KHAN,5
2024,Dhoke Mangtal,5
2024,DHOK FARMAN ALI,5
2024,KAHUTA-I,4
2024,Dhoke Mangtal,6
2024,Dhoke Mangtal,5
2024,Dhoke Mangtal,6
2024,Dhoke Mangtal,4
2024,Dhamial,1
2024,Dhamial,8
2024,Dhoke Mangtal,6
2024,DHOK MUNSHI KHAN,6
2024,GHEELA KHURD,6
2024,Dhamial,1
2024,Dhoke Mangtal,8
2024,KOTHA KALAN,6
2024,Dhoke Mangtal,3
2024,BISHANDOT,5
2024,BASALI,4
2024,DHOK FARMAN ALI,6
2024,Dhaman Syedan,7
2024,RANIAL,5
2024,Gulistan Colony,6
2024,Dhamial,5
2024,RANIAL,5
2024,KOTHA KALAN,5
2024,RANIAL,6
2024,Dhoke Mangtal,5
2024,KOTHA KALAN,6
2024,LAKKHAN,7
2024,Dhoke Mangtal,5
2024,Dhamial,5
2024,Dhaman Syedan,5
2024,KHANA DAK,5
2024,LAKKHAN,5
2024,LAKKHAN,4
2024,LAKKHAN,5
2024,BAGGA SHEIKHAN,5
2024,Purana Qila,4
2024,Dhoke Mangtal,6
2024,Waris Khan,6
2024,LAKKHAN,5
2024,DAKHALI,5
2024,DHOK ALI AKBAR,3
2024,Dhoke Mangtal,3
2024,WAH CANTT-1,3
2024,Dhoke Mangtal,4
2024,Jhanda Chichi,4
2024,Dhoke Mangtal,6
2024,LAKKHAN,5
2024,KHANA DAK,3
2024,Dhaman Syedan,6
2024,ASGHAR MALL SCHEME,6
2024,Mohan Pura,5
2024,Dhamial,8
2024,Gulistan Colony,7
2024,LAKKHAN,6
2024,BANNI,6
2024,CHAK JALAL DIN,5
2024,Dhoke Mangtal,6
2024,Dhamial,7
2024,Dhamial,6
2024,Dhaman Syedan,3
2024,Gulistan Colony,6
2024,Dhoke Mangtal,4
2024,RANIAL,5
2024,SAGRI KALAN,5
2024,Dhoke Mangtal,3
2024,Dhoke Mangtal,5
2024,RANIAL,5
2024,KOTHA KALAN,4
2024,LAKKHAN,5
2024,Dhoke Mangtal,5
2024,KOTHA KALAN,5
2024,LAKKHAN,5
2024,BANNI,5
2024,Dhamial,5
2024,Dhoke Mangtal,9
2024,Dhoke Mangtal,4
2024,RANIAL,1
2024,KOTHA KALAN,8
2024,Dhoke Mangtal,8
2024,Dhoke Mangtal,9
2024,RANIAL,1
2024,Dhoke Mangtal,6
2024,WAH,4
2024,KOTHA KALAN,5
2024,Dhamial,4
2024,GHEELA KHURD,4
2024,CHAK JALAL DIN,7
2024,Gulistan Colony,5
2024,Dhoke Mangtal,5
2024,DHOK ALI AKBAR,3
2024,MOHANPURA,5
2024,Dhoke Mangtal,3
2024,Dhoke Mangtal,4
2024,Dhaman Syedan,4
2024,RANIAL,7
2024,Khurram Colony,7
2024,LAKKHAN,5
2024,BANNI,5
2024,GHEL,5
2024,Dhamial,5
2024,THATHA KHALIL,5
2024,Dhoke Mangtal,4
2024,DHOK ALI AKBAR,2
2024,GARHEE SIKANDAR,5
2024,DHOK ALI AKBAR,5
2024,Dhamial,9
2024,Dhamial,6
2024,LAKKHAN,5
2024,KHANA DAK,5
2024,Dhoke Mangtal,5
2024,Dhoke Mangtal,5
2024,LAKKHAN,6
2024,Dhamial,7
2024,Gulistan Colony,7
2024,MORGAH,4
2024,BANNI,4
2024,Dhamial,5
2024,Dhamial,6
2024,Dhoke Mangtal,6
2024,BANNI,4
2024,Khurram Colony,6
2024,Dhoke Mangtal,6
2024,Dhaman Syedan,7
2024,Dhoke Mangtal,4
2024,Dhamial,6
2024,Dhoke Mangtal,5
2024,BANNI,2
2024,RANIAL,3
2024,Dhamial,3
2024,Gulistan Colony,4
2024,KHANA DAK,6
2024,Dhoke Mangtal,7
2024,RANIAL,6
2024,LAKKHAN,8
2024,Dhoke Mangtal,6
2024,CHAK JALAL DIN,6
2024,Dhoke Mangtal,6
2024,LAKKHAN,6
2024,Gulistan Colony,6
2024,LAKKHAN,3
2024,Dhamial,7
2024,Dhoke Mangtal,5
2024,LAKKHAN,9
2024,Dhamial,4
2024,Dhoke Mangtal,4
2024,Dhoke Mangtal,6
2024,KHANA DAK,7
2024,DARKLI MAMOORI,7
2024,Khurram Colony,4
2024,Dhamial,5
2024,Dhoke Mangtal,6
2024,LOHDRA,5
2024,RANIAL,5
2024,GARHEE SIKANDAR,8
2024,LAKKHAN,6
2024,LAKKHAN,5
2024,Dhoke Mangtal,5
2024,KOTHA KALAN,5
2024,SUI CHEEMIAN,4
2024,KANOHA,5
2024,Gulistan Colony,6
2024,LAKKHAN,6
2024,Dhoke Mangtal,7
2024,KAHUTA-I,6
2024,Chhappar,8
2024,CHAK JALAL DIN,5
2024,Dhamial,5
2024,BANNI,6
2024,DARKLI MAMOORI,5
2024,Dhoke Mangtal,5
2024,Dhamial,5
2024,Dhaman Syedan,1
2024,DHOK ALI AKBAR,4
2024,Dhoke Mangtal,6
2024,GHAZAN ABAD,2
2024,CHAK JALAL DIN,7
2024,Dhoke Mangtal,5
2024,KHANA DAK,5
2024,BANNI,6
2024,BANNI,5
2024,Dhoke Mangtal,5
2024,DHOK ALI AKBAR,5
2024,Dhoke Mangtal,5
2024,Dhoke Mangtal,0
2024,Dhamial,2
2024,DHOK KALA KHAN,1
2024,BANNI,3
2024,Dhoke Mangtal,3
2024,KOTHA KALAN,3
2024,Dhaman Syedan,8
2024,Dhoke Mangtal,5
2024,Gulistan Colony,3
2024,Dhoke Mangtal,6
2024,LAKKHAN,7
2024,Dhoke Mangtal,2
2024,LAKKHAN,4
2024,LAKKHAN,3
2024,LAKKHAN,4
2024,Dhoke Mangtal,5
2024,LAKKHAN,7
2024,Dhoke Mangtal,4
2024,Dhaman Syedan,2
2024,GHEELA KHURD,5
2024,Dhamial,6
2024,Dhamial,7
2024,Dhoke Mangtal,5
2024,LAKKHAN,6
2024,Dhamial,6
2024,Gawal Mandi,8
2024,Khurram Colony,6
2024,KAHUTA-I,5
2024,Dhamial,4
2024,LAKKHAN,5
2024,Dhoke Mangtal,3
2024,DHOK MUNSHI KHAN,4
2024,Dhoke Mangtal,3
2024,Dhamial,6
2024,KOTHA KALAN,5
2024,KAHUTA-I,6
2024,Dhamial,5
2024,KOTHA KALAN,5
2024,Dhamial,5
2024,Gulistan Colony,7
2024,DHOK MUNSHI KHAN,10
2024,Dhoke Mangtal,6
2024,Dhoke Chiragh Din,2
2024,Dhoke Mangtal,6
2024,Gulistan Colony,4
2024,Dhamial,6
2024,Dhaman Syedan,0
2024,Jhanda Chichi,5
2024,Dhamial,4
2024,Dhoke Mangtal,8
2024,CHAK JALAL DIN,6
2024,KOTHA KALAN,4
2024,Dhoke Mangtal,11
2024,KOTHA KALAN,7
2024,LAKKHAN,4
2024,DHOK KHABBA,6
2024,LOHDRA,5
2024,Dhoke Mangtal,5
2024,DHOK BABU IRFAN,8
2024,Gulistan Colony,6
2024,Dhoke Mangtal,7
2024,LOHDRA,8
2024,GHEELA KHURD,4
2024,KOTHA KALAN,8
2024,Dhamial,6
2024,LAKKHAN,4
2024,Dhoke Mangtal,5
2024,Waris Khan,5
2024,LAKKHAN,5
2024,Dhamial,8
2024,BISHANDOT,9
2024,Dhaman Syedan,5
2024,GHEELA KHURD,7
2024,RAWALPINDI CANTT-9,6
2024,Dhoke Mangtal,6
2024,TAKHT PARI,3
2024,DHOK DALAL,5
2024,Dhoke Mangtal,15
2024,Dhamial,4
2024,LAKKHAN,4
2024,Dhamial,4
2024,BANNI,5
2024,CHAK JALAL DIN,4
2024,Dhamial,5
2024,KHANA DAK,4
2024,Dhoke Mangtal,5
2024,CHAK JALAL DIN,5
2024,Dhamial,5
2024,DARKLI MAMOORI,7
2024,CHAK JALAL DIN,5
2024,Chauntra,5
2024,Jhanda Chichi,1
2024,DHOK DALAL,6
2024,Dhoke Mangtal,5
2024,Gulistan Colony,4
2024,Gulistan Colony,0
2024,DHOK ALI AKBAR,5
2024,LAKKHAN,5
2024,LAKKHAN,2
2024,BASALI,2
2024,Gulistan Colony,14
2024,Dhoke Mangtal,5
2024,DHOK ALI AKBAR,10
2024,Dhoke Mangtal,6
2024,WAH,6
2024,LAKKHAN,3
2024,Gulistan Colony,3
2024,Dhoke Mangtal,5
2024,CHAH SULTAN,18
2024,LAKKHAN,5
2024,Dhoke Chiragh Din,4
2024,Dhoke Mangtal,7
2024,Dhamial,4
2024,Dhamial,4
2024,KOTHA KALAN,5
2024,Dhamial,5
2024,KOTHA KALAN,2
2024,LAKKHAN,4
2024,Gulistan Colony,5
2024,CHAK JALAL DIN,5
2024,Dhoke Mangtal,6
2024,RANIAL,7
2024,DHOK KALA KHAN,4
2024,LAKKHAN,6
2024,LOHDRA,5
2024,Khurram Colony,5
2024,Dhoke Mangtal,5
2024,DHOK KALA KHAN,6
2024,ASGHAR MALL SCHEME,8
2024,Dhamial,8
2024,CHAK JALAL DIN,3
2024,Dhamial,10
2024,Dhamial,4
2024,Gulistan Colony,6
2024,Dhoke Mangtal,10
2024,MILLAT COLONY,18
2024,Dhamial,7
2024,Dhoke Mangtal,4
2024,Dhamial,4
2024,Dhoke Mangtal,6
2024,Dhoke Mangtal,6
2024,RANIAL,3
2024,Dhaman Syedan,4
2024,BANNI,4
2024,Dhoke Mangtal,4
2024,Dhoke Mangtal,5
2024,KANOHA,6
2024,Dhoke Mangtal,5
2024,Dhoke Mangtal,5
2024,Dhoke Mangtal,4
2024,Dhamial,4
2024,RANIAL,6
2024,PURANA QILLA,4
2024,TAKHT PARI,5
2024,QAYYUMABAD,4
2024,KOTHA KALAN,5
2024,Dhoke Mangtal,6
2024,Dhoke Mangtal,5
2024,Dhamial,5
2024,Gulistan Colony,6
2024,Dhamial,6
2024,Dhaman Syedan,4
2024,CHAK JALAL DIN,5
2024,CHAK JALAL DIN,4
2024,Dhamial,5
2024,Gawal Mandi,5
2024,LOHDRA,6
2024,KOTHA KALAN,4
2024,LAKKHAN,5
2024,CHAK JALAL DIN,4
2024,Dhamial,5
2024,Dhamial,5
2024,Dhamial,5
2024,LAKKHAN,1
2024,Dhaman Syedan,5
2024,BANNI,5
2024,CHAK JALAL DIN,5
2024,LAKKHAN,5
2024,DHOK ALI AKBAR,4
2024,LOHDRA,1
2024,Dhamial,5
2024,Dhoke Mangtal,5
2024,Dhamial,4
2024,LAKKHAN,5
2024,BANNI,5
2024,RANIAL,6
2024,LAKKHAN,5
2024,Dhamial,5
2024,CHAK JALAL DIN,0
2024,Dhamial,7
2024,Dhamial,2
2024,LAKKHAN,4
2024,Dhamial,5
2024,BAJNIAL,4
2024,Jhanda Chichi,1
2024,Jhanda Chichi,1
2024,WAH,6
2024,Dhamial,6
2024,LAKKHAN,4
2024,KOTHA KALAN,3
2024,KOTHA KALAN,6
2024,Dhoke Mangtal,5
2024,Dhoke Mangtal,6
2024,Dhoke Mangtal,5
2024,NARA,5
2024,AFANDI COLONY,8
2024,KOTHA KALAN,6
2024,Dhoke Mangtal,5
2024,RAWALPINDI CANTT-9,3
2024,LAKKHAN,6
2024,Dhoke Mangtal,7
2024,RAWALPINDI CANTT-2,3
2024,DHOK MUNSHI KHAN,3
2024,Dhoke Mangtal,5
2024,LAKKHAN,5
2024,QAZIAN,3
2024,RAWALPINDI CANTT-2,5
2024,Dhamial,5
2024,Jhanda Chichi,6
2024,Dhoke Mangtal,5
2024,Dhamial,6
2024,CHAK JALAL DIN,6
2024,CHAK JALAL DIN,4
2024,Jhanda Chichi,6
2024,KOTHA KALAN,6
2024,CHAK JALAL DIN,6
2024,Dhoke Mangtal,8
2024,LAKKHAN,5
2024,Khurram Colony,4
2024,Dhoke Mangtal,8
2024,Dhamial,5
2024,Dhoke Mangtal,3
2024,KOTHA KALAN,18
2024,Dhamial,5
2024,Gulistan Colony,7
2024,Dhamial,4
2024,Dhaman Syedan,7
2024,CHAK JALAL DIN,7
2024,Dhamial,4
2024,DHOK MUNSHI KHAN,15
2024,DHOK MUNSHI KHAN,4
2024,MORGAH,6
2024,Khurram Colony,4
2024,Dhoke Mangtal,4
2024,Dhoke Mangtal,5
2024,Dhoke Mangtal,5
2024,CHAK JALAL DIN,6
2024,Khurram Colony,3
2024,RANIAL,5
2024,Dhamial,4
2024,Dhoke Mangtal,4
2024,Dhoke Mangtal,5
2024,CHAK JALAL DIN,5
2024,Dhoke Mangtal,3
2024,Dhoke Mangtal,3
2024,KOTHA KALAN,5
2024,Dhamial,4
2024,Dhamial,3
2024,Dhoke Mangtal,5
2024,Dhoke Mangtal,5
2024,Dhamial,4
2024,Dhamial,5
2024,Dhoke Mangtal,4
2024,Dhoke Mangtal,9
2024,Dhoke Mangtal,5
2024,KOTHA KALAN,6
2024,Gulistan Colony,6
2024,Dhamial,5
2024,Dhamial,6
2024,LAKKHAN,5
2024,Chhappar,7
2024,LAKKHAN,5
2024,CHAK JALAL DIN,5
2024,DHOK FARMAN ALI,5
2024,LAKKHAN,5
2024,Khurram Colony,7
2024,LAKKHAN,4
2024,Gulistan Colony,4
2024,CHAK JALAL DIN,4
2024,Dhoke Mangtal,5
2024,LAKKHAN,4
2024,Dhoke Mangtal,4
2024,Dhoke Chiragh Din,5
2024,SEHAL,5
2024,LAKKHAN,6
2024,CHAK JALAL DIN,5
2024,Dhoke Mangtal,5
2024,DARKLI MAMOORI,6
2024,Jhanda Chichi,1
2024,ASGHAR MALL SCHEME,7
2024,Dhoke Mangtal,5
2024,AFANDI COLONY,6
2024,KOTHA KALAN,4
2024,Dhoke Mangtal,4
2024,KOTHA KALAN,5
2024,LAKKHAN,7
2024,Dhoke Mangtal,6
2024,Dhoke Mangtal,5
2024,Dhoke Mangtal,5
2024,CHAK JALAL DIN,6
2024,Dhoke Mangtal,3
2024,Dhoke Mangtal,3
2024,Dhoke Mangtal,3
2024,KHURAM PARACHA,7
2024,RANIAL,3
2024,LAKKHAN,2
2024,Dhaman Syedan,4
2024,Dhamial,6
2024,Dhoke Mangtal,6
2024,RANIAL,5
2024,Dhoke Mangtal,2
2024,CHAK JALAL DIN,4
2024,Dhoke Mangtal,4
2024,LAKKHAN,0
2024,Dhaman Syedan,3
2024,KOTHA KALAN,3
2024,LAKKHAN,5
2024,Dhamial,6
2024,Dhamial,4
2024,LAKKHAN,4
2024,Dhamial,5
2024,CHAK JALAL DIN,5
2024,RANIAL,8
2024,Dhoke Mangtal,3
2024,Dhamial,2
2024,Mohan Pura,2
2024,DHOK FARMAN ALI,3
2024,GHEELA KHURD,4
2024,Dhamial,7
2024,GARHEE SIKANDAR,5
2024,Khurram Colony,3
2024,Dhamial,3
2024,Dhoke Mangtal,4
2024,Dhamial,5
2024,Dhoke Mangtal,5
2024,Dhamial,6
2024,CHAK JALAL DIN,7
2024,Dhoke Mangtal,5
2024,Dhoke Mangtal,3
2024,LAKKHAN,7
2024,RANIAL,8
2024,Khurram Colony,5
2024,LOHDRA,5
2024,Dhamial,5
2024,LAKKHAN,5
2024,CHAK JALAL DIN,5
2024,CHAK JALAL DIN,7
2024,BANNI,6
2024,Dhaman Syedan,6
2024,Dhoke Mangtal,3
2024,KOTHA KALAN,5
2024,Dhoke Mangtal,6
2024,LAKKHAN,32
2024,Dhaman Syedan,8
2024,Dhoke Mangtal,5
2024,LAKKHAN,6
2024,Dhoke Mangtal,6
2024,DHOK DALAL,4
2024,BEWAL,5
2024,RANIAL,6
2024,RAWALPINDI CANTT-9,3
2024,LAKKHAN,2
2024,Dhoke Mangtal,6
2024,Dhamial,5
2024,Dhamial,6
2024,Dhoke Mangtal,5
2024,LAKKHAN,5
2024,Waris Khan,5
2024,CHAK JALAL DIN,7
2024,Dhoke Mangtal,5
2024,GANJ MANDI,3
2024,Dhamial,4
2024,Gulistan Colony,5
2024,Dhoke Mangtal,6
2024,CHAK JALAL DIN,6
2024,KOTHA KALAN,6
2024,Dhamial,6
2024,SAGRI KALAN,5
2024,DHOK MUNSHI KHAN,6
2024,Dhoke Mangtal,5
2024,DHOK FARMAN ALI,8
2024,LAKKHAN,8
2024,DHOK ALI AKBAR,3
2024,DHOK ALI AKBAR,3
2024,Dhoke Mangtal,5
2024,Dhoke Mangtal,5
2024,Dhoke Mangtal,6
2024,KOTHA KALAN,6
2024,Dhaman Syedan,7
2024,KOTHA KALAN,4
2024,Dhoke Mangtal,6
2024,107 UC,3
2024,Dhoke Mangtal,7
2024,RANIAL,4
2024,Dhaman Syedan,6
2024,LAKKHAN,4
2024,Dhoke Mangtal,4
2024,GARHEE SIKANDAR,7
2024,WAH,8
2024,Dhaman Syedan,4
2024,Dhoke Mangtal,6
2024,CHAK JALAL DIN,6
2024,CHAK JALAL DIN,5
2024,Dhoke Mangtal,4
2024,Khurram Colony,4
2024,Dhamial,4
2024,Dhoke Mangtal,5
2024,Dhoke Mangtal,6
2024,Dhoke Mangtal,4
2024,Dhamial,5
2024,Dhamial,6
2024,Dhamial,4
2024,RANIAL,5
2024,TAKHT PARI,7
2024,Gulistan Colony,5
2024,Gulistan Colony,7
2024,KOTHA KALAN,4
2024,Dhoke Mangtal,5
2024,Dhoke Chiragh Din,5
2024,CHAK JALAL DIN,5
2024,LAKKHAN,5
2024,Gulistan Colony,5
2024,Dhamial,5
2024,Gulistan Colony,5
2024,BANNI,4
2024,RAWALPINDI CANTT-3,1
2024,DARKLI MAMOORI,5
2024,Dhoke Mangtal,7
2024,Dhoke Mangtal,5
2024,LAKKHAN,6
2024,DAKHALI,8
2024,Dhoke Mangtal,6
2024,DARKLI MAMOORI,5
2024,Dhoke Mangtal,7
2024,KALLAR SAYADDAN,6
2024,Dhaman Syedan,5
2024,Dhoke Mangtal,6
2024,BANNI,7
2024,RANIAL,5
2024,LAKKHAN,7
2024,LAKKHAN,6
2024,LAKKHAN,7
2024,Dhoke Mangtal,4
2024,MILLAT COLONY,5
2024,Dhaman Syedan,6
2024,LAKKHAN,5
2024,Gulistan Colony,4
2024,RANIAL,5
2024,KURI DULAL,3
2024,CITY-46,3
2024,Dhoke Mangtal,6
2024,Dhamial,4
2024,Dhamial,4
2024,Dhamial,3
2024,Dhamial,5
2024,LAKKHAN,4
2024,RANIAL,3
2024,Dhaman Syedan,6
2024,BANNI,5
2024,Dhamial,4
2024,Dhamial,6
2024,BANNI,4
2024,Gulistan Colony,6
2024,BAGGA SHEIKHAN,6
2024,LAKKHAN,3
2024,Gulistan Colony,5
2024,Adiala,7
2024,Dhoke Mangtal,6
2024,CHAK JALAL DIN,7
2024,Dhoke Mangtal,4
2024,CHAK JALAL DIN,7
2024,KOTHA KALAN,6
2024,KAHUTA-I,6
2024,Dhoke Mangtal,8
2024,Dhamial,5
2024,DHOK MUNSHI KHAN,5
2024,KHURAM PARACHA,4
2024,KOTHA KALAN,6
2024,KOTHA KALAN,2
2024,LAKKHAN,6
2024,CHAK JALAL DIN,5
2024,KHANA DAK,5
2024,Dhaman Syedan,7
2024,DHOK MUNSHI KHAN,4
2024,Dhoke Mangtal,7
2024,DHOK ALI AKBAR,7
2024,KOTHA KALAN,7
2024,Khurram Colony,5
2024,GANGAL,5
2024,LAKKHAN,5
2024,THATHA KHALIL,7
2024,LAKKHAN,4
2024,GANGAL,5
2024,KOTHA KALAN,5
2024,KOTHA KALAN,5
2024,Khurram Colony,5
2024,KOTHA KALAN,5
2024,KOTHA KALAN,5
2024,Dhoke Mangtal,5
2024,Dhamial,5
2024,DHOK ALI AKBAR,5
2024,GHAZAN ABAD,4
2024,Waris Khan,5
2024,DHOK MUNSHI KHAN,7
2024,SAKOT,8
2024,Dhamial,7
2024,Dhamial,4
2024,SAKOT,5
2024,KOTHA KALAN,5
2024,Dhoke Mangtal,6
2024,Dhaman Syedan,5
2024,Dhoke Mangtal,0
2024,Gulistan Colony,6
2024,WAH,6
2024,Gulistan Colony,5
2024,Dhamial,8
2024,GHEELA KHURD,5
2024,Dhaman Syedan,4
2024,RAWALPINDI CANTT-9,5
2024,Dhoke Mangtal,4
2024,Dhoke Mangtal,4
2024,Dhamial,4
2024,Dhoke Mangtal,2
2024,Dhoke Mangtal,6
2024,Dhoke Mangtal,5
2024,Dhamial,5
2024,LAKKHAN,4
2024,RANIAL,4
2024,QAYYUMABAD,3
2024,Dhamial,6
2024,Dhoke Mangtal,5
2024,BAGGA SHEIKHAN,9
2024,Dhamial,4
2024,Dhaman Syedan,6
2024,Dhoke Mangtal,6
2024,Dhaman Syedan,5
2024,LAKKHAN,6
2024,Dhamial,6
2024,Dhoke Mangtal,6
2024,Dhoke Mangtal,5
2024,MOHANPURA,2
2024,Waris Khan,6
2024,Dhamial,5
2024,RANIAL,6
2024,KOTHA KALAN,6
2024,KAHUTA-I,6
2024,Gulistan Colony,7
2024,Khurram Colony,4
2024,Dhoke Mangtal,5
2024,ANGOORI,5
2024,Gulistan Colony,9
2024,DHOK HUKAM DAD,4
2024,Dhoke Mangtal,4
2024,Dhoke Mangtal,6
2024,LAKKHAN,5
2024,LAKKHAN,6
2024,LAKKHAN,3
2024,AFANDI COLONY,8
2024,CHAK JALAL DIN,5
2024,Dhoke Mangtal,9
2024,Dhamial,4
2024,Dhoke Mangtal,3
2024,CHAK JALAL DIN,4
2024,KARTARPURA,3
2024,Dhoke Mangtal,5
2024,Dhaman Syedan,7
2024,Jhanda Chichi,4
2024,CHAK JALAL DIN,4
2024,MATWA,9
2024,Dhoke Chiragh Din,5
2024,RAWALPINDI CANTT-9,5
2024,Dhamial,5
2024,DHOK ALI AKBAR,5
2024,DHOK FARMAN ALI,5
2024,Dhoke Mangtal,5
2024,CHAK JALAL DIN,5
2024,Gulistan Colony,4
2024,SAGRI KALAN,5
2024,Jhanda Chichi,5
2024,CHAK JALAL DIN,6
2024,CHANGA BANGIAL,6
2024,WAH,8
2024,Dhamial,4
2024,Khurram Colony,4
2024,Dhoke Mangtal,6
2024,GARHEE SIKANDAR,8
2024,Dhoke Mangtal,4
2024,Chhappar,4
2024,Ratta Amral,3
2024,Dhaman Syedan,5
2024,BANNI,4
2024,RAWALPINDI CANTT-9,6
2024,GANJ MANDI,5
2024,LAKKHAN,5
2024,GARHEE SIKANDAR,5
2024,DARKLI MAMOORI,6
2024,Dhoke Mangtal,5
2024,BAGGA SHEIKHAN,5
2024,Dhoke Mangtal,7
2024,Dhamial,6
2024,Dhoke Mangtal,6
2024,Dhamial,7
2024,Dhamial,6
2024,KOTHA KALAN,6
2024,DHOK MANGTAL,5
2024,Dhoke Mangtal,1
2024,KOTHA KALAN,6
2024,Dhamial,6
2024,JAND MEHLO,7
2024,Khurram Colony,4
2024,Jhanda Chichi,5
2024,CHAK JALAL DIN,6
2024,Jhanda Chichi,5
2024,Dhamial,5
2024,LAKKHAN,6
2024,Waris Khan,5
2024,LAKKHAN,4
2024,Dhaman Syedan,4
2024,Dhamial,4
2024,Dhamial,7
2024,KHANA DAK,6
2024,Jhanda Chichi,0
2024,Chauntra,4
2024,Dhoke Mangtal,8
2024,Dhamial,7
2024,KOTHA KALAN,5
2024,Dhoke Mangtal,4
2024,BANNI,2
2024,Dhamial,5
2024,MILLAT COLONY,3
2024,RANIAL,4
2024,Khurram Colony,5
2024,DHOK KHABBA,5
2024,LAKKHAN,5
2024,DARKLI MAMOORI,6
2024,BANNI,7
2024,LAKKHAN,3
2024,Dhoke Mangtal,7
2024,Dhoke Mangtal,7
2024,KOTHA KALAN,4
2024,WAH CANTT-3,6
2024,Jhanda Chichi,6
2024,Dhaman Syedan,5
2024,LAKKHAN,4
2024,Dhoke Mangtal,5
2024,Dhoke Mangtal,4
2024,Dhoke Mangtal,6
2024,LAKKHAN,5
2024,LAKKHAN,6
2024,Dhamial,6
2024,Dhoke Mangtal,5
2024,Dhoke Mangtal,5
2024,Dhoke Mangtal,5
2024,Dhoke Mangtal,5
2024,KHURAM PARACHA,5
2024,Dhoke Mangtal,9
2024,WAH,1
2024,CHAK JALAL DIN,5
2024,AFANDI COLONY,3
2024,KHANA DAK,5
2024,Dhoke Mangtal,8
2024,Dhoke Mangtal,8
2024,BISHANDOT,4
2024,Dhoke Mangtal,5
2024,DHOK BABU IRFAN,4
2024,Dhoke Mangtal,5
2024,KOTHA KALAN,4
2024,Gulistan Colony,4
2024,DHOK KALA KHAN,5
2024,DHOK HUKAM DAD,5
2024,LAKKHAN,5
2024,CHAK JALAL DIN,6
2024,CHAK JALAL DIN,4
2024,Gawal Mandi,5
2024,Waris Khan,6
2024,KHANA DAK,4
2024,DHOK KALA KHAN,5
2024,DARYA GALI,4
2024,LAKKHAN,5
2024,Dhoke Mangtal,4
2024,Dhamial,6
2024,LAKKHAN,5
2024,LAKKHAN,7
2024,LAKKHAN,4
2024,LAKKHAN,4
2024,Dhoke Mangtal,0
2024,BANNI,5
2024,KOTHA KALAN,7
2024,DHOK MUNSHI KHAN,4
2024,MUHALLA EIDGAH,4
2024,CHAK JALAL DIN,5
2024,DHOK ALI AKBAR,6
2024,CHAK JALAL DIN,8
2024,CHAK JALAL DIN,5
2024,BANNI,5
2024,JAND MEHLO,5
2024,LAKKHAN,5
2024,KOTHA KALAN,5
2024,Purana Qila,5
2024,Dhoke Mangtal,8
2024,Dhoke Mangtal,5
2024,Dhamial,5
2024,LEHTRAR BALA,4
2024,DHOK MUNSHI KHAN,5
2024,CHAK JALAL DIN,5
2024,Dhamial,4
2024,CHAK JALAL DIN,5
2024,Dhamial,4
2024,DHOK ALI AKBAR,5
2024,LAKKHAN,5
2024,Dhamial,5
2024,KOTHA KALAN,5
2024,LAKKHAN,5
2024,Khurram Colony,5
2024,CHAK JALAL DIN,5
2024,Dhoke Mangtal,4
2024,DHOK MUNSHI KHAN,6
2024,Dhoke Mangtal,6
2024,Dhoke Mangtal,5
2024,Dhamial,9
2024,Dhaman Syedan,5
2024,KOTHA KALAN,5
2024,LAKKHAN,5
2024,DHOK KASHMIRIAN,5
2024,Dhamial,6
2024,Dhamial,7
2024,Dhoke Mangtal,9
2024,DARKLI MAMOORI,6
2024,LAKKHAN,6
2024,Dhoke Mangtal,5
2024,GARHEE SIKANDAR,5
2024,Dhoke Mangtal,9
2024,Kolian Hamid,6
2024,Dhamial,5
2024,BISHANDOT,6
2024,Dhoke Mangtal,6
2024,CHAH SULTAN,6
2024,BANNI,2
2024,DHOK MUNSHI KHAN,5
2024,DHOK KALA KHAN,6
2024,KOTHA KALAN,4
2024,DHOK ALI AKBAR,5
2024,CHAK JALAL DIN,5
2024,CHAK JALAL DIN,5
2024,Gulistan Colony,5
2024,Dhoke Mangtal,5
2024,LAKKHAN,4
2024,CHAK JALAL DIN,3
2024,Dhoke Mangtal,5
2024,Gulistan Colony,4
2024,LAKKHAN,4
2024,Dhamial,3
2024,BANNI,4
2024,Dhoke Mangtal,5
2024,RANIAL,5
2024,LAKKHAN,4
2024,PINDORA,4
2024,Dhoke Mangtal,6
2024,Dhamial,9
2024,DARKLI MAMOORI,5
2024,RAWALPINDI CANTT-9,4
2024,DARKLI MAMOORI,5
2024,MORGAH,6
2024,QAYYUMABAD,6
2024,BHATIAN,4
2024,BANNI,5
2024,BAJNIAL,5
2024,Jhanda Chichi,4
2024,RAWALPINDI CANTT-3,7
2024,Dhamial,5
2024,Dhaman Syedan,6
2024,Dhamial,4
2024,Gulistan Colony,7
2024,Dhamial,6
2024,Dhamial,5
2024,Dhoke Mangtal,2
2024,Dhaman Syedan,4
2024,Dhoke Mangtal,4
2024,KOTHA KALAN,4
2024,LAKKHAN,5
2024,CHAK JALAL DIN,3
2024,Gulistan Colony,3
2024,Dhamial,4
2024,Dhamial,5
2024,Dhoke Mangtal,8
2024,Dhamial,5
2024,KOTHA KALAN,5
2024,Dhamial,5
2024,DHOK MUNSHI KHAN,5
2024,DHOK ALI AKBAR,2
2024,DHOK MUNSHI KHAN,5
2024,CHAK JALAL DIN,4
2024,DHOK ALI AKBAR,6
2024,LAKKHAN,5
2024,Dhamial,5
2024,Gulistan Colony,5
2024,Dhoke Mangtal,6
2024,WAH CANTT-1,9
2024,Dhoke Mangtal,6
2024,Dhoke Mangtal,6
2024,BANNI,8
2024,Dhoke Mangtal,6
2024,Dhoke Mangtal,5
2024,RAWALPINDI CANTT-9,8
2024,ASGHAR MALL SCHEME,4
2024,Dhamial,7
2024,Dhaman Syedan,7
2024,Khurram Colony,5
2024,WAH CANTT-3,5
2024,Dhoke Mangtal,5
2024,GHEELA KHURD,5
2024,LAKKHAN,6
2024,Dhoke Mangtal,4
2024,Dhaman Syedan,4
2024,WAH,4
2024,Gulistan Colony,4
2024,AMARPURA,3
2024,Dhoke Mangtal,4
2024,Khurram Colony,1
2024,LAKKHAN,4
2024,MANDRA,6
2024,PURANA QILLA,5
2024,RANIAL,5
2024,KOTHA KALAN,5
2024,LAKKHAN,5
2024,LAKKHAN,6
2024,Dhamial,5
2024,KOTHA KALAN,7
2024,Dhamial,6
2024,DHOK MUNSHI KHAN,4
2024,Dhoke Mangtal,6
2024,Dhamial,6
2024,Dhoke Mangtal,8
2024,Gulistan Colony,6
2024,Gulistan Colony,5
2024,Gulistan Colony,4
2024,Dhoke Mangtal,4
2024,Dhamial,4
2024,KOTHA KALAN,4
2024,Waris Khan,5
2024,Dhoke Mangtal,5
2024,Dhoke Mangtal,4
2024,Dhoke Mangtal,6
2024,DHOK MUNSHI KHAN,5
2024,RANIAL,4
2024,Gulistan Colony,5
2024,Dhamial,5
2024,Dhoke Mangtal,5
2024,DHOK FARMAN ALI,5
2024,Dhaman Syedan,2
2024,DARNOHIAN,5
2024,CHAK JALAL DIN,5
2024,RAWALPINDI CANTT-9,3
2024,LAKKHAN,5
2024,LAKKHAN,6
2024,Purana Qila,2
2024,CHAK JALAL DIN,7
2024,Khurram Colony,6
2024,Khurram Colony,5
2024,Dhamial,5
2024,DHOK MUNSHI KHAN,4
2024,WAH CANTT-3,6
2024,Dhoke Mangtal,4
2024,KHANA DAK,3
2024,Dhoke Mangtal,5
2024,LAKKHAN,7
2024,KHURAM PARACHA,1
2024,KOTHA KALAN,5
2024,Dhoke Mangtal,6
2024,TAKHT PARI,5
2024,Dhoke Mangtal,7
2024,Gulistan Colony,5
2024,Dhaman Syedan,7
2024,Dhamial,6
2024,Gulistan Colony,6
2024,Dhamial,6
2024,Khurram Colony,3
2024,Gulistan Colony,4
2024,Dhamial,6
2024,Dhamial,4
2024,KAHUTA-I,7
2024,DHOK KALA KHAN,3
2024,Dhamial,8
2024,LOHDRA,6
2024,PURANA QILLA,5
2024,LAKKHAN,9
2024,KOTHA KALAN,4
2024,KOTHA KALAN,6
2024,Dhoke Mangtal,2
2024,Dhamial,2
2024,LAKKHAN,7
2024,SARAI KALA,7
2024,Dhoke Mangtal,9
2024,Dhoke Mangtal,5
2024,Dhoke Mangtal,8
2024,Dhoke Mangtal,2
2024,CHAK JALAL DIN,3
2024,KHANA DAK,5
2024,DHOK BABU IRFAN,5
2024,Dhamial,4
2024,Khurram Colony,5
2024,DHOK MUNSHI KHAN,7
2024,Dhoke Mangtal,5
2024,Dhaman Syedan,5
2024,Dhamial,5
2024,LOHDRA,4
2024,Dhaman Syedan,1
2024,LAKKHAN,5
2024,Dhamial,5
2024,DHOK BABU IRFAN,4
2024,Dhoke Mangtal,5
2024,KHYBAN SIR SYED(SOUTH),4
2024,Jhanda Chichi,5
2024,Dhoke Mangtal,4
2024,Dhamial,5
2024,Mohan Pura,5
2024,Dhamial,8
2024,Dhamial,1
2024,RANIAL,5
2024,Dhoke Mangtal,8
2024,DHOK MUNSHI KHAN,1
2024,GARHEE SIKANDAR,4
2024,Dhamial,6
2024,Dhamial,5
2024,Dhamial,7
2024,KALLAR SAYADDAN,2
2024,DHOK ALI AKBAR,6
2024,Dhoke Chiragh Din,8
2024,Dhoke Mangtal,8
2024,Dhamial,5
2024,KHANA DAK,5
2024,GHEELA KHURD,8
2024,Dhoke Mangtal,10
2024,Dhamial,7
2024,DHOK ALI AKBAR,11
2024,KOTHA KALAN,2
2024,WAH CANTT-3,3
2024,KOTHA KALAN,5
2024,LAKKHAN,4
2024,Dhamial,3
2024,RANIAL,5
2024,LAKKHAN,5
2024,KARTARPURA,6
2024,Dhamial,8
2024,KOTHA KALAN,1
2024,Dhamial,5
2024,Jhanda Chichi,5
2024,Dhamial,6
2024,Dhaman Syedan,6
2024,KARTARPURA,1
2024,Dhaman Syedan,5
2024,Dhamial,7
2024,Dhamial,3
2024,DHOK MUNSHI KHAN,9
2024,Dhoke Mangtal,5
2024,Dhoke Mangtal,7
2024,Gulistan Colony,4
2024,Dhoke Mangtal,6
2024,Dhamial,14
2024,Dhoke Mangtal,5
2024,Dhoke Mangtal,4
2024,RANIAL,5
2024,MAWARA,6
2024,MILLAT COLONY,4
2024,GARHEE SIKANDAR,1
2024,LAKKHAN,7
2024,DHOK MUNSHI KHAN,4
2024,Dhamial,5
2024,WAH,5
2024,DHOK ALI AKBAR,7
2024,Dhoke Mangtal,8
2024,LAKKHAN,4
2024,Dhamial,3
2024,DHOK ALI AKBAR,11
2024,Dhamial,2
2024,LOHDRA,6
2024,BEWAL,7
2024,PURANA QILLA,7
2024,Gulistan Colony,5
2024,Dhoke Mangtal,3
2024,Dhoke Mangtal,3
2024,DHOK DALAL,6
2024,CHAK JALAL DIN,6
2024,AMARPURA,7
2024,LAKKHAN,5
2024,Dhoke Mangtal,3
2024,KOTHA KALAN,3
2024,Dhoke Mangtal,5
2024,CHAK JALAL DIN,4
2024,CHAK JALAL DIN,6
2024,LAKKHAN,6
2024,KOTHA KALAN,5
2024,CHAK JALAL DIN,9
2024,Dhamial,6
2024,Dhamial,5
2024,Dhoke Mangtal,4
2024,Dhoke Mangtal,6
2024,LAKKHAN,6
2024,LAKKHAN,5
2024,DHOK FARMAN ALI,5
2024,LAKKHAN,6
2024,Gulistan Colony,5
2024,KOTHA KALAN,5
2024,DHOK FARMAN ALI,5
2024,Dhamial,5
2024,DHOK KHABBA,6
2024,DARKLI MAMOORI,7
2024,DEVI,5
2024,RANIAL,7
2024,KOTHA KALAN,4
2024,Gulistan Colony,4
2024,RAWALPINDI CANTT-3,2
2024,Dhoke Mangtal,4
2024,KOTHA KALAN,5
2024,DHOK HUKAM DAD,6
2024,DHOK FARMAN ALI,6
2024,WAH,5
2024,KOTHA KALAN,7
2024,DARKLI MAMOORI,4
2024,KOTHA KALAN,5
2024,BISHANDOT,5
2024,TAKHT PARI,5
2024,KOTHA KALAN,5
2024,Dhoke Mangtal,5
2024,Dhamial,4
2024,Dhamial,5
2024,DHOK ALI AKBAR,5
2024,Dhoke Mangtal,5
2024,Dhaman Syedan,3
2024,Jhanda Chichi,5
2024,Dhoke Mangtal,5
2024,Dhoke Mangtal,7
2024,Chakri,6
2024,KOTHA KALAN,7
2024,Dhoke Mangtal,5
2024,DHOK BABU IRFAN,6
2024,Khurram Colony,6
2024,DHOK MUNSHI KHAN,6
2024,Chakri,3
2024,Dhoke Mangtal,1
2024,Dhamial,7
2024,Dhaman Syedan,5
2024,Dhamial,5
2024,Dhamial,5
2024,Dhaman Syedan,6
2024,Dhoke Mangtal,5
2024,Gulistan Colony,3
2024,KANOHA,4
2024,WAH CANTT-3,4
2024,Dhoke Mangtal,6
2024,LAKKHAN,4
2024,Dhoke Mangtal,8
2024,BAGGA SHEIKHAN,5
2024,RANIAL,5
2024,Dhaman Syedan,2
2024,CHAHAN,8
2024,Khurram Colony,5
2024,LOHDRA,7
2024,DHOK ALI AKBAR,5
2024,KOTHA KALAN,6
2024,DHOK KHABBA,6
2024,Dhoke Mangtal,5
2024,Dhoke Mangtal,7
2024,GANGAL,12
2024,KOTHA KALAN,7
2024,RANIAL,7
2024,Khurram Colony,5
2024,BAGGA SHEIKHAN,6
2024,KHANA DAK,5
2024,Dhamial,6
2024,DHOK FARMAN ALI,7
2024,Jhanda Chichi,4
2024,Dhamial,3
2024,Jhanda Chichi,3
2024,KOTHA KALAN,4
2024,MILLAT COLONY,6
2024,Dhoke Mangtal,3
2024,CHAK JALAL DIN,5
2024,BANNI,6
2024,Dhoke Mangtal,4
2024,Dhoke Mangtal,6
2024,LAKKHAN,6
2024,DARKLI MAMOORI,5
2024,DOBERAN KHURD,8
2024,Dhoke Mangtal,5
2024,Jhanda Chichi,5
2024,Gulistan Colony,5
2024,Dhoke Mangtal,7
2024,Dhamial,6
2024,Dhamial,5
2024,Dhoke Mangtal,4
2024,Dhoke Mangtal,5
2024,CHAK JALAL DIN,5
2024,CHAK BELI KHAN,4
2024,RANIAL,5
2024,KOTHA KALAN,6
2024,RANIAL,6
2024,RANIAL,13
2024,Kolian Hamid,6
2024,Dhoke Mangtal,9
2024,Dhoke Mangtal,5
2024,KHANA DAK,5
2024,Dhamial,7
2024,LAKKHAN,7
2024,MANKIALA BRAHMNA,11
2024,GUF,4
2024,Dhoke Mangtal,7
2024,Dhaman Syedan,2
2024,Dhoke Mangtal,6
2024,Dhamial,2
2024,Dhoke Mangtal,11
2024,Dhamial,1
2024,Dhoke Mangtal,8
2024,LAKKHAN,2
2024,BAJNIAL,7
2024,Dhoke Mangtal,4
2024,Dhamial,1
2024,Dhamial,3
2024,Dhamial,0
2024,GHUNGRILA,4
2024,Dhoke Mangtal,6
2024,Gulistan Colony,5
2024,Dhoke Mangtal,6
2024,KARTARPURA,6
2024,RANIAL,6
2024,Dhamial,8
2024,RANIAL,4
2024,Khurram Colony,3
2024,CHAK BELI KHAN,4
2024,KOTHA KALAN,5
2024,KOTHA KALAN,6
2024,KHANA DAK,7
2024,RANIAL,8
2024,Dhamial,6
2024,DHOK KALA KHAN,3
2024,KOTHA KALAN,4
2024,BANNI,6
2024,Dhamial,6
2024,DHOK ALI AKBAR,4
2024,Dhaman Syedan,6
2024,CHAK JALAL DIN,7
2024,Dhoke Mangtal,6
2024,LAKKHAN,5
2024,Dhoke Mangtal,3
2024,Dhamial,5
2024,CHAK JALAL DIN,5
2024,CHAK JALAL DIN,5
2024,LAKKHAN,4
2024,JHUNGAL,6
2024,LAKKHAN,4
2024,SANTHA SAROOLA,4
2024,Dhamial,4
2024,BAGGA SHEIKHAN,5
2024,BAGGA SHEIKHAN,5
2024,Dhoke Chiragh Din,6
2024,LAKKHAN,7
2024,Khurram Colony,5
2024,MOSYARI,7
2024,DHOK ALI AKBAR,5
2024,KHYBAN SIR SYED(SOUTH),6
2024,Dhaman Syedan,5
2024,KOTHA KALAN,7
2024,DHOK MUNSHI KHAN,5
2024,Dhamial,5
2024,LAKKHAN,5
2024,Khurram Colony,5
2024,BASALI,5
2024,TAKHT PARI,6
2024,LAKKHAN,4
2024,Dhoke Mangtal,3
2024,WAH CANTT-3,3
2024,DHOK MUNSHI KHAN,4
2024,WAH,8
2024,CHAK JALAL DIN,4
2024,Dhoke Mangtal,6
2024,Jhanda Chichi,7
2024,LAKKHAN,8
2024,Dhoke Mangtal,7
2024,THATHA KHALIL,5
2024,Gulistan Colony,4
2024,DHOK ALI AKBAR,3
2024,Dhoke Mangtal,3
2024,RANIAL,6
2024,LAKKHAN,6
2024,MANYANDAH,8
2024,Dhamial,5
2024,Dhamial,5
2024,Dhoke Mangtal,8
2024,Dhoke Mangtal,5
2024,Dhoke Mangtal,5
2024,BANNI,5
2024,LAKKHAN,5
2024,Dhaman Syedan,6
2024,Gulistan Colony,5
2024,LAKKHAN,5
2024,BANNI,5
2024,CHAK JALAL DIN,5
2024,Dhamial,5
2024,LOHDRA,6
2024,Dhamial,8
2024,LAKKHAN,5
2024,KALLAR SAYADDAN,6
2024,RANIAL,4
2024,Dhamial,5
2024,LAKKHAN,4
2024,LAKKHAN,3
2024,MATWA,1
2024,BAJNIAL,4
2024,KOTHA KALAN,6
2024,BAJNIAL,4
2024,DHOK ALI AKBAR,4
2024,Dhamial,7
2024,Gulistan Colony,2
2024,RAWAT,4
2024,Gulistan Colony,5
2024,CHAK JALAL DIN,4
2024,GHEL,11
2024,BANNI,6
2024,DHOK KASHMIRIAN,6
2024,Dhaman Syedan,7
2024,Waris Khan,6
2024,LAKKHAN,6
2024,KHANA DAK,6
2024,KHURAM PARACHA,6
2024,LAKKHAN,5
2024,Gulistan Colony,6
2024,LAKKHAN,5
2024,Gulistan Colony,5
2024,Dhoke Mangtal,6
2024,Dhoke Chiragh Din,3
2024,CHAK JALAL DIN,4
2024,KOTHA KALAN,4
2024,LAKKHAN,7
2024,GHEELA KHURD,6
2024,LAKKHAN,6
2024,TAKHT PARI,5
2024,Dhoke Mangtal,4
2024,CHAK JALAL DIN,8
2024,LAKKHAN,4
2024,GHEELA KHURD,4
2024,CHAK JALAL DIN,7
2024,LAKKHAN,5
2024,KHANA DAK,4
2024,RANIAL,5
2024,Gulistan Colony,5
2024,KOTHA KALAN,5
2024,Dhaman Syedan,5
2024,LAKKHAN,5
2024,KOTHA KALAN,5
2024,Dhoke Mangtal,5
2024,BANNI,5
2024,Dhoke Mangtal,5
2024,BAGGA SHEIKHAN,5
2024,KOTHA KALAN,5
2024,Dhoke Mangtal,4
2024,LAKKHAN,6
2024,Gulistan Colony,6
2024,LAKKHAN,6
2024,DHOK KHABBA,7
2024,GARHEE SIKANDAR,7
2024,Dhamial,5
2024,BEOR,6
2024,CHAK JALAL DIN,7
2024,Dhaman Syedan,2
2024,CHAK JALAL DIN,4
2024,KHANA DAK,6
2024,Dhoke Mangtal,3
2024,Khurram Colony,4
2024,KOTHA KALAN,5
2024,Gulistan Colony,5
2024,CHAK JALAL DIN,1
2024,RAWALPINDI CANTT-2,9
2024,Dhaman Syedan,4
2024,DHOK FARMAN ALI,5
2024,LAKKHAN,8
2024,KOTHA KALAN,3
2024,KOTLI SATTIAN,6
2024,Khurram Colony,5
2024,Dhamial,4
2024,RANIAL,4
2024,Gulistan Colony,4
2024,CHAK JALAL DIN,4
2024,Dhamial,9
2024,DHOK MUNSHI KHAN,3
2024,CHAK JALAL DIN,3
2024,Gulistan Colony,3
2024,CHAH SULTAN,6
2024,Dhoke Mangtal,7
2024,Kolian Hamid,4
2024,RANIAL,7
2024,Dhoke Mangtal,6
2024,KOTHA KALAN,3
2024,CHAK JALAL DIN,7
2024,BANNI,5
2024,KHANA DAK,7
2024,Dhoke Mangtal,5
2024,DHOK FARMAN ALI,8
2024,Dhoke Mangtal,6
2024,WAH,9
2024,Dhaman Syedan,3
2024,CHAK JALAL DIN,6
2024,Dhamial,4
2024,Dhoke Mangtal,7
2024,KOTHA KALAN,5
2024,TAKHT PARI,5
2024,Dhamial,3
2024,Dhoke Mangtal,4
2024,SAGRI KALAN,9
2024,Dhoke Mangtal,4
2024,Gulistan Colony,6
2024,RANIAL,5
2024,KOTHA KALAN,6
2024,Khurram Colony,8
2024,Gulistan Colony,5
2024,KOTHA KALAN,5
2024,Gulistan Colony,5
2024,CHAK JALAL DIN,8
2024,LAKKHAN,5
2024,Dhaman Syedan,4
2024,Dhoke Mangtal,2
2024,THATHA KHALIL,7
2024,KOTHA KALAN,6
2024,Dhoke Mangtal,5
2024,SEHR BAGLA,6
2024,Dhamial,5
2024,BANNI,4
2024,Dhaman Syedan,6
2024,Dhamial,6
2024,DHOK ALI AKBAR,7
2024,PANJAR,6
2024,CHAK JALAL DIN,10
2024,Dhamial,5
2024,Dhamial,5
2024,LAKKHAN,5
2024,RANIAL,2
2024,DHOK KHABBA,7
2024,RANIAL,2
2024,KAHUTA-I,6
2024,LAKKHAN,5
2024,Dhaman Syedan,2
2024,LAKKHAN,3
2024,Dhoke Mangtal,4
2024,RAWALPINDI CANTT-9,5
2024,LAKKHAN,4
2024,Khurram Colony,2
2024,LAKKHAN,7
2024,Dhamial,5
2024,KOTHA KALAN,7
2024,HOTHLA,3
2024,Gulistan Colony,4
2024,Dhoke Mangtal,5
2024,Dhaman Syedan,4
2024,Gulistan Colony,4
2024,SAGRI KALAN,7
2024,AFANDI COLONY,4
2024,CHAK JALAL DIN,5
2024,KOTHA KALAN,6
2024,LAKKHAN,4
2024,LAKKHAN,5
2024,CHAK JALAL DIN,6
2024,KAHUTA-I,8
2024,Gulistan Colony,5
2024,Dhamial,5
2024,LAKKHAN,3
2024,Dhaman Syedan,6
2024,DHOK MUNSHI KHAN,6
2024,RAWALPINDI CANTT-3,6
2024,Gulistan Colony,6
2024,Jhanda Chichi,6
2024,LAKKHAN,4
2024,Dhamial,4
2024,LAKKHAN,4
2024,MILLAT COLONY,4
2024,CHAK JALAL DIN,4
2024,Dhamial,5
2024,Gulistan Colony,5
2024,Gulistan Colony,5
2024,Dhaman Syedan,5
2024,Dhamial,5
2024,Dhoke Chiragh Din,5
2024,KOTHA KALAN,6
2024,PURANA QILLA,5
2024,Dhaman Syedan,4
2024,Jhanda Chichi,6
2024,RANIAL,3
2024,KOTHA KALAN,9
2024,DHOK BABU IRFAN,4
2024,Dhoke Mangtal,5
2024,Gulistan Colony,6
2024,Dhoke Mangtal,5
2024,Dhamial,4
2024,Dhoke Mangtal,3
2024,Dhoke Mangtal,3
2024,WAH CANTT-3,2
2024,Dhoke Mangtal,3
2024,Dhoke Mangtal,5
2024,Dhoke Mangtal,5
2024,CHAK JALAL DIN,6
2024,Dhamial,5
2024,Dhoke Mangtal,3
2024,KALLAR SAYADDAN,6
2024,KHURAM PARACHA,8
2024,Dhoke Mangtal,6
2024,LAKKHAN,0
2024,DHOK ALI AKBAR,3
2024,BANNI,4
2024,Dhoke Mangtal,5
2024,Gulistan Colony,5
2024,Dhoke Mangtal,3
2024,Dhaman Syedan,5
2024,Dhoke Mangtal,2
2024,Dhoke Mangtal,7
2024,KOTHA KALAN,6
2024,Dhaman Syedan,5
2024,KHANA DAK,5
2024,Dhoke Mangtal,8
2024,KAHUTA-I,3
2024,Dhoke Mangtal,1
2024,WAH,4
2024,Dhoke Mangtal,5
2024,Dhamial,8
2024,Gulistan Colony,5
2024,WAH,4
2024,Gulistan Colony,1
2024,Dhamial,2
2024,Dhoke Mangtal,6
2024,CHAK JALAL DIN,6
2024,Khurram Colony,6
2024,RANIAL,6
2024,CHAH SULTAN,4
2024,RAWALPINDI CANTT-8,7
2024,KHANA DAK,4
2024,PURANA QILLA,3
2024,KOTHA KALAN,5
2024,PURANA QILLA,4
2024,LAKKHAN,9
2024,CHAK JALAL DIN,5
2024,Dhamial,5
2024,Dhamial,5
2024,LAKKHAN,5
2024,Dhamial,5
2024,Dhamial,7
2024,NARA,5
2024,RANIAL,4
2024,Adiala,5
2024,RANIAL,6
2024,Dhamial,9
2024,CHAK JALAL DIN,3
2024,DHOK MUNSHI KHAN,6
2024,Dhamial,6
2024,LAKKHAN,9
2024,CHAK JALAL DIN,4
2024,Dhoke Mangtal,5
2024,Dhoke Mangtal,8
2024,LAKKHAN,8
2024,Dhoke Mangtal,4
2024,KAHUTA-I,4
2024,Dhamial,3
2024,Dhamial,6
2024,LAKKHAN,5
2024,KOTHA KALAN,5
2024,Dhaman Syedan,6
2024,Gulistan Colony,8
2024,DHOK MUNSHI KHAN,8
2024,LAKKHAN,5
2024,DHOK FARMAN ALI,1
2024,CHAK JALAL DIN,1
2024,Dhoke Mangtal,5
2024,Khurram Colony,4
2024,Dhamial,7
2024,KOTHA KALAN,5
2024,RANIAL,5
2024,Dhamial,5
2024,Dhamial,5
2024,Gulistan Colony,5
2024,KOTHA KALAN,5
2024,RANIAL,6
2024,RANIAL,5
2024,KAHUTA-I,5
2024,Gulistan Colony,5
2024,CHAK JALAL DIN,5
2024,Khurram Colony,5
2024,GUF,4
2024,Dhaman Syedan,7
2024,LAKKHAN,5
2024,Dhoke Mangtal,7
2024,Dhaman Syedan,5
2024,Dhamial,4
2024,Dhoke Mangtal,5
2024,Dhoke Mangtal,8
2024,BAJNIAL,5
2024,Dhok Ratta,4
2024,Daultala,6
2024,CHAHAN,4
2024,BANNI,4
2024,Dhamial,7
2024,LAKKHAN,5
2024,Dhoke Mangtal,3
2024,DHOK BABU IRFAN,4
2024,Jhanda Chichi,4
2024,Dhoke Mangtal,5
2024,Dhok Ratta,4
2024,DHOK MUNSHI KHAN,4
2024,Dhoke Mangtal,7
2024,RANIAL,1
2024,Dhamial,5
2024,Dhoke Mangtal,4
2024,Dhoke Mangtal,7
2024,LAKKHAN,6
2024,Dhoke Mangtal,6
2024,LAKKHAN,5
2024,KOTHA KALAN,3
2024,Gulistan Colony,4
2024,Dhoke Mangtal,3
2024,Dhamial,4
2024,Dhoke Mangtal,3
2024,KOTHA KALAN,4
2024,BAJNIAL,6
2024,RANIAL,4
2024,KOTHA KALAN,4
2024,Dhamial,7
2024,LAKKHAN,6
2024,Dhoke Mangtal,1
2024,DHOK MUNSHI KHAN,5
2024,Dhamial,7
2024,Jhanda Chichi,1
2024,Jhanda Chichi,1
2024,Dhoke Mangtal,8
2024,RANIAL,5
2024,Dhamial,7
2024,CHAK JALAL DIN,4
2024,Dhoke Mangtal,4
2024,KHANA DAK,4
2024,Jhanda Chichi,5
2024,Dhoke Mangtal,6
2024,RANIAL,8
2024,WAH,3
2024,LAKKHAN,7
2024,Dhamial,5
2024,MATOR,5
2024,DHOK MUNSHI KHAN,5
2024,Waris Khan,5
2024,Dhoke Mangtal,5
2024,Dhaman Syedan,5
2024,Dhaman Syedan,5
2024,Dhaman Syedan,5
2024,RANIAL,5
2024,CHAK JALAL DIN,4
2024,KOTHA KALAN,6
2024,Khurram Colony,4
2024,CHAK JALAL DIN,4
2024,Dhaman Syedan,6
2024,Gulistan Colony,3
2024,CHAH SULTAN,4
2024,Dhaman Syedan,5
2024,Dhaman Syedan,6
2024,Khurram Colony,7
2024,Gawal Mandi,7
2024,RANIAL,6
2024,Dhoke Mangtal,4
2024,MANDRA,1
2024,DEVI,3
2024,Dhoke Mangtal,4
2024,CHAK BELI KHAN,7
2024,LAKKHAN,3
2024,Dhoke Mangtal,9
2024,CHAK JALAL DIN,5
2024,Waris Khan,4
2024,DARKLI MAMOORI,8
2024,Waris Khan,6
2024,JATLI,0
2024,Dhoke Mangtal,3
2024,DHOK MUNSHI KHAN,1
2024,QAYYUMABAD,3
2024,Dhoke Mangtal,5
2024,Dhoke Mangtal,3
2024,Dhoke Mangtal,3
2024,LAKKHAN,4
2024,LAKKHAN,7
2024,Dhaman Syedan,2
2024,Gulistan Colony,6
2024,LAKKHAN,6
2024,Dhaman Syedan,3
2024,Dhamial,6
2024,RANIAL,8
2024,Dhoke Mangtal,0
2024,LAKKHAN,6
2024,Dhamial,6
2024,Dhamial,4
2024,Gulistan Colony,6
2024,GANJ MANDI,5
2024,DHOK HUKAM DAD,4
2024,DHOK ALI AKBAR,6
2024,RANIAL,6
2024,KHANA DAK,6
2024,KOTHA KALAN,6
2024,Dhamial,3
2024,LAKKHAN,6
2024,Dhamial,6
2024,Gulistan Colony,6
2024,LOHDRA,5
2024,Gulistan Colony,5
2024,Dhoke Mangtal,4
2024,RANIAL,5
2024,KOTHA KALAN,4
2024,LAKKHAN,5
2024,BANNI,4
2024,Dhoke Mangtal,7
2024,Dhamial,5
2024,LAKKHAN,5
2024,Dhoke Mangtal,2
2024,KOTHA KALAN,6
2024,Dhamial,7
2024,LAKKHAN,7
2024,KOTHA KALAN,5
2024,Dhoke Mangtal,5
2024,RANIAL,5
2024,LAKKHAN,2
2024,RANIAL,8
2024,RANIAL,4
2024,Gulistan Colony,5
2024,Dhaman Syedan,5
2024,Dhoke Mangtal,5
2024,LAKKHAN,5
2024,LAKKHAN,6
2024,DHOK FARMAN ALI,5
2024,Dhaman Syedan,5
2024,Gulistan Colony,4
2024,BEWAL,4
2024,RANIAL,5
2024,SMOTE,4
2024,RANIAL,5
2024,Dhamial,5
2024,DHOK FARMAN ALI,4
2024,Dhoke Mangtal,5
2024,LAKKHAN,5
2024,BANNI,5
2024,CHAK JALAL DIN,7
2024,Dhoke Mangtal,5
2024,Dhoke Mangtal,4
2024,CHAK JALAL DIN,1
2024,Dhoke Mangtal,5
2024,CHAK JALAL DIN,5
2024,Dhamial,3
2024,GHEELA KHURD,6
2024,Dhamial,5
2024,BEWAL,5
2024,WAH CANTT-3,7
2024,Dhoke Mangtal,3
2024,KOTHA KALAN,3
2024,Dhamial,3
2024,Dhoke Mangtal,3
2024,BANNI,4
2024,Dhoke Mangtal,4
2024,Dhoke Mangtal,7
2024,LAKKHAN,5
2024,Dhoke Mangtal,4
2024,Dhamial,5
2024,Gulistan Colony,6
2024,KAHUTA-I,7
2024,THATHI,4
2024,Gulistan Colony,7
2024,Dhamial,2
2024,Khurram Colony,6
2024,DHOK FARMAN ALI,6
2024,MILLAT COLONY,5
2024,LAKKHAN,6
2024,Dhaman Syedan,5
2024,Dhaman Syedan,3
2024,DHOK MUNSHI KHAN,5
2024,Dhaman Syedan,6
2024,Gulistan Colony,4
2024,Jhanda Chichi,7
2024,Gulistan Colony,7
2024,LAKKHAN,7
2024,Khurram Colony,6
2024,Dhamial,5
2024,Dhoke Mangtal,3
2024,CHAK JALAL DIN,3
2024,Waris Khan,5
2024,BASALI,5
2024,KOTHA KALAN,4
2024,CHAH SULTAN,2
2024,Dhoke Mangtal,2
2024,DHOK ALI AKBAR,5
2024,Jhanda Chichi,6
2024,Jhanda Chichi,6
2024,RANIAL,6
2024,Dhoke Mangtal,6
2024,Dhoke Mangtal,5
2024,RANIAL,4
2024,CHAK JALAL DIN,8
2024,Dhoke Mangtal,6
2024,Dhamial,5
2024,LAKKHAN,4
2024,Khurram Colony,4
2024,Dhamial,5
2024,CHAHAN,4
2024,GHAZAN ABAD,4
2024,Dhoke Mangtal,4
2024,KOTHA KALAN,5
2024,LAKKHAN,4
2024,Dhoke Mangtal,5
2024,KOTHA KALAN,4
2024,BAGGA SHEIKHAN,5
2024,RANIAL,5
2024,Dhoke Mangtal,5
2024,Dhamial,11
2024,SUKHO,4
2024,KOTHA KALAN,9
2024,CHAK JALAL DIN,5
2024,RANIAL,4
2024,Dhamial,7
2024,RANIAL,6
2024,Dhoke Mangtal,6
2024,Dhamial,4
2024,Dhoke Mangtal,6
2024,GHAZAN ABAD,4
2024,Dhoke Mangtal,3
2024,GHAZAN ABAD,6
2024,DHOK ALI AKBAR,4
2024,LOHDRA,6
2024,Gulistan Colony,5
2024,DHOK KHABBA,3
2024,Dhoke Mangtal,0
2024,Dhoke Mangtal,5
2024,Khurram Colony,6
2024,LAKKHAN,3
2024,MILLAT COLONY,5
2024,CHAK JALAL DIN,5
2024,MILLAT COLONY,4
2024,Dhamial,8
2024,Khurram Colony,6
2024,GANGAL,6
2024,Dhaman Syedan,7
2024,LAKKHAN,7
2024,Dhoke Mangtal,5
2024,Dhoke Mangtal,1
2024,Dhoke Mangtal,2
2024,Dhamial,6
2024,Dhamial,7
2024,Dhaman Syedan,2
2024,BANNI,0
2024,Dhoke Mangtal,5
2024,LAKKHAN,6
2024,LAKKHAN,7
2024,Gulistan Colony,11
2024,Dhoke Mangtal,4
2024,LAKKHAN,2
2024,Dhoke Mangtal,6
2024,MOSYARI,4
2024,Dhoke Mangtal,3
2024,Dhoke Mangtal,3
2024,SAGRI KALAN,4
2024,Dhamial,6
2024,LAKKHAN,4
2024,Dhaman Syedan,6
2024,BANNI,5
2024,MALOT SATIAN,5
2024,Dhaman Syedan,6
2024,Dhoke Mangtal,7
2024,BANNI,5
2024,LAKKHAN,5
2024,Waris Khan,1
2024,BANNI,2
2024,Jhanda Chichi,5
2024,RANIAL,4
2024,LAKKHAN,4
2024,WAH,4
2024,Dhoke Mangtal,4
2024,Dhoke Mangtal,5
2024,LAKKHAN,6
2024,Dhamial,5
2024,RANIAL,5
2024,RANIAL,7
2024,Dhoke Mangtal,4
2024,KHANA DAK,7
2024,LAKKHAN,5
2024,DHOK MUNSHI KHAN,6
2024,Dhoke Mangtal,5
2024,BANNI,5
2024,Dhamial,7
2024,Dhamial,5
2024,Khurram Colony,5
2024,KOTHA KALAN,5
2024,SAGRI KALAN,5
2024,CHAK JALAL DIN,8
2024,BANNI,5
2024,DHOK ALI AKBAR,5
2024,Dhaman Syedan,5
2024,RANIAL,5
2024,RANIAL,6
2024,RANIAL,5
2024,BANNI,5
2024,Khurram Colony,5
2024,Dhoke Mangtal,6
2024,Dhamial,5
2024,CHAK JALAL DIN,4
2024,RANIAL,6
2024,Dhoke Mangtal,2
2024,MILLAT COLONY,4
2024,Khurram Colony,5
2024,Dhamial,1
2024,Dhamial,6
2024,DHOK ALI AKBAR,4
2024,Dhamial,7
2024,Khurram Colony,4
2024,Gulistan Colony,7
2024,DHOK ALI AKBAR,8
2024,Gulistan Colony,7
2024,DHOK KHABBA,7
2024,DHOK KHABBA,6
2024,Dhoke Mangtal,0
2024,Dhaman Syedan,1
2024,HOTHLA,7
2024,DHOK FARMAN ALI,7
2024,Dhoke Mangtal,6
2024,Dhok Ratta,2
2024,DHOK ALI AKBAR,7
2024,Khurram Colony,4
2024,Dhoke Mangtal,4
2024,Jhanda Chichi,4
2024,Dhoke Mangtal,3
2024,Jhanda Chichi,4
2024,Dhoke Mangtal,6
2024,Dhamial,5
2024,KOTHA KALAN,5
2024,RANIAL,5
2024,LAKKHAN,5
2024,KHANA DAK,6
2024,CHAK JALAL DIN,5
2024,Dhoke Mangtal,6
2024,KOTHA KALAN,5
2024,BANNI,9
2024,Dhamial,4
2024,Dhamial,4
2024,SAHANG,5
2024,Dhoke Mangtal,4
2024,DHOK ALI AKBAR,5
2024,Dhamial,6
2024,Gulistan Colony,6
2024,Waris Khan,6
2024,AFANDI COLONY,5
2024,RANIAL,4
2024,RANIAL,4
2024,Jhanda Chichi,4
2024,KOTHA KALAN,5
2024,RANIAL,5
2024,Dhoke Mangtal,6
2024,DHOK MUNSHI KHAN,5
2024,LAKKHAN,4
2024,Gulistan Colony,4
2024,Dhoke Mangtal,5
2024,Dhoke Mangtal,5
2024,Gulistan Colony,2
2024,Dhoke Mangtal,2
2024,Dhoke Mangtal,4
2024,Dhoke Mangtal,1
2024,DHOK MUNSHI KHAN,6
2024,LAKKHAN,4
2024,Khurram Colony,7
2024,Dhaman Syedan,5
2024,Dhoke Mangtal,0
2024,TAKHT PARI,6
2024,Gulistan Colony,4
2024,Dhoke Mangtal,2
2024,RANIAL,3
2024,RANIAL,1
2024,KOTHA KALAN,1
2024,Gulistan Colony,6
2024,Dhaman Syedan,5
2024,Dhaman Syedan,5
2024,PANJAR,6
2024,Waris Khan,5
2024,LAKKHAN,4
2024,DHOK DALAL,4
2024,RAWALPINDI CANTT-9,6
2024,Dhaman Syedan,3
2024,Dhoke Mangtal,2
2024,DHOK KHABBA,4
2024,Dhoke Mangtal,3
2024,Dhoke Mangtal,7
2024,RANIAL,3
2024,Dhoke Mangtal,3
2024,Dhoke Mangtal,7
2024,DHOK DALAL,3
2024,Dhoke Mangtal,7
2024,Dhamial,4
2024,Dhoke Mangtal,4
2024,Jhanda Chichi,6
2024,Dhoke Mangtal,6
2024,Dhoke Mangtal,5
2024,LAKKHAN,4
2024,LAKKHAN,7
2024,LAKKHAN,2
2024,RAWALPINDI CANTT-3,6
2024,LAKKHAN,5
2024,Dhoke Mangtal,5
2024,LAKKHAN,4
2024,AFANDI COLONY,3
2024,LAKKHAN,4
2024,KAUNTRILA,4
2024,KANOHA,4
2024,KOTHA KALAN,4
2024,Gulistan Colony,4
2024,Khurram Colony,5
2024,LAKKHAN,5
2024,RANIAL,5
2024,Dhoke Mangtal,5
2024,KOTHA KALAN,4
2024,Dhoke Mangtal,4
2024,KOTHA KALAN,3
2024,WAH,8
2024,Dhoke Mangtal,3
2024,Dhoke Mangtal,3
2024,RANIAL,6
2024,Dhoke Mangtal,5
2024,CHAK JALAL DIN,5
2024,Dhoke Mangtal,6
2024,LAKKHAN,8
2024,LAKKHAN,6
2024,Dhoke Mangtal,4
2024,Dhoke Mangtal,4
2024,DHOK HUKAM DAD,6
2024,Dhoke Mangtal,6
2024,Dhoke Mangtal,4
2024,MOHANPURA,3
2024,CHAK JALAL DIN,3
2024,Dhoke Mangtal,3
2024,CHAK JALAL DIN,3
2024,Dhamial,4
2024,KAHUTA-I,5
2024,LAKKHAN,10
2024,RANIAL,5
2024,RANIAL,1
2024,Dhamial,4
2024,Dhamial,5
2024,DHOK MUNSHI KHAN,5
2024,MILLAT COLONY,5
2024,KAUNTRILA,4
2024,AMARPURA,4
2024,Khurram Colony,6
2024,CHAK JALAL DIN,3
2024,LAKKHAN,4
2024,CHAK JALAL DIN,4
2024,Waris Khan,6
2024,Dhamial,3
2024,BANNI,3
2024,GHEELA KHURD,3
2024,Dhoke Mangtal,6
2024,Dhoke Mangtal,6
2024,DHOK MUNSHI KHAN,4
2024,Dhoke Mangtal,5
2024,CHAK JALAL DIN,4
2024,KALYAM AWAN,6
2024,Dhoke Mangtal,9
2024,Dhoke Mangtal,7
2024,MUSLIM TOWN (WEST),5
2024,Gulistan Colony,3
2024,BANNI,4
2024,Dhoke Mangtal,6
2024,GUF,2
2024,Jhanda Chichi,3
2024,GUF,6
2024,CHAK JALAL DIN,3
2024,GANGAL,2
2024,BANNI,5
2024,Dhamial,2
2024,DARKLI MAMOORI,7
2024,Dhamial,5
2024,CHAK JALAL DIN,3
2024,Dhamial,4
2024,PANJAR,5
2024,RANIAL,5
2024,Khurram Colony,5
2024,LAKKHAN,5
2024,LAKKHAN,4
2024,Dhamial,5
2024,Dhoke Mangtal,5
2024,Mohan Pura,5
2024,Khurram Colony,5
2024,KOTHA KALAN,5
2024,LAKKHAN,4
2024,Gulistan Colony,5
2024,BANNI,5
2024,LAKKHAN,5
2024,Gulistan Colony,5
2024,DHOK ALI AKBAR,5
2024,Dhamial,5
2024,DHOK ALI AKBAR,5
2024,Dhoke Mangtal,5
2024,DHOK MUNSHI KHAN,5
2024,RANIAL,8
2024,Dhamial,4
2024,DARKLI MAMOORI,4
2024,KOTHA KALAN,5
2024,Gulistan Colony,2
2024,Dhoke Mangtal,3
2024,Dhoke Mangtal,3
2024,KOTHA KALAN,8
2024,Dhoke Mangtal,2
2024,Dhoke Mangtal,1
2024,Dhaman Syedan,6
2024,Dhoke Mangtal,2
2024,Khurram Colony,5
2024,WAH,6
2024,Dhoke Mangtal,4
2024,DARKLI MAMOORI,6
2024,DARKLI MAMOORI,5
2024,DARKLI MAMOORI,6
2024,Dhoke Mangtal,4
2024,Dhoke Mangtal,4
2024,Ratta Amral,4
2024,DHOK MUNSHI KHAN,4
2024,Dhoke Mangtal,2
2024,Dhoke Mangtal,2
2024,Dhoke Mangtal,0
2024,TAKHT PARI,4
2024,RAWALPINDI CANTT-9,8
2024,CHAK JALAL DIN,5
2024,Dhoke Mangtal,8
2024,Dhoke Mangtal,3
2024,Dhamial,4
2024,Dhoke Mangtal,3
2024,Dhoke Mangtal,4
2024,Jhanda Chichi,3
2024,Waris Khan,3
2024,Waris Khan,0
2024,Khurram Colony,5
2024,Dhamial,4
2024,Dhoke Mangtal,4
2024,DHOK ALI AKBAR,2
2024,BANNI,9
2024,Khurram Colony,4
2024,Khurram Colony,7
2024,LAKKHAN,4
2024,Dhoke Mangtal,4
2024,LAKKHAN,4
2024,CHAK JALAL DIN,3
2024,Dhoke Mangtal,4
2024,Dhamial,1
2024,DARKLI MAMOORI,5
2024,BAGGA SHEIKHAN,4
2024,Dhoke Mangtal,2
2024,CHAH SULTAN,7
2024,LAKKHAN,7
2024,KOTHA KALAN,8
2024,KOTHA KALAN,2
2024,Dhoke Mangtal,3
2024,Dhoke Mangtal,3
2024,MILLAT COLONY,3
2024,Gulistan Colony,3
2024,Khurram Colony,7
2024,RANIAL,6
2024,Gulistan Colony,7
2024,Dhoke Mangtal,3
2024,CHAK JALAL DIN,7
2024,Dhamial,6
2024,GHUNGRILA,6
2024,Dhoke Mangtal,6
2024,RANIAL,1
2024,Jhanda Chichi,6
2024,KOTHA KALAN,4
2024,DHOK MUNSHI KHAN,4
2024,PIR WADHI,5
2024,CHAK JALAL DIN,8
2024,Dhoke Mangtal,7
2024,Dhoke Mangtal,4
2024,RANIAL,4
2024,Dhoke Mangtal,4
2024,Dhoke Mangtal,4
2024,Dhoke Mangtal,10
2024,Dhamial,4
2024,Dhamial,5
2024,Dhamial,4
2024,LAKKHAN,4
2024,Dhoke Mangtal,5
2024,BANNI,4
2024,RANIAL,4
2024,AFANDI COLONY,5
2024,RANIAL,6
2024,Dhamial,5
2024,Dhoke Mangtal,5
2024,KHANA DAK,1
2024,Dhoke Mangtal,11
2024,Dhoke Mangtal,3
2024,CHAK JALAL DIN,8
2024,LAKKHAN,6
2024,Gulistan Colony,7
2024,Dhoke Mangtal,5
2024,Gulistan Colony,7
2024,Dhamial,6
2024,Khurram Colony,6
2024,MUSLIM TOWN (WEST),6
2024,Dhoke Mangtal,2
2024,KHANA DAK,1
2024,Dhoke Mangtal,8
2024,Dhaman Syedan,3
2024,Dhaman Syedan,3
2024,Dhaman Syedan,2
2024,RANIAL,3
2024,RANIAL,6
2024,CHAK JALAL DIN,5
2024,CHAK JALAL DIN,6
2024,RANIAL,7
2024,BANNI,5
2024,Dhoke Mangtal,17
2024,WAH,6
2024,LAKKHAN,6
2024,LAKKHAN,6
2024,Jhanda Chichi,3
2024,CHAK JALAL DIN,2
2024,LAKKHAN,5
2024,DHOK KHABBA,8
2024,DHOK MUNSHI KHAN,3
2024,Gulistan Colony,2
2024,LAKKHAN,6
2024,DHOK MUNSHI KHAN,3
2024,KOTHA KALAN,10
2024,Dhaman Syedan,6
2024,DHOK HUKAM DAD,6
2024,LAKKHAN,5
2024,KOTHA KALAN,4
2024,RANIAL,7
2024,BANNI,5
2024,LAKKHAN,6
2024,DHOK ALI AKBAR,4
2024,KOTHA KALAN,7
2024,DHOK ALI AKBAR,6
2024,LAKKHAN,5
2024,SHAH CHAN CHARAGH,3
2024,Dhoke Chiragh Din,5
2024,Khurram Colony,8
2024,Dhoke Mangtal,4
2024,DHOK KHABBA,1
2024,Dhamial,5
2024,Gulistan Colony,2
2024,DHOK MUNSHI KHAN,2
2024,DHOK KHABBA,3
2024,LAKKHAN,8
2024,Dhamial,5
2024,LAKKHAN,4
2024,Gulistan Colony,4
2024,Dhoke Mangtal,3
2024,KOTHA KALAN,4
2024,Dhoke Mangtal,2
2024,BANNI,5
2024,Khurram Colony,7
2024,ANGOORI,6
2024,Ratta Amral,3
2024,Dhoke Mangtal,9
2024,Dhoke Mangtal,2
2024,Dhoke Mangtal,6
2024,Dhoke Mangtal,2
2024,Gulistan Colony,5
2024,KOTHA KALAN,6
2024,Dhoke Mangtal,4
2024,Dhoke Mangtal,2
2024,CHAK JALAL DIN,5
2024,LAKKHAN,5
2024,RANIAL,6
2024,BANNI,6
2024,RANIAL,7
2024,DHOK BABU IRFAN,4
2024,Gulistan Colony,2
2024,LAKKHAN,5
2024,Khurram Colony,6
2024,Dhoke Mangtal,2
2024,LAKKHAN,4
2024,Dhoke Mangtal,3
2024,Dhoke Mangtal,3
2024,BANNI,5
2024,KARTARPURA,4
2024,Dhoke Mangtal,2
2024,DHOK KHABBA,4
2024,Dhamial,5
2024,BANNI,5
2024,BANNI,2
2024,Khurram Colony,4
2024,Dhamial,4
2024,Dhaman Syedan,4
2024,RAWALPINDI CANTT-3,5
2024,LAKKHAN,5
2024,Dhamial,3
2024,Gulistan Colony,4
2024,LAKKHAN,6
2024,Dhamial,6
2024,Dhamial,5
2024,CHAH SULTAN,5
2024,Dhoke Mangtal,4
2024,KOTHA KALAN,6
2024,Khurram Colony,5
2024,Khurram Colony,5
2024,PARIAL,6
2024,KOTHA KALAN,5
2024,Khurram Colony,5
2024,KOTHA KALAN,7
2024,Dhoke Mangtal,5
2024,DHOK MUNSHI KHAN,5
2024,Gulistan Colony,6
2024,Gulistan Colony,3
2024,Dhoke Mangtal,4
2024,DHOK ALI AKBAR,1
2024,LAKKHAN,7
2024,Dhamial,5
2024,Dhoke Mangtal,4
2024,RAWALPINDI CANTT-9,0
2024,BANDA,4
2024,Dhoke Mangtal,0
2024,Gulistan Colony,2
2024,Gulistan Colony,4
2024,Dhoke Mangtal,7
2024,Gulistan Colony,3
2024,Dhoke Mangtal,5
2024,Dhaman Syedan,4
2024,Gulistan Colony,5
2024,Purana Qila,6
2024,Khurram Colony,4
2024,KOTHA KALAN,4
2024,Dhoke Mangtal,2
2024,BANNI,4
2024,Gulistan Colony,3
2024,Dhamial,4
2024,MUSLIM TOWN (WEST),5
2024,Gulistan Colony,6
2024,Dhoke Mangtal,2
2024,LAKKHAN,5
2024,RANIAL,3
2024,FAUJI COLONY,2
2024,DHOK KHABBA,1
2024,KOTHA KALAN,7
2024,NEW KATARIAN,6
2024,Ratta Amral,7
2024,Dhoke Mangtal,5
2024,Gulistan Colony,8
2024,Khurram Colony,4
2024,CHOHA KHALSA,5
2024,Dhoke Mangtal,5
2024,RANIAL,8
2024,LAKKHAN,5
2024,Dhoke Mangtal,5
2024,DHOK FARMAN ALI,8
2024,LAKKHAN,5
2024,KALLAR SAYADDAN,7
2024,CHARHAN,6
2024,RAWALPINDI CANTT-8,3
2024,GANGAL,2
2024,KOTHA KALAN,6
2024,Dhaman Syedan,5
2024,Dhamial,4
2024,Gulistan Colony,5
2024,Dhoke Mangtal,7
2024,Gulistan Colony,0
2024,Dhoke Mangtal,3
2024,RANIAL,3
2024,KOTHA KALAN,3
2024,Dhoke Mangtal,7
2024,BASALI,5
2024,LAKKHAN,6
2024,KAHUTA-I,7
2024,Adiala,6
2024,CHAK JALAL DIN,7
2024,Dhaman Syedan,6
2024,Dhamial,5
2024,KAHUTA-I,5
2024,CHAK JALAL DIN,5
2024,DHOK ALI AKBAR,5
2024,CHAK JALAL DIN,7
2024,LAKKHAN,5
2024,Gulistan Colony,4
2024,Gulistan Colony,5
2024,Khurram Colony,5
2024,KOTHA KALAN,6
2024,DHOK FARMAN ALI,5
2024,LAKKHAN,5
2024,LAKKHAN,5
2024,Khurram Colony,6
2024,CHAK JALAL DIN,5
2024,KHANA DAK,5
2024,Gulistan Colony,3
2024,Dhoke Mangtal,5
2024,Dhoke Mangtal,3
2024,DHOK MUNSHI KHAN,3
2024,Dhoke Mangtal,4
2024,DHOK DALAL,14
2024,Gulistan Colony,6
2024,Waris Khan,14
2024,Dhamial,4
2024,LOHDRA,2
2024,MILLAT COLONY,10
2024,THATHA KHALIL,3
2024,Gulistan Colony,6
2024,Dhamial,7
2024,LAKKHAN,3
2024,DHOK MUNSHI KHAN,4
2024,LAKKHAN,5
2024,Gulistan Colony,8
2024,Dhamial,5
2024,Dhamial,5
2024,Dhoke Mangtal,4
2024,LOHDRA,5
2024,LAKKHAN,5
2024,Gulistan Colony,3
2024,LAKKHAN,2
2024,GHEL,1
2024,Dhoke Mangtal,4
2024,Gulistan Colony,5
2024,LAKKHAN,7
2024,DHOK MUNSHI KHAN,6
2024,BANNI,3
2024,LAKKHAN,5
2024,LAKKHAN,5
2024,DHOK KHABBA,4
2024,RAWALPINDI CANTT-9,6
2024,Khurram Colony,4
2024,LAKKHAN,4
2024,LAKKHAN,7
2024,Chauntra,5
2024,KOTHA KALAN,5
2024,Dhamial,5
2024,Dhoke Mangtal,3
2024,Dhoke Mangtal,5
2024,Dhamial,6
2024,LAKKHAN,7
2024,Dhamial,3
2024,LAKKHAN,5
2024,RANIAL,7
2024,Dhoke Mangtal,5
2024,DHOK ALI AKBAR,5
2024,LAKKHAN,5
2024,Dhoke Mangtal,4
2024,DHOK MUNSHI KHAN,6
2024,CHAK JALAL DIN,6
2024,DHOK MUNSHI KHAN,4
2024,Khurram Colony,6
2024,BANNI,4
2024,Dhoke Mangtal,7
2024,Dhoke Mangtal,3
2024,DHOK MUNSHI KHAN,5
2024,Jhanda Chichi,0
2024,LAKKHAN,4
2024,RANIAL,3
2024,Dhoke Mangtal,4
2024,Gulistan Colony,4
2024,LAKKHAN,4
2024,KHADYOT,4
2024,CHAH SULTAN,4
2024,RAWALPINDI CANTT-9,4
2024,Gulistan Colony,4
2024,LAKKHAN,3
2024,Dhoke Mangtal,3
2024,DHOK MUNSHI KHAN,3
2024,Gulistan Colony,3
2024,Dhoke Mangtal,1
2024,CHAK JALAL DIN,8
2024,Dhoke Mangtal,2
2024,RANIAL,5
2024,Waris Khan,7
2024,Dhoke Mangtal,4
2024,KOTHA KALAN,4
2024,KOTHA KALAN,10
2024,Dhoke Mangtal,4
2024,Dhoke Mangtal,3
2024,Dhoke Mangtal,0
2024,SAGRI KALAN,5
2024,KOTHA KALAN,7
2024,Dhoke Mangtal,6
2024,LAKKHAN,5
2024,Dhamial,5
2024,Dhoke Mangtal,3
2024,CHAK JALAL DIN,5
2024,RANIAL,4
2024,Dhamial,3
2024,RAWALPINDI CANTT-9,5
2024,LAKKHAN,5
2024,Dhamial,1
2024,CHAK JALAL DIN,8
2024,Khurram Colony,7
2024,Dhamial,5
2024,Gulistan Colony,6
2024,RANIAL,6
2024,LAKKHAN,5
2024,BANNI,4
2024,PINDORA,9
2024,Khurram Colony,5
2024,DHOK MUNSHI KHAN,5
2024,DHOK KHABBA,4
2024,KAHUTA-I,5
2024,Dhaman Syedan,1
2024,MILLAT COLONY,4
2024,Gulistan Colony,2
2024,KOTHA KALAN,5
2024,Dhoke Mangtal,4
2024,WAH,2
2024,TAKHT PARI,7
2024,Dhoke Mangtal,6
2024,BANNI,3
2024,DHOK KALA KHAN,4
2024,LAKKHAN,6
2024,Mohan Pura,2
2024,Dhoke Mangtal,3
2024,Dhamial,6
2024,MILLAT COLONY,12
2024,KAHUTA-I,5
2024,Jhanda Chichi,8
2024,Waris Khan,8
2024,Khurram Colony,5
2024,BANNI,6
2024,Dhoke Mangtal,7
2024,BEOR,5
2024,LAKKHAN,5
2024,Dhoke Mangtal,4
2024,LAKKHAN,3
2024,CHAK JALAL DIN,4
2024,MILLAT COLONY,6
2024,Khurram Colony,6
2024,Dhamial,4
2024,RANIAL,5
2024,RANIAL,7
2024,RANIAL,5
2024,DHOK ALI AKBAR,3
2024,LAKKHAN,7
2024,Dhoke Mangtal,7
2024,KOTHA KALAN,7
2024,Khurram Colony,5
2024,GANGAL,4
2024,AFANDI COLONY,5
2024,Dhamial,4
2024,Dhamial,5
2024,LOHDRA,4
2024,LAKKHAN,6
2024,LAKKHAN,7
2024,Dhamial,4
2024,Dhamial,3
2024,Dhaman Syedan,3
2024,BANNI,3
2024,KOTHA KALAN,5
2024,LAKKHAN,6
2024,LAKKHAN,5
2024,KOTHA KALAN,12
2024,DHOK KHABBA,6
2024,KOTHA KALAN,5
2024,DHOK MUNSHI KHAN,3
2024,KOTHA KALAN,2
2024,Waris Khan,5
2024,Gulistan Colony,4
2024,Dhoke Mangtal,2
2024,KOTHA KALAN,3
2024,LAKKHAN,7
2024,Dhaman Syedan,5
2024,Dhoke Mangtal,1
2024,BASALI,5
2024,Gulistan Colony,6
2024,RAWALPINDI CANTT-8,7
2024,RANIAL,5
2024,Dhamial,5
2024,Dhoke Mangtal,3
2024,Khurram Colony,6
2024,Dhoke Mangtal,3
2024,Jhanda Chichi,3
2024,Dhamial,5
2024,LAKKHAN,7
2024,Jhanda Chichi,5
2024,LAKKHAN,6
2024,LAKKHAN,6
2024,LAKKHAN,0
2024,Dhaman Syedan,8
2024,Dhamial,1
2024,Khurram Colony,6
2024,Dhoke Mangtal,6
2024,DHOK MUNSHI KHAN,5
2024,LAKKHAN,5
2024,Dhamial,5
2024,Dhoke Mangtal,6
2024,Dhoke Mangtal,5
2024,CHAK JALAL DIN,9
2024,LAKKHAN,5
2024,CHAK JALAL DIN,4
2024,DHOK ALI AKBAR,4
2024,Dhamial,5
2024,CHAK JALAL DIN,4
2024,Dhamial,4
2024,LAKKHAN,5
2024,LAKKHAN,5
2024,LAKKHAN,4
2024,KHANA DAK,7
2024,Jhanda Chichi,1
2024,Khurram Colony,1
2024,KOTHA KALAN,0
2024,Purana Qila,6
2024,LAKKHAN,7
2024,CHAK JALAL DIN,4
2024,LAKKHAN,7
2024,RANIAL,5
2024,LAKKHAN,1
2024,RAWALPINDI CANTT-9,6
2024,Dhoke Mangtal,4
2024,Dhoke Mangtal,3
2024,KARTARPURA,4
2024,LAKKHAN,11
2024,GARHEE SIKANDAR,3
2024,Dhoke Mangtal,3
2024,LAKKHAN,7
2024,Dhoke Mangtal,4
2024,Dhamial,7
2024,Dhoke Mangtal,6
2024,RANIAL,6
2024,RANIAL,4
2024,LAKKHAN,3
2024,LAKKHAN,6
2024,PURANA QILLA,2
2024,RANIAL,4
2024,CHAH SULTAN,6
2024,CHANGA BANGIAL,4
2024,PURANA QILLA,8
2024,RANIAL,5
2024,KARTARPURA,4
2024,KARTARPURA,0
2024,PINDORA,5
2024,AMARPURA,5
2024,Dhoke Mangtal,3
2024,LAKKHAN,5
2024,LAKKHAN,6
2024,DHOK ALI AKBAR,2
2024,Gulistan Colony,4
2024,RANIAL,2
2024,SHAH CHAN CHARAGH,5
2024,Dhoke Mangtal,4
2024,Dhoke Mangtal,7
2024,Dhoke Mangtal,5
2024,DHOK KHABBA,3
2024,LAKKHAN,2
2024,Waris Khan,4
2024,PANJGRAN KALAN,5
2024,LAKKHAN,5
2024,Khurram Colony,7
2024,DHOK ALI AKBAR,5
2024,Dhamial,5
2024,MOSYARI,4
2024,Gulistan Colony,7
2024,Dhoke Chiragh Din,3
2024,RANIAL,5
2024,LAKKHAN,0
2024,LAKKHAN,10
2024,Dhamial,6
2024,Khurram Colony,5
2024,LAKKHAN,6
2024,LAKKHAN,4
2024,RANIAL,7
2024,107 UC,9
2024,Khurram Colony,2
2024,LAKKHAN,7
2024,Gulistan Colony,6
2024,Dhamial,7
2024,LAKKHAN,8
2024,LAKKHAN,1
2024,BANDA,1
2024,LAKKHAN,8
2024,Dhoke Mangtal,5
2024,Khurram Colony,4
2024,LAKKHAN,3
2024,DHOK MUNSHI KHAN,7
2024,WAH,7
2024,PINDORA,2
2024,Dhaman Syedan,2
2024,DHOK MUNSHI KHAN,5
2024,DHOK MUNSHI KHAN,4
2024,LAKKHAN,8
2024,DHOK ALI AKBAR,5
2024,LAKKHAN,7
2024,DHOK FARMAN ALI,5
2024,DHOK BABU IRFAN,4
2024,Dhoke Mangtal,5
2024,SHAH CHAN CHARAGH,8
2024,Dhoke Mangtal,4
2024,Dhok Ratta,7
2024,BANNI,6
2024,GHEELA KHURD,4
2024,Dhoke Mangtal,5
2024,Gulistan Colony,5
2024,BAGGA SHEIKHAN,5
2024,Dhamial,4
2024,LAKKHAN,5
2024,Dhoke Mangtal,5
2024,SHAH CHAN CHARAGH,2
2024,DHOK ALI AKBAR,15
2024,LAKKHAN,7
2024,KANOHA,6
2024,Dhoke Mangtal,5
2024,KURI DULAL,5
2024,KOTHA KALAN,4
2024,GUF,5
2024,Dhamial,3
2024,LAKKHAN,5
2024,Dhoke Mangtal,2
2024,Dhoke Mangtal,5
2024,BANNI,6
2024,KOTHA KALAN,4
2024,RANIAL,7
2024,Dhoke Mangtal,5
2024,LAKKHAN,3
2024,KOTHA KALAN,3
2024,Chhappar,6
2024,Dhoke Mangtal,4
2024,LAKKHAN,7
2024,LAKKHAN,4
2024,LAKKHAN,9
2024,LAKKHAN,9
2024,LAKKHAN,7
2024,RANIAL,7
2024,GHEELA KHURD,6
2024,RANIAL,6
2024,Dhoke Mangtal,5
2024,Waris Khan,3
2024,Dhoke Mangtal,3
2024,DHOK HUKAM DAD,8
2024,BANNI,9
2024,BANNI,5
2024,KOTHA KALAN,6
2024,BASALI,5
2024,KOTHA KALAN,4
2024,DHOK MUNSHI KHAN,5
2024,LAKKHAN,5
2024,DHOK ALI AKBAR,6
2024,Khurram Colony,3
2024,Khurram Colony,0
2024,Dhoke Mangtal,1
2024,LAKKHAN,5
2024,LAKKHAN,3
2024,RAWALPINDI CANTT-9,3
2024,RANIAL,3
2024,Dhoke Mangtal,3
2024,DHOK ALI AKBAR,2
2024,DHOK MUNSHI KHAN,7
2024,Dhamial,5
2024,Dhamial,2
2024,Dhoke Mangtal,2
2024,LAKKHAN,3
2024,Gulistan Colony,2
2024,RANIAL,2
2024,Khurram Colony,2
2024,KOTHA KALAN,4
2024,Dhamial,9
2024,Dhamial,9
2024,Dhamial,9
2024,RANIAL,3
2024,Dhamial,3
2024,LAKKHAN,3
2024,Dhoke Mangtal,4
2024,BISHANDOT,3
2024,LAKKHAN,6
2024,DHOK MUNSHI KHAN,4
2024,Gulistan Colony,2
2024,Dhamial,2
2024,Dhoke Mangtal,1
2024,DHOK ALI AKBAR,5
2024,MOHANPURA,4
2024,Dhamial,4
2024,SUI CHEEMIAN,7
2024,Dhamial,3
2024,Dhoke Mangtal,3
2024,Dhoke Mangtal,5
2024,RANIAL,3
2024,Gulistan Colony,4
2024,DHOK ALI AKBAR,4
2024,RANIAL,1
2024,Khurram Colony,5
2024,LAKKHAN,6
2024,Khurram Colony,8
2024,RANIAL,4
2024,RANIAL,17
2024,GANGAL,4
2024,LAKKHAN,1
2024,RANIAL,1
2024,DHOK ALI AKBAR,7
2024,MURREE,6
2024,RANIAL,5
2024,KARTARPURA,3
2024,Dhamial,5
2024,WAH CANTT-3,7
2024,KARTARPURA,7
2024,RANIAL,1
2024,RANIAL,1
2024,MANDRA,1
2024,Dhoke Mangtal,1
2024,LAKKHAN,2
2024,DHOK FARMAN ALI,4
2024,LOHDRA,2
2024,DHOK KHABBA,6
2024,PURANA QILLA,4
2024,LAKKHAN,4
2024,BHADANA,4
2024,KANIAT KHALIL,13
2024,BEOR,9
2024,DHOK FARMAN ALI,4
2024,BISHANDOT,4
2024,KOTHA KALAN,4
2024,Gulistan Colony,4
2024,Dhoke Mangtal,9
2024,Gulistan Colony,7
2024,Gulistan Colony,3
2024,DHOK ALI AKBAR,3
2024,Gulistan Colony,6
2024,Gulistan Colony,5
2024,Dhoke Mangtal,4
2024,RANIAL,5
2024,Dhoke Mangtal,4
2024,Dhaman Syedan,2
2024,Dhaman Syedan,1
2024,LAKKHAN,0
2024,DHOK ALI AKBAR,4
2024,GANGAL,8
2024,DHOK HUKAM DAD,1
2024,Dhoke Mangtal,1
2024,Dhoke Mangtal,3
2024,LAKKHAN,3
2024,AFANDI COLONY,3
2024,BHADANA,3
2024,LAKKHAN,6
2024,LAKKHAN,6
2024,LAKKHAN,4
2024,DHOK ALI AKBAR,3
2024,Khurram Colony,4
2024,LAKKHAN,4
2024,Dhoke Mangtal,4
2024,BISHANDOT,4
2024,RANIAL,8
2024,LAKKHAN,0
2024,KOTHA KALAN,3
2024,MILLAT COLONY,3
2024,Dhamial,4
2024,Dhaman Syedan,4
2024,LAKKHAN,6
2024,Purana Qila,5
2024,KOTHA KALAN,2
2024,DHOK FARMAN ALI,6
2024,Dhok Ratta,1
2024,BANNI,4
2024,LAKKHAN,3
2024,Dhoke Mangtal,6
2024,LAKKHAN,6
2024,LAKKHAN,5
2024,Gulistan Colony,3
2024,Gulistan Colony,2
2024,DHOK ALI AKBAR,2
2024,Dhoke Mangtal,11
2024,Dhoke Mangtal,4
2024,Gulistan Colony,2
2024,LAKKHAN,8
2024,DARKLI MAMOORI,3
2024,LAKKHAN,3
2024,KURI DULAL,3
2024,LAKKHAN,3
2024,PURANA QILLA,3
2024,DHOK FARMAN ALI,3
2024,PANJAR,0
2024,PURANA QILLA,2
2024,Dhoke Mangtal,0
2024,Dhaman Syedan,6
2024,DHOK ALI AKBAR,3
2024,BANNI,3
2024,DARKLI MAMOORI,12
2024,Gulistan Colony,3
2024,TAKHT PARI,7
2024,107 UC,8
2024,Khurram Colony,2
2024,KOTHA KALAN,2
2024,Gulistan Colony,2
2024,NARA,3
2024,DHOK FARMAN ALI,7
2024,SAGRI KALAN,3
2024,Gulistan Colony,4
2024,Gulistan Colony,6
2024,Jhanda Chichi,2
2024,Gulistan Colony,3
2024,Gulistan Colony,3
2024,Dhoke Mangtal,3
2024,DHOK KASHMIRIAN,5
2024,KARTARPURA,2
2024,RANIAL,8
2024,LAKKHAN,5
2024,TAKHT PARI,4
2024,Dhoke Mangtal,5
2024,Gulistan Colony,4
2024,RANIAL,4
2024,DHOK KHABBA,5
2024,KOTHA KALAN,4
2024,Dhoke Mangtal,8
2024,DHOK HUKAM DAD,5
2024,Dhoke Mangtal,4
2024,Gulistan Colony,4
2024,Gulistan Colony,4
2024,Gulistan Colony,5
2024,BISHANDOT,4
2024,Waris Khan,6
2024,KOTHA KALAN,6
2024,RANIAL,3
2024,DHOK MUNSHI KHAN,3
2024,Dhoke Mangtal,8
2024,LAKKHAN,9
2024,Waris Khan,9
2024,SANTHA SAROOLA,2
2024,AMARPURA,2
2024,BISHANDOT,2
2024,Dhoke Mangtal,4
2024,Dhoke Mangtal,6
2024,DHOK BABU IRFAN,7
2024,AMARPURA,2
2024,LAKKHAN,4
2024,Dhoke Mangtal,4
2024,LAKKHAN,8
2024,LAKKHAN,6
2024,LAKKHAN,7
2024,Gulistan Colony,5
2024,Gulistan Colony,6
2024,Dhoke Mangtal,4
2024,Gulistan Colony,8
2024,Dhoke Mangtal,10
2024,Dhoke Mangtal,4
2024,BHADANA,6
2024,BAGGA SHEIKHAN,8
2024,BAGGA SHEIKHAN,6
2024,Dhoke Mangtal,7
2024,LAKKHAN,5
2024,MILLAT COLONY,14
2024,LOHDRA,1
2024,DHOK MUNSHI KHAN,4
2024,KOTHA KALAN,4
2024,RANIAL,4
2024,CHAK JALAL DIN,1
2024,Dhoke Mangtal,4
2024,GHAZAN ABAD,1
2024,Dhoke Mangtal,2
2024,DHOK FARMAN ALI,6
2024,Dhoke Mangtal,7
2024,DHOK FARMAN ALI,6
2024,BAGGA SHEIKHAN,4
2024,RANIAL,3
2024,CHAHAN,3
2024,LAKKHAN,2
2024,LAKKHAN,2
2024,DHOK BABU IRFAN,3
2024,GHEELA KHURD,6
2024,LAKKHAN,11
2024,LAKKHAN,6
2024,LAKKHAN,1
2024,Dhoke Mangtal,3
2024,LAKKHAN,1
2024,LAKKHAN,5
2024,SHAH CHAN CHARAGH,2
2024,Khurram Colony,4
2024,LAKKHAN,6
2024,RANIAL,5
2024,LAKKHAN,3
2024,KAHUTA-I,3
2024,Waris Khan,8
2024,Gulistan Colony,5
2024,CHAK BELI KHAN,3
2024,GHEELA KHURD,7
2024,Dhaman Syedan,4
2024,DHOK ALI AKBAR,3
2024,WAH,3
2024,DHOK MUNSHI KHAN,4
2024,Dhaman Syedan,2
2024,RANIAL,3
2024,RANIAL,7
2024,DHOK KALA KHAN,2
2024,LOHDRA,8
2024,DHOK ALI AKBAR,2
2024,MILLAT COLONY,5
2024,KAHUTA-I,2
2024,Gulistan Colony,15
2024,Dhamial,2
2024,GANGAL,3
2024,Gulistan Colony,11
2024,DHOK BABU IRFAN,4
2024,DHOK MUNSHI KHAN,5
2024,Dhamial,4
2024,DHOK MUNSHI KHAN,3
2024,Gulistan Colony,3
2024,Gulistan Colony,3
2024,JAND MEHLO,3
2024,Gulistan Colony,4
2024,Jhanda Chichi,3
2024,KOTHA KALAN,4
2024,SHAH CHAN CHARAGH,2
2024,Gulistan Colony,2
2024,LAKKHAN,2
2024,DHOK ALI AKBAR,2
2024,Dhamial,2
2024,BANNI,2
2024,DHOK KHABBA,8
2024,LOHDRA,3
2024,Khurram Colony,5
2024,Dhoke Mangtal,3
2024,DHOK ALI AKBAR,6
2024,LAKKHAN,6
2024,Gulistan Colony,2
2024,Dhoke Mangtal,7
2024,SANTHA SAROOLA,2
2024,Waris Khan,5
2024,KAHUTA-I,1
2024,RANIAL,1
2024,BAJNIAL,11
2024,Dhoke Mangtal,10
2024,Ganj Mandi,4
2024,RAWALPINDI CANTT-3,4
2024,Dhoke Mangtal,1
2024,DHOK ALI AKBAR,12
2024,LAKKHAN,3
2024,LAKKHAN,5
2024,RANIAL,4
2024,LAKKHAN,5
2024,LAKKHAN,5
2024,Gulistan Colony,3
2024,KOTHA KALAN,5
2024,LAKKHAN,2
2024,Dhamial,6
2024,RAWALPINDI CANTT-9,8
2024,Dhamial,4
2024,JAND MEHLO,5
2024,SAKOT,13
2024,Dhaman Syedan,3
2024,KOTHA KALAN,35
2024,LAKKHAN,9
2024,Dhaman Syedan,5
2024,LAKKHAN,7
2024,Dhoke Mangtal,0
2024,Waris Khan,5
2024,KOTHA KALAN,4
2024,DHOK ALI AKBAR,8
2024,LAKKHAN,2
2024,LAKKHAN,11
2024,KHANA DAK,4
2024,Khurram Colony,1
2024,RAWALPINDI CANTT-9,10
2024,CITY-46,6
2024,Dhoke Mangtal,5
2024,PANJGRAN KALAN,7
2024,RAWALPINDI CANTT-9,3
2024,CHOHA KHALSA,13
2024,CHOHA KHALSA,13
2024,CHAK JALAL DIN,5
2024,MATWA,3
2024,Gulistan Colony,4
2024,WAH,5
2024,Gulistan Colony,3
2024,CHAK JALAL DIN,6
2024,Dhoke Mangtal,4
2024,Dhoke Mangtal,4
2024,CHAK JALAL DIN,5
2024,DEVI,3
2024,Dhoke Mangtal,4
2024,GANJ MANDI,5
2024,CHAK JALAL DIN,7
2024,CHAK JALAL DIN,3
2024,RAWALPINDI CANTT-3,6
2024,JARMOT KALAN,5
2024,LEHTRAR BALA,6
2024,RAWALPINDI CANTT-9,2
2024,Dhamial,1
2024,Dhaman Syedan,0
2024,MATWA,3
2024,MATWA,3
2024,Dhoke Mangtal,2
2024,DHOK KALA KHAN,8
2023,DHOK MUNSHI KHAN,7
2023,Dhamial,5
2023,KAHUTA-I,5
2023,Kolian Hamid,0
2023,BANNI,8
2023,Gulistan Colony,3
2023,DHOK ALI AKBAR,6
2023,BANNI,1
2023,Dhoke Mangtal,4
2023,Dhoke Mangtal,2
2023,MATOR,2
2023,DHOK ALI AKBAR,0
2023,Dhoke Mangtal,1
2023,KOTHA KALAN,4
2023,Dhamial,7
2023,CHAH SULTAN,5
2023,Waris Khan,6
2023,DHOK KHABBA,5
2023,LAKKHAN,3
2023,Dhoke Mangtal,4
2023,Gulistan Colony,4
2023,Khurram Colony,5
2023,Dhoke Mangtal,3
2023,KOTHA KALAN,6
2023,Dhamial,2
2023,DHOK KALA KHAN,5
2023,DHOK DALAL,0
2023,Khurram Colony,2
2023,GANJ MANDI,4
2023,DHOK ALI AKBAR,0
2023,KARTARPURA,5
2023,KOTHA KALAN,5
2023,Jhanda Chichi,0
2023,CHAH SULTAN,0
2023,DHOK ALI AKBAR,0
2023,DHOK MUNSHI KHAN,0
2023,KOTHA KALAN,1
2023,PINDORA,1
2023,CHAH SULTAN,1
2023,Dhoke Mangtal,1
2023,DARKLI MAMOORI,0
2023,BANNI,0
2023,DHOK KALA KHAN,3
2023,KOTHA KALAN,5
2023,Dhoke Mangtal,4
2023,DHOK ALI AKBAR,4
2023,GARHEE SIKANDAR,3
2023,Dhaman Syedan,5
2023,Gulistan Colony,1
2023,KARTARPURA,1
2023,Khurram Colony,2
2023,BANNI,5
2023,KOTHA KALAN,2
2023,Dhoke Mangtal,4
2023,KOTHA KALAN,3
2023,Khurram Colony,2
2023,Dhoke Mangtal,5
2023,RAWALPINDI CANTT-9,1
2023,DHOK MUNSHI KHAN,1
2023,Dhoke Mangtal,1
2023,DHOK KALA KHAN,1
2023,DHOK KALA KHAN,4
2023,BANNI,4
2023,DHOK ALI AKBAR,4
2023,BANNI,3
2023,Dhamial,4
2023,Jhanda Chichi,7
2023,DHOK FARMAN ALI,0
2023,DHOK FARMAN ALI,0
2023,RAWALPINDI CANTT-9,5
2023,DHOK KALA KHAN,5
2023,JHUNGAL,9
2023,Dhaman Syedan,1
2023,DHOK MUNSHI KHAN,7
2023,LAKKHAN,5
2023,RAWALPINDI CANTT-9,3
2023,BANNI,0
2023,BANNI,0
2023,Dhoke Mangtal,0
2023,BANNI,0
2023,BANNI,0
2023,BANNI,0
2023,CHAH SULTAN,5
2023,Dhoke Chiragh Din,5
2023,BANNI,6
2023,BANNI,6
2023,Dhoke Mangtal,6
2023,Dhaman Syedan,4
2023,TAKHT PARI,5
2023,KARTARPURA,7
2023,DHOK KALA KHAN,1
2023,Waris Khan,1
2023,DHOK MUNSHI KHAN,3
2023,DHOK KALA KHAN,1
2023,Gulistan Colony,5
2023,KOTHA KALAN,4
2023,CHAH SULTAN,1
2023,DHOK FARMAN ALI,4
2023,Dhaman Syedan,4
2023,Dhamial,5
2023,DHOK ALI AKBAR,6
2023,DHOK ALI AKBAR,6
2023,BANNI,1
2023,Dhoke Mangtal,1
2023,Khurram Colony,1
2023,Khurram Colony,1
2023,Dhamial,7
2023,JALALA,3
2023,DHOK MUNSHI KHAN,6
2023,BAJNIAL,7
2023,KOTHA KALAN,3
2023,DHOK ALI AKBAR,3
2023,BANNI,4
2023,DHOK ALI AKBAR,4
2023,SHAH CHAN CHARAGH,3
2023,RAWALPINDI CANTT-9,3
2023,SHAH CHAN CHARAGH,1
2023,BASALI,0
2023,DHOK MUNSHI KHAN,0
2023,CHAK JALAL DIN,1
2023,BANNI,1
2023,KOTHA KALAN,1
2023,DHOK MUNSHI KHAN,5
2023,RAWALPINDI CANTT-9,9
2023,Dhoke Mangtal,8
2023,JAND MEHLO,10
2023,Khurram Colony,2
2023,Gulistan Colony,10
2023,Waris Khan,5
2023,RANIAL,4
2023,DHOK MUNSHI KHAN,1
2023,Gulistan Colony,1
2023,DHOK KHABBA,5
2023,LAKKHAN,4
2023,DHOK ALI AKBAR,6
2023,Dhoke Mangtal,5
2023,Gulistan Colony,1
2023,AMARPURA,4
2023,CHAK JALAL DIN,5
2023,Khurram Colony,3
2023,BANNI,3
2023,DHOK ALI AKBAR,3
2023,KOTHA KALAN,4
2023,Waris Khan,3
2023,Khurram Colony,7
2023,BANNI,1
2023,MILLAT COLONY,1
2023,Waris Khan,1
2023,Khurram Colony,6
2023,MILLAT COLONY,4
2023,KHADYOT,0
2023,MORGAH,1
2023,Khurram Colony,1
2023,Dhaman Syedan,1
2023,DHOK ALI AKBAR,1
2023,Dhoke Mangtal,1
2023,RANIAL,23
2023,RAWALPINDI CANTT-9,8
2023,BANNI,4
2023,Gulistan Colony,7
2023,Dhoke Mangtal,7
2023,DHOK ALI AKBAR,5
2023,Dhoke Chiragh Din,1
2023,KOTHA KALAN,8
2023,BANNI,4
2023,BANNI,8
2023,Waris Khan,0
2023,Khurram Colony,1
2023,Gulistan Colony,1
2023,BANNI,1
2023,GANJ MANDI,4
2023,Waris Khan,4
2023,Khurram Colony,0
2023,KHANA DAK,0
2023,BANNI,0
2023,BANNI,1
2023,DHOK ALI AKBAR,1
2023,KOTHA KALAN,2
2023,KARTARPURA,4
2023,Dhoke Mangtal,9
2023,Dhamial,6
2023,MILLAT COLONY,5
2023,MILLAT COLONY,5
2023,LAKKHAN,1
2023,Dhaman Syedan,7
2023,KOTHA KALAN,3
2023,DHOK KALA KHAN,8
2023,AMARPURA,4
2023,DHOK KHABBA,1
2023,SHAH CHAN CHARAGH,1
2023,Waris Khan,1
2023,GHORA GALI,1
2023,KHANA DAK,3
2023,AMARPURA,4
2023,DHOK MUNSHI KHAN,4
2023,Dhaman Syedan,6
2023,Gulistan Colony,4
2023,Gulistan Colony,7
2023,Dhoke Mangtal,10
2023,BANNI,6
2023,Dhoke Mangtal,6
2023,Dhoke Mangtal,5
2023,KOTHA KALAN,0
2023,Gulistan Colony,0
2023,DHOK ALI AKBAR,1
2023,Dhoke Mangtal,1
2023,DHOK KALA KHAN,1
2023,KOTHA KALAN,5
2023,BANNI,3
2023,Dhamial,7
2023,KOTHA KALAN,7
2023,Khurram Colony,8
2023,GHEL,7
2023,MOHANPURA,4
2023,Mohan Pura,4
2023,Dhoke Mangtal,4
2023,DHOK MUNSHI KHAN,1
2023,Dhaman Syedan,3
2023,KARTARPURA,1
2023,PURANA QILLA,5
2023,Khurram Colony,3
2023,BANNI,3
2023,DHOK MUNSHI KHAN,4
2023,DHOK MUNSHI KHAN,1
2023,KOTHA KALAN,1
2023,GANGAL,0
2023,SAGRI KALAN,3
2023,Dhamial,3
2023,KOTHA KALAN,3
2023,DHOK MUNSHI KHAN,3
2023,Dhamial,6
2023,KOTHA KALAN,4
2023,Dhoke Mangtal,5
2023,GHEELA KHURD,1
2023,DHOK DALAL,1
2023,Dhaman Syedan,4
2023,Khurram Colony,2
2023,KHANA DAK,2
2023,FAUJI COLONY,2
2023,Dhoke Mangtal,6
2023,Gulistan Colony,7
2023,DHOK MUNSHI KHAN,3
2023,Waris Khan,3
2023,Dhamial,2
2023,DHOK MUNSHI KHAN,2
2023,DHOK MUNSHI KHAN,3
2023,BANGISH COLONY,2
2023,DHOK ALI AKBAR,1
2023,DHOK MUNSHI KHAN,4
2023,DHOK MUNSHI KHAN,5
2023,DHOK MUNSHI KHAN,1
2023,DHOK MUNSHI KHAN,5
2023,Dhoke Chiragh Din,0
2023,LAKKHAN,4
2023,BANNI,6
2023,Khurram Colony,7
2023,Gulistan Colony,3
2023,Dhaman Syedan,1
2023,Khurram Colony,3
2023,Khurram Colony,3
2023,BANNI,3
2023,Dhaman Syedan,4
2023,DHOK ALI AKBAR,3
2023,KARTARPURA,6
2023,MUSLIM TOWN (WEST),6
2023,Dhoke Mangtal,4
2023,MILLAT COLONY,4
2023,Chhappar,4
2023,DHOK MUNSHI KHAN,3
2023,KOTHA KALAN,1
2023,DHOK ALI AKBAR,4
2023,MUSLIM TOWN (WEST),1
2023,NEW KATARIAN,4
2023,DHOK MUNSHI KHAN,4
2023,DHOK MUNSHI KHAN,6
2023,LAKKHAN,5
2023,KALLAR SAYADDAN,1
2023,KHANA DAK,5
2023,CHAK JALAL DIN,1
2023,Dhoke Mangtal,5
2023,Dhamial,5
2023,KARTARPURA,2
2023,Dhoke Mangtal,1
2023,MILLAT COLONY,1
2023,DHOK MUNSHI KHAN,1
2023,CHAK JALAL DIN,3
2023,Gulistan Colony,5
2023,KOTHA KALAN,7
2023,Khurram Colony,4
2023,DHOK MUNSHI KHAN,3
2023,BANNI,3
2023,KOTHA KALAN,4
2023,Dhamial,3
2023,DHOK HUKAM DAD,3
2023,Gulistan Colony,3
2023,DHOK ALI AKBAR,3
2023,RAWALPINDI CANTT-9,4
2023,KOTHA KALAN,5
2023,DHOK MUNSHI KHAN,4
2023,DHOK MUNSHI KHAN,5
2023,DHOK ALI AKBAR,4
2023,MANYANDAH,3
2023,KOTHA KALAN,10
2023,GHEELA KHURD,4
2023,DHOK ALI AKBAR,7
2023,DHOK MUNSHI KHAN,4
2023,Jhanda Chichi,4
2023,Dhoke Mangtal,4
2023,GANGAL,3
2023,KOTHA KALAN,5
2023,KOTHA KALAN,4
2023,Dhaman Syedan,3
2023,RANIAL,5
2023,DHOK DALAL,9
2023,GANJ MANDI,0
2023,KOTHA KALAN,4
2023,Khurram Colony,4
2023,DHOK MUNSHI KHAN,7
2023,CHAK JALAL DIN,6
2023,Dhamial,4
2023,AMARPURA,5
2023,MOHANPURA,2
2023,Khurram Colony,6
2023,RANIAL,6
2023,DHOK MUNSHI KHAN,6
2023,Dhaman Syedan,6
2023,Khurram Colony,2
2023,Khurram Colony,1
2023,DHOK ALI AKBAR,3
2023,KOTHA KALAN,2
2023,DHOK MUNSHI KHAN,2
2023,DHOK ALI AKBAR,2
2023,Khurram Colony,4
2023,SEHAL,1
2023,TAKHT PARI,1
2023,KOTHA KALAN,1
2023,Gulistan Colony,3
2023,Khurram Colony,3
2023,Khurram Colony,2
2023,TAKHT PARI,2
2023,DHOK MUNSHI KHAN,4
2023,Gulistan Colony,5
2023,DHOK ALI AKBAR,2
2023,DHOK MUNSHI KHAN,0
2023,GANGAL,0
2023,KOTHA KALAN,1
2023,Dhaman Syedan,3
2023,Khurram Colony,3
2023,DHOK MUNSHI KHAN,2
2023,DOBERAN KHURD,3
2023,Dhoke Mangtal,5
2023,DHOK ALI AKBAR,7
2023,SHAH CHAN CHARAGH,4
2023,KOTHA KALAN,5
2023,WAH CANTT-1,0
2023,KOTHA KALAN,4
2023,Chhappar,3
2023,Dhaman Syedan,4
2023,Khurram Colony,4
2023,KOTHA KALAN,3
2023,KHANA DAK,3
2023,BANNI,3
2023,Dhamial,4
2023,Gulistan Colony,3
2023,Dhoke Mangtal,0
2023,SHAH CHAN CHARAGH,3
2023,KOTHA KALAN,3
2023,Dhamial,5
2023,DHOK MUNSHI KHAN,6
2023,KOTHA KALAN,6
2023,KOTHA KALAN,3
2023,DHOK MUNSHI KHAN,1
2023,DHOK MUNSHI KHAN,4
2023,DHOK MUNSHI KHAN,6
2023,GUF,0
2023,WAH,0
2023,KANOHA,1
2023,Khurram Colony,4
2023,Khurram Colony,3
2023,KOTHA KALAN,4
2023,GHAZAN ABAD,3
2023,Khurram Colony,4
2023,MUSLIM TOWN (WEST),5
2023,Dhamial,5
2023,Dhoke Mangtal,6
2023,Khurram Colony,4
2023,DHOK ALI AKBAR,5
2023,KOTHA KALAN,8
2023,Khurram Colony,4
2023,KOTHA KALAN,3
2023,Ratta Amral,5
2023,KOTHA KALAN,5
2023,Gulistan Colony,4
2023,DHOK FARMAN ALI,6
2023,Gulistan Colony,5
2023,Khurram Colony,6
2023,Dhamial,1
2023,CHAH SULTAN,1
2023,Dhaman Syedan,2
2023,DHOK ALI AKBAR,1
2023,DHOK ALI AKBAR,0
2023,TAKHT PARI,0
2023,RAWALPINDI CANTT-9,1
2023,Dhoke Mangtal,1
2023,CHOHA KHALSA,1
2023,DHOK KALA KHAN,1
2023,RAWALPINDI CANTT-9,3
2023,Gulistan Colony,3
2023,KOTHA KALAN,2
2023,DHOK MUNSHI KHAN,3
2023,Gulistan Colony,3
2023,KOTHA KALAN,3
2023,Gulistan Colony,3
2023,Dhoke Mangtal,4
2023,DHOK MUNSHI KHAN,6
2023,KHURAM PARACHA,7
2023,NARA,7
2023,KOTHA KALAN,5
2023,KOTHA KALAN,6
2023,Dhoke Mangtal,5
2023,Chhappar,4
2023,DHOK ALI AKBAR,3
2023,GHEELA KHURD,4
2023,Dhoke Mangtal,7
2023,Khurram Colony,5
2023,Gulistan Colony,7
2023,TAKHT PARI,4
2023,Gulistan Colony,3
2023,Gulistan Colony,3
2023,Khurram Colony,3
2023,Gulistan Colony,5
2023,Dhoke Mangtal,4
2023,Khurram Colony,1
2023,Khurram Colony,4
2023,Jhanda Chichi,3
2023,DHOK MUNSHI KHAN,4
2023,KALYAM AWAN,4
2023,Dhoke Mangtal,4
2023,KOTHA KALAN,6
2023,DHOK ALI AKBAR,32
2023,BANNI,3
2023,DHOK ALI AKBAR,7
2023,DHOK MUNSHI KHAN,34
2023,Gulistan Colony,1
2023,Dhoke Mangtal,0
2023,Waris Khan,0
2023,Dhaman Syedan,0
2023,Jhanda Chichi,0
2023,SHAH CHAN CHARAGH,1
2023,SHAH CHAN CHARAGH,1
2023,DHOK MUNSHI KHAN,1
2023,Gulistan Colony,1
2023,Dhamial,3
2023,Dhamial,3
2023,KOTHA KALAN,4
2023,Khurram Colony,11
2023,Dhaman Syedan,9
2023,DHOK MUNSHI KHAN,1
2023,Dhamial,1
2023,Dhoke Mangtal,5
2023,BAGGA SHEIKHAN,5
2023,KARTARPURA,5
2023,DHOK MUNSHI KHAN,5
2023,DHOK ALI AKBAR,5
2023,Dhoke Mangtal,5
2023,Dhoke Mangtal,0
2023,MILLAT COLONY,0
2023,BANNI,0
2023,KOTHA KALAN,4
2023,RAWALPINDI CANTT-9,6
2023,Gulistan Colony,4
2023,CHAH SULTAN,8
2023,KOTHA KALAN,5
2023,Dhaman Syedan,1
2023,MILLAT COLONY,4
2023,Dhamial,1
2023,KARTARPURA,5
2023,SHAH CHAN CHARAGH,7
2023,KOTHA KALAN,4
2023,DHOK MUNSHI KHAN,4
2023,Dhaman Syedan,0
2023,DHOK ALI AKBAR,0
2023,DHOK MUNSHI KHAN,1
2023,KARTARPURA,1
2023,KANOHA,1
2023,Dhamial,1
2023,Chhappar,3
2023,KOTHA KALAN,3
2023,KHANA DAK,3
2023,MORGAH,3
2023,KOTHA KALAN,2
2023,DHOK MUNSHI KHAN,2
2023,DHOK MUNSHI KHAN,3
2023,DHOK MUNSHI KHAN,2
2023,DHOK MUNSHI KHAN,4
2023,DHOK ALI AKBAR,0
2023,DHOK MUNSHI KHAN,0
2023,Dhoke Mangtal,0
2023,CHAK BELI KHAN,1
2023,GHEELA KHURD,1
2023,Gulistan Colony,1
2023,KOTHA KALAN,1
2023,Dhoke Mangtal,1
2023,Jhanda Chichi,4
2023,Dhaman Syedan,3
2023,DHOK MUNSHI KHAN,3
2023,DHOK MUNSHI KHAN,3
2023,Khurram Colony,3
2023,DHOK MUNSHI KHAN,3
2023,Dhoke Mangtal,4
2023,Gulistan Colony,2
2023,KOTHA KALAN,4
2023,BANNI,5
2023,PHAGWARI,0
2023,DHOK MUNSHI KHAN,1
2023,CHAHAN,6
2023,DHOK MUNSHI KHAN,3
2023,Gulistan Colony,2
2023,Khurram Colony,1
2023,Gulistan Colony,2
2023,Jhanda Chichi,2
2023,AMARPURA,5
2023,KHANA DAK,3
2023,GANJ MANDI,2
2023,Dhamial,3
2023,KHANA DAK,2
2023,DHOK MUNSHI KHAN,2
2023,Gulistan Colony,10
2023,Dhoke Mangtal,4
2023,CHAK JALAL DIN,0
2023,WAH,0
2023,CHAK JALAL DIN,0
2023,Gulistan Colony,0
2023,KOTHA KALAN,1
2023,Gulistan Colony,3
2023,Gulistan Colony,2
2023,SHAH CHAN CHARAGH,5
2023,MILLAT COLONY,7
2023,DHOK MUNSHI KHAN,6
2023,BANNI,5
2023,DHOK MUNSHI KHAN,13
2023,DHOK ALI AKBAR,5
2023,DHOK MUNSHI KHAN,4
2023,Gulistan Colony,6
2023,KARTARPURA,0
2023,DHOK MUNSHI KHAN,0
2023,KARTARPURA,0
2023,GHEELA KHURD,0
2023,LABTHATHO,0
2023,Gulistan Colony,2
2023,Dhaman Syedan,5
2023,DHOK ALI AKBAR,2
2023,KOTHA KALAN,3
2023,GHEELA KHURD,4
2023,Dhoke Mangtal,5
2023,DHOK MUNSHI KHAN,4
2023,DHOK ALI AKBAR,4
2023,DHOK MUNSHI KHAN,5
2023,DHOK ALI AKBAR,4
2023,DHOK MUNSHI KHAN,8
2023,DHOK DALAL,4
2023,Dhaman Syedan,5
2023,DHOK MUNSHI KHAN,3
2023,DHOK MUNSHI KHAN,5
2023,DHOK MUNSHI KHAN,7
2023,BANNI,2
2023,Khurram Colony,0
2023,BANNI,1
2023,CHAHAN,0
2023,KOTHA KALAN,3
2023,KOTHA KALAN,3
2023,Dhoke Mangtal,8
2023,DHOK MUNSHI KHAN,6
2023,CHAH SULTAN,1
2023,KARTARPURA,5
2023,BANNI,0
2023,KOTHA KALAN,1
2023,MILLAT COLONY,1
2023,GANGAL,3
2023,BANNI,3
2023,DHOK ALI AKBAR,5
2023,Gulistan Colony,3
2023,Gulistan Colony,3
2023,DHOK MUNSHI KHAN,2
2023,Gulistan Colony,2
2023,DHOK MUNSHI KHAN,3
2023,DHOK MUNSHI KHAN,2
2023,Jhanda Chichi,3
2023,DHOK MUNSHI KHAN,2
2023,BANNI,2
2023,Dhoke Mangtal,4
2023,KOTHA KALAN,6
2023,DHOK MUNSHI KHAN,7
2023,WAH,6
2023,MILLAT COLONY,3
2023,DHOK MUNSHI KHAN,6
2023,DHOK MUNSHI KHAN,3
2023,BANNI,2
2023,KOTHA KALAN,3
2023,Dhoke Mangtal,3
2023,Dhamial,2
2023,WAH,5
2023,Gulistan Colony,5
2023,Gulistan Colony,6
2023,Dhaman Syedan,4
2023,Khurram Colony,4
2023,Gulistan Colony,3
2023,Gulistan Colony,6
2023,GANJ MANDI,2
2023,MORGAH,5
2023,Khurram Colony,9
2023,KOTHA KALAN,4
2023,DHOK MUNSHI KHAN,4
2023,GARHEE SIKANDAR,0
2023,DHOK MUNSHI KHAN,0
2023,Khurram Colony,0
2023,DHOK MUNSHI KHAN,1
2023,GARHEE SIKANDAR,1
2023,Gulistan Colony,1
2023,DHOK MUNSHI KHAN,5
2023,MILLAT COLONY,9
2023,Gulistan Colony,3
2023,DHOK MUNSHI KHAN,4
2023,Dhoke Mangtal,5
2023,Gulistan Colony,7
2023,DHOK MUNSHI KHAN,3
2023,Dhoke Mangtal,4
2023,Chauntra,5
2023,Khurram Colony,1
2023,DHOK MUNSHI KHAN,7
2023,DHOK ALI AKBAR,8
2023,Gulistan Colony,3
2023,KAHUTA-I,1
2023,KALLAR SAYADDAN,1
2023,AMARPURA,1
2023,KOTHA KALAN,4
2023,DHOK MUNSHI KHAN,4
2023,DHOK MUNSHI KHAN,4
2023,GANGAL,2
2023,Dhoke Chiragh Din,4
2023,AMARPURA,4
2023,Gulistan Colony,5
2023,DHOK MUNSHI KHAN,1
2023,Dhamial,2
2023,Dhamial,4
2023,SAGRI KALAN,0
2023,KOTHA KALAN,1
2023,Gulistan Colony,4
2023,Dhaman Syedan,7
2023,Gulistan Colony,4
2023,DHOK MUNSHI KHAN,4
2023,Dhoke Mangtal,4
2023,GARHEE SIKANDAR,7
2023,DHOK MUNSHI KHAN,7
2023,BANNI,6
2023,DHOK MUNSHI KHAN,3
2023,Khurram Colony,2
2023,Gulistan Colony,5
2023,Gulistan Colony,2
2023,DHOK ALI AKBAR,4
2023,Dhaman Syedan,1
2023,DHOK MUNSHI KHAN,7
2023,Gulistan Colony,1
2023,Gulistan Colony,1
2023,Dhaman Syedan,1
2023,TRET,4
2023,CHAHAN,1
2023,DHOK MUNSHI KHAN,1
2023,BANNI,3
2023,MILLAT COLONY,1
2023,Gulistan Colony,1
2023,Gulistan Colony,1
2023,Gulistan Colony,1
2023,Gulistan Colony,6
2023,DHOK MUNSHI KHAN,5
2023,DHOK MUNSHI KHAN,6
2023,Gulistan Colony,5
2023,DHOK ALI AKBAR,5
2023,BANDA,0
2023,Gulistan Colony,0
2023,BANDA,1
2023,DHOK MUNSHI KHAN,2
2023,Gulistan Colony,8
2023,DHOK ALI AKBAR,3
2023,DHOK MUNSHI KHAN,3
2023,Khurram Colony,4
2023,CHAH SULTAN,4
2023,MILLAT COLONY,4
2023,Gulistan Colony,1
2023,DHOK MUNSHI KHAN,3
2023,Gulistan Colony,3
2023,DHOK MUNSHI KHAN,5
2023,MILLAT COLONY,6
2023,DHOK MUNSHI KHAN,5
2023,DHOK HUKAM DAD,7
2023,DHOK MUNSHI KHAN,4
2023,DHOK MUNSHI KHAN,4
2023,DHOK MUNSHI KHAN,3
2023,Khurram Colony,2
2023,DHOK MUNSHI KHAN,4
2023,DHOK MUNSHI KHAN,0
2023,Gulistan Colony,0
2023,Dhoke Chiragh Din,1
2023,Dhoke Mangtal,4
2023,RAWALPINDI CANTT-9,1
2023,RAWALPINDI CANTT-9,1
2023,Gulistan Colony,4
2023,MORGAH,4
2023,DHOK MUNSHI KHAN,7
2023,KOTHA KALAN,5
2023,CHAK JALAL DIN,3
2023,BANNI,2
2023,Gulistan Colony,2
2023,KOTHA KALAN,2
2023,DHOK MUNSHI KHAN,2
2023,Dhoke Mangtal,6
2023,DHOK MUNSHI KHAN,0
2023,KHANA DAK,3
2023,KHANA DAK,4
2023,RAWALPINDI CANTT-1,5
2023,CHAK JALAL DIN,4
2023,DHOK MUNSHI KHAN,6
2023,ANGOORI,1
2023,KANOHA,1
2023,Waris Khan,1
2023,Khurram Colony,3
2023,MILLAT COLONY,0
2023,BANNI,4
2023,DHOK MUNSHI KHAN,3
2023,Gulistan Colony,4
2023,DHOK MUNSHI KHAN,3
2023,DHOK MUNSHI KHAN,3
2023,Purana Qila,0
2023,Dhoke Mangtal,0
2023,DHOK MUNSHI KHAN,0
2023,GHEELA KHURD,0
2023,DHOK MUNSHI KHAN,1
2023,MILLAT COLONY,8
2023,MILLAT COLONY,4
2023,Gulistan Colony,5
2023,Gulistan Colony,7
2023,DHOK MUNSHI KHAN,1
2023,TAKHT PARI,4
2023,MILLAT COLONY,4
2023,DHOK MUNSHI KHAN,8
2023,Gulistan Colony,5
2023,DHOK MUNSHI KHAN,3
2023,Gulistan Colony,3
2023,Gulistan Colony,2
2023,MILLAT COLONY,4
2023,MILLAT COLONY,2
2023,TAKHT PARI,5
2023,Dhoke Mangtal,8
2023,DHOK MUNSHI KHAN,5
2023,KOTHA KALAN,3
2023,DHOK MUNSHI KHAN,8
2023,DHOK MUNSHI KHAN,2
2023,Gulistan Colony,4
2023,Gulistan Colony,1
2023,DHOK HUKAM DAD,3
2023,DHOK MUNSHI KHAN,1
2023,MILLAT COLONY,0
2023,MILLAT COLONY,0
2023,Gulistan Colony,0
2023,Gulistan Colony,2
2023,DHOK MUNSHI KHAN,8
2023,AMARPURA,2
2023,DHOK MUNSHI KHAN,1
2023,Gulistan Colony,1
2023,Gulistan Colony,3
2023,DHOK MUNSHI KHAN,0
2023,Khurram Colony,0
2023,Gulistan Colony,1
2023,KOTHA KALAN,2
2023,WAH,6
2023,DHOK MUNSHI KHAN,3
2023,DHOK MUNSHI KHAN,5
2023,Dhamial,6
2023,Chauntra,4
2023,DHOK MUNSHI KHAN,5
2023,Dhoke Mangtal,5
2023,KOTHA KALAN,2
2023,Gulistan Colony,3
2023,DHOK MUNSHI KHAN,3
2023,THATHA KHALIL,6
2023,MILLAT COLONY,6
2023,TRET,9
2023,Chauntra,0
2023,DHOK MUNSHI KHAN,0
2023,DHOK MUNSHI KHAN,0
2023,MILLAT COLONY,1
2023,Dhaman Syedan,1
2023,KALLAR SAYADDAN,1
2023,Dhamial,4
2023,Dhaman Syedan,2
2023,Dhoke Mangtal,3
2023,Gulistan Colony,0
2023,CHAK JALAL DIN,4
2023,DHOK MUNSHI KHAN,8
2023,Jhanda Chichi,3
2023,MILLAT COLONY,8
2023,DHOK MUNSHI KHAN,5
2023,Dhaman Syedan,2
2023,Waris Khan,3
2023,AMARPURA,4
2023,DHOK ALI AKBAR,7
2023,MILLAT COLONY,7
2023,MILLAT COLONY,5
2023,KOTHA KALAN,1
2023,Dhoke Chiragh Din,1
2023,Dhamial,1
2023,RAWALPINDI CANTT-3,6
2023,RAWALPINDI CANTT-3,2
2023,Dhoke Mangtal,3
2023,DHOK MUNSHI KHAN,4
2023,RAWALPINDI CANTT-8,5
2023,Gulistan Colony,2
2023,AMARPURA,2
2023,Gulistan Colony,2
2023,Waris Khan,8
2023,DHOK ALI AKBAR,8
2023,Gulistan Colony,1
2023,Jhanda Chichi,4
2023,LAKKHAN,1
2023,MORGAH,2
2023,DHOK MUNSHI KHAN,2
2023,MORGAH,5
2023,BHADANA,4
2023,Dhaman Syedan,6
2023,BEOR,8
2023,Gulistan Colony,4
2023,AMARPURA,1
2023,AMARPURA,2
2023,Gulistan Colony,3
2023,Gulistan Colony,2
2023,KAROR,3
2023,Dhoke Mangtal,6
2023,Gulistan Colony,2
2023,Dhoke Mangtal,5
2023,AMARPURA,6
2023,AMARPURA,1
2023,BANGISH COLONY,0
2023,Gulistan Colony,3
2023,CHANGA BANGIAL,0
2022,Dhoke Mangtal,2
2022,RAWALPINDI CANTT-2,4
2022,KOTHA KALAN,6
2022,Dhoke Mangtal,5
2022,Dhoke Mangtal,3
2022,CHAK BELI KHAN,2
2022,KOTHA KALAN,3
2022,DHOK MUNSHI KHAN,6
2022,Dhamial,4
2022,Dhaman Syedan,3
2022,MORGAH,5
2022,DHOK ALI AKBAR,4
2022,Dhaman Syedan,2
2022,Dhaman Syedan,4
2022,Dhamial,4
2022,KOTHA KALAN,3
2022,MILLAT COLONY,4
2022,LAKKHAN,5
2022,Dhoke Mangtal,5
2022,Dhoke Mangtal,7
2022,Dhamial,3
2022,Dhamial,2
2022,CHAK JALAL DIN,1
2022,DHOK MUNSHI KHAN,8
2022,BANDA,6
2022,Dhoke Mangtal,3
2022,KARTARPURA,3
2022,GHEELA KHURD,5
2022,Dhoke Mangtal,4
2022,KOTLI SATTIAN,5
2022,Dhoke Chiragh Din,3
2022,Dhoke Chiragh Din,3
2022,BANNI,3
2022,GANJ MANDI,3
2022,KOTHA KALAN,4
2022,BANNI,3
2022,KHANA DAK,4
2022,Dhaman Syedan,3
2022,Dhoke Mangtal,3
2022,DHOK MUNSHI KHAN,3
2022,Dhamial,2
2022,LAKKHAN,2
2022,Dhamial,2
2022,Dhamial,2
2022,Dhamial,3
2022,KOTHA KALAN,3
2022,KHURAM PARACHA,7
2022,Dhok Ratta,1
2022,Dhaman Syedan,2
2022,RANIAL,2
2022,LAKKHAN,3
2022,Dhoke Mangtal,3
2022,Dhaman Syedan,3
2022,Gulistan Colony,7
2022,DHOK ALI AKBAR,7
2022,DHOK BABU IRFAN,2
2022,GANJ MANDI,9
2022,Dhamial,8
2022,CHAK JALAL DIN,6
2022,Waris Khan,6
2022,Gulistan Colony,5
2022,Gulistan Colony,3
2022,DHOK MUNSHI KHAN,4
2022,Dhoke Mangtal,4
2022,LAKKHAN,3
2022,CHAK JALAL DIN,8
2022,Dhamial,5
2022,WAH,1
2022,Dhoke Mangtal,5
2022,KARTARPURA,8
2022,Dhaman Syedan,3
2022,DHOK ALI AKBAR,2
2022,KOTHA KALAN,3
2022,Dhoke Mangtal,4
2022,Dhoke Mangtal,4
2022,Dhoke Mangtal,4
2022,Dhoke Mangtal,4
2022,KARTARPURA,12
2022,Dhoke Mangtal,1
2022,KHANA DAK,6
2022,KOTHA KALAN,3
2022,KOTHA KALAN,3
2022,Dhoke Mangtal,3
2022,KHANA DAK,3
2022,Dhamial,2
2022,CHAK JALAL DIN,6
2022,CHAK JALAL DIN,3
2022,Gulistan Colony,5
2022,Gulistan Colony,1
2022,KHANA DAK,2
2022,LAKKHAN,2
2022,RANIAL,2
2022,Dhamial,2
2022,Khurram Colony,5
2022,Dhoke Mangtal,6
2022,CHAK JALAL DIN,6
2022,Dhoke Mangtal,4
2022,Dhoke Mangtal,6
2022,Adiala,1
2022,Dhamial,3
2022,Waris Khan,3
2022,RAWALPINDI CANTT-9,2
2022,CHAK JALAL DIN,2
2022,CHAK JALAL DIN,5
2022,AMARPURA,3
2022,KHURAM PARACHA,5
2022,KHURAM PARACHA,7
2022,Gulistan Colony,5
2022,Chhappar,5
2022,BANNI,5
2022,KOTHA KALAN,2
2022,DHOK HUKAM DAD,7
2022,SEHAL,3
2022,RAWALPINDI CANTT-9,5
2022,Dhoke Chiragh Din,4
2022,DHOK MUNSHI KHAN,4
2022,Dhoke Mangtal,5
2022,CHAK JALAL DIN,6
2022,Dhoke Chiragh Din,3
2022,CHAK JALAL DIN,3
2022,Dhamial,3
2022,BANNI,4
2022,BANNI,3
2022,Waris Khan,2
2022,Dhoke Mangtal,2
2022,Dhoke Mangtal,4
2022,Jhanda Chichi,5
2022,Dhoke Mangtal,2
2022,DHOK ALI AKBAR,2
2022,Gulistan Colony,5
2022,Dhamial,4
2022,Dhaman Syedan,2
2022,KOTHA KALAN,2
2022,Khurram Colony,2
2022,LAKKHAN,1
2022,Dhamial,2
2022,MATWA,9
2022,TAKHT PARI,8
2022,Dhaman Syedan,2
2022,Adiala,4
2022,DHOK ALI AKBAR,4
2022,LAKKHAN,4
2022,AMARPURA,4
2022,Dhoke Chiragh Din,4
2022,SHAH CHAN CHARAGH,5
2022,LAKKHAN,2
2022,LAKKHAN,3
2022,KOTHA KALAN,2
2022,Dhamial,4
2022,BANNI,2
2022,Dhamial,2
2022,RAWALPINDI CANTT-9,2
2022,BANNI,3
2022,DHOK ALI AKBAR,0
2022,GULIANA,2
2022,Dhoke Mangtal,6
2022,Khurram Colony,7
2022,LAKKHAN,6
2022,Khurram Colony,3
2022,Dhamial,3
2022,AMARPURA,2
2022,Dhoke Mangtal,5
2022,LAKKHAN,2
2022,GHEELA KHURD,6
2022,KHANA DAK,5
2022,WAH CANTT-3,5
2022,LAKKHAN,7
2022,Dhoke Chiragh Din,7
2022,Waris Khan,4
2022,LAKKHAN,2
2022,Dhamial,4
2022,Dhoke Mangtal,2
2022,Dhamial,4
2022,Dhoke Mangtal,5
2022,Gulistan Colony,4
2022,LAKKHAN,3
2022,Dhoke Chiragh Din,2
2022,Dhoke Chiragh Din,2
2022,KOTHA KALAN,1
2022,Dhamial,2
2022,Adiala,8
2022,RAWALPINDI CANTT-9,3
2022,KARTARPURA,3
2022,Waris Khan,8
2022,DHOK ALI AKBAR,0
2022,SANTHA SAROOLA,3
2022,Dhoke Mangtal,6
2022,BEWAL,7
2022,Dhamial,4
2022,KOTHA KALAN,3
2022,DHOK ALI AKBAR,3
2022,LAKKHAN,3
2022,Dhoke Mangtal,8
2022,KOTHA KALAN,1
2022,Dhoke Chiragh Din,2
2022,Dhoke Mangtal,4
2022,Dhoke Chiragh Din,2
2022,CHAK JALAL DIN,2
2022,CHAK BELI KHAN,2
2022,DHOK ALI AKBAR,8
2022,KOTHA KALAN,5
2022,Waris Khan,5
2022,SHAH CHAN CHARAGH,7
2022,Chauntra,7
2022,RANIAL,3
2022,RAWALPINDI CANTT-9,3
2022,BANNI,3
2022,Dhoke Mangtal,5
2022,KOTHA KALAN,4
2022,KOTHA KALAN,5
2022,Dhaman Syedan,4
2022,Khurram Colony,4
2022,DHOK ALI AKBAR,4
2022,Khurram Colony,4
2022,DHOK KALA KHAN,4
2022,CHAK JALAL DIN,3
2022,LAKKHAN,3
2022,BANNI,3
2022,Dhamial,4
2022,KOTHA KALAN,5
2022,CHAK JALAL DIN,4
2022,LAKKHAN,3
2022,CHAK JALAL DIN,5
2022,Khurram Colony,5
2022,KOTHA KALAN,5
2022,LAKKHAN,5
2022,KOTHA KALAN,4
2022,CHAH SULTAN,5
2022,RANIAL,1
2022,Dhoke Mangtal,3
2022,RANIAL,3
2022,KHANA DAK,4
2022,Dhamial,7
2022,DHOK ALI AKBAR,3
2022,Dhamial,3
2022,Dhaman Syedan,3
2022,KOTHA KALAN,6
2022,Adiala,7
2022,Khurram Colony,6
2022,BAJNIAL,4
2022,Dhamial,6
2022,Dhamial,6
2022,AFANDI COLONY,5
2022,Dhoke Mangtal,6
2022,LAKKHAN,6
2022,THATHI,6
2022,KOTHA KALAN,4
2022,LAKKHAN,5
2022,Gulistan Colony,6
2022,SHAH CHAN CHARAGH,4
2022,DHOK MUNSHI KHAN,6
2022,Dhaman Syedan,4
2022,Chhappar,6
2022,CHAK JALAL DIN,6
2022,RANIAL,4
2022,Jhanda Chichi,4
2022,DHOK MUNSHI KHAN,5
2022,KHANA DAK,2
2022,Dhamial,6
2022,Khurram Colony,3
2022,SAGRI KALAN,7
2022,CHAK JALAL DIN,2
2022,LAKKHAN,0
2022,Dhamial,4
2022,Dhamial,3
2022,CHAK JALAL DIN,3
2022,Dhaman Syedan,5
2022,Dhamial,2
2022,Dhamial,4
2022,Dhoke Mangtal,3
2022,DHOK ALI AKBAR,3
2022,Dhoke Mangtal,2
2022,DHOK MUNSHI KHAN,2
2022,Dhamial,3
2022,Dhamial,3
2022,KOTHA KALAN,3
2022,RANIAL,3
2022,Dhoke Mangtal,3
2022,KHANA DAK,6
2022,Chauntra,2
2022,Dhamial,4
2022,LAKKHAN,5
2022,Dhamial,4
2022,KOTHA KALAN,4
2022,KOTHA KALAN,4
2022,Dhamial,3
2022,Jhanda Chichi,3
2022,Dhamial,0
2022,Jhanda Chichi,2
2022,Waris Khan,3
2022,BANDA,4
2022,LAKKHAN,3
2022,Dhoke Mangtal,3
2022,MORGAH,5
2022,Waris Khan,6
2022,DHOK MUNSHI KHAN,3
2022,GARHEE SIKANDAR,4
2022,LAKKHAN,3
2022,Chauntra,3
2022,Dhamial,3
2022,LAKKHAN,3
2022,KOTHA KALAN,3
2022,BAJNIAL,3
2022,Dhoke Mangtal,3
2022,Dhamial,3
2022,KHANA DAK,3
2022,LAKKHAN,3
2022,CHAK JALAL DIN,5
2022,Khurram Colony,4
2022,Khurram Colony,4
2022,Dhamial,2
2022,DHOK BABU IRFAN,2
2022,Dhamial,3
2022,Dhaman Syedan,6
2022,Dhoke Mangtal,4
2022,CHAK JALAL DIN,5
2022,Dhamial,3
2022,DHOK ALI AKBAR,3
2022,Dhamial,3
2022,DHOK MUNSHI KHAN,6
2022,Dhamial,4
2022,KOTHA KALAN,4
2022,CHAK JALAL DIN,2
2022,Dhaman Syedan,2
2022,Khurram Colony,2
2022,Dhaman Syedan,3
2022,DHOK MUNSHI KHAN,5
2022,Dhoke Chiragh Din,4
2022,Dhamial,3
2022,Dhoke Mangtal,4
2022,Khurram Colony,2
2022,BANNI,5
2022,Dhamial,2
2022,Dhaman Syedan,3
2022,BANNI,2
2022,KARTARPURA,2
2022,GARHEE SIKANDAR,3
2022,Dhamial,3
2022,Dhoke Mangtal,3
2022,Dhamial,4
2022,LAKKHAN,5
2022,DHOK DALAL,5
2022,GHEELA KHURD,5
2022,KOTHA KALAN,5
2022,WAH,5
2022,Dhoke Mangtal,5
2022,Waris Khan,5
2022,DHOK ALI AKBAR,6
2022,Dhamial,5
2022,LAKKHAN,9
2022,KHANA DAK,6
2022,Dhamial,4
2022,Adiala,7
2022,Dhamial,4
2022,DHOK MUNSHI KHAN,6
2022,Dhoke Mangtal,3
2022,Waris Khan,2
2022,KHANA DAK,5
2022,Dhaman Syedan,3
2022,DHOK ALI AKBAR,7
2022,Dhoke Mangtal,3
2022,GARHEE SIKANDAR,7
2022,KOTHA KALAN,4
2022,Dhaman Syedan,5
2022,AMARPURA,5
2022,DHOK ALI AKBAR,5
2022,Dhamial,3
2022,LAKKHAN,5
2022,Dhamial,7
2022,Dhamial,3
2022,QAZIAN,3
2022,KHANA DAK,3
2022,KOTHA KALAN,6
2022,Dhoke Mangtal,8
2022,NEW KATARIAN,7
2022,Dhoke Mangtal,9
2022,Dhoke Mangtal,8
2022,CHAK JALAL DIN,5
2022,RAWALPINDI CANTT-9,4
2022,KHURRAM COLONY,6
2022,Dhoke Mangtal,4
2022,Waris Khan,2
2022,Dhamial,2
2022,Khurram Colony,3
2022,LOHDRA,2
2022,Dhamial,3
2022,Gulistan Colony,3
2022,Dhamial,4
2022,BANNI,3
2022,SHAH CHAN CHARAGH,3
2022,DHOK MUNSHI KHAN,3
2022,LAKKHAN,3
2022,LAKKHAN,4
2022,Purana Qila,2
2022,LAKKHAN,2
2022,Purana Qila,3
2022,KOTHA KALAN,2
2022,KOTHA KALAN,2
2022,Dhamial,3
2022,Dhamial,3
2022,GARHEE SIKANDAR,5
2022,BAGGA SHEIKHAN,3
2022,LAKKHAN,3
2022,Dhamial,3
2022,Gulistan Colony,4
2022,KHANA DAK,3
2022,Dhamial,3
2022,KAHUTA-I,2
2022,Gulistan Colony,2
2022,Dhamial,5
2022,CHAK JALAL DIN,2
2022,AMARPURA,2
2022,MORGAH,2
2022,DHOK ALI AKBAR,2
2022,GHEELA KHURD,2
2022,KHANA DAK,2
2022,Khurram Colony,2
2022,MORGAH,2
2022,Dhoke Mangtal,4
2022,KHURAM PARACHA,5
2022,KHURAM PARACHA,5
2022,DHOK MUNSHI KHAN,6
2022,LAKKHAN,7
2022,DHOK KALA KHAN,3
2022,KOTHA KALAN,4
2022,Dhaman Syedan,4
2022,Dhoke Mangtal,4
2022,AMARPURA,4
2022,KHANA DAK,4
2022,RAWALPINDI CANTT-9,4
2022,AMARPURA,7
2022,AMARPURA,5
2022,Dhamial,3
2022,Kolian Hamid,21
2022,CHAK JALAL DIN,2
2022,MORGAH,2
2022,CHAK JALAL DIN,3
2022,MATWA,3
2022,DHOK MUNSHI KHAN,3
2022,Khurram Colony,3
2022,DHOK ALI AKBAR,3
2022,Khurram Colony,3
2022,NEW KATARIAN,3
2022,Dhoke Mangtal,3
2022,Dhamial,3
2022,Gulistan Colony,11
2022,Dhamial,6
2022,Dhamial,4
2022,Dhoke Mangtal,12
2022,RANIAL,4
2022,GUF,3
2022,KAHUTA-I,2
2022,KOTHA KALAN,2
2022,Dhoke Mangtal,2
2022,Dhaman Syedan,2
2022,KOTHA KALAN,2
2022,KOTHA KALAN,2
2022,Dhaman Syedan,2
2022,Gulistan Colony,3
2022,RAWALPINDI CANTT-9,8
2022,Gulistan Colony,2
2022,Dhoke Mangtal,8
2022,Dhoke Mangtal,7
2022,DHOK MUNSHI KHAN,7
2022,Dhamial,3
2022,Gulistan Colony,4
2022,BANNI,3
2022,Dhamial,3
2022,Dhamial,2
2022,LAKKHAN,4
2022,Gulistan Colony,2
2022,Dhamial,5
2022,LAKKHAN,2
2022,KALYAM AWAN,4
2022,Dhamial,5
2022,Dhamial,2
2022,Dhamial,4
2022,CHAK JALAL DIN,2
2022,Dhoke Mangtal,1
2022,CHAK JALAL DIN,2
2022,Dhamial,3
2022,WAH CANTT-1,2
2022,Dhamial,5
2022,PURANA QILLA,6
2022,DHOK ALI AKBAR,6
2022,CHAK JALAL DIN,9
2022,DHOK ALI AKBAR,8
2022,GHAZAN ABAD,6
2022,LAKKHAN,4
2022,Dhoke Mangtal,7
2022,DHOK ALI AKBAR,6
2022,DHOK KALA KHAN,6
2022,Dhamial,5
2022,LOHDRA,7
2022,Dhoke Mangtal,6
2022,DHOK ALI AKBAR,11
2022,GHEELA KHURD,6
2022,Dhamial,6
2022,DHOK MUNSHI KHAN,4
2022,Dhoke Mangtal,0
2022,KOTHA KALAN,3
2022,DHOK MUNSHI KHAN,3
2022,Gulistan Colony,3
2022,LAKKHAN,5
2022,Dhoke Mangtal,5
2022,Dhoke Mangtal,3
2022,Dhoke Mangtal,6
2022,LAKKHAN,6
2022,Dhoke Mangtal,6
2022,LAKKHAN,2
2022,Dhamial,3
2022,107 UC,4
2022,LAKKHAN,4
2022,Dhamial,4
2022,Dhoke Mangtal,3
2022,DHOK FARMAN ALI,3
2022,Dhaman Syedan,3
2022,Dhoke Mangtal,5
2022,DHOK KALA KHAN,4
2022,Dhamial,6
2022,Gulistan Colony,6
2022,DHOK MUNSHI KHAN,3
2022,LAKKHAN,5
2022,Khurram Colony,4
2022,KOTHA KALAN,5
2022,Dhamial,4
2022,LAKKHAN,6
2022,RANIAL,1
2022,LAKKHAN,5
2022,KARTARPURA,4
2022,Dhamial,7
2022,LAKKHAN,3
2022,Adiala,2
2022,KOTHA KALAN,2
2022,LAKKHAN,2
2022,ASGHAR MALL SCHEME,2
2022,LAKKHAN,2
2022,KARTARPURA,3
2022,Dhaman Syedan,4
2022,MUSLIM TOWN (WEST),8
2022,DHOK MUNSHI KHAN,5
2022,Dhoke Mangtal,8
2022,Dhoke Mangtal,8
2022,Dhoke Mangtal,8
2022,CHAK JALAL DIN,6
2022,Dhoke Mangtal,6
2022,Dhamial,8
2022,Dhamial,7
2022,WAH,7
2022,MATWA,5
2022,DHOK ALI AKBAR,4
2022,Dhamial,3
2022,Khurram Colony,4
2022,Dhoke Mangtal,3
2022,BANNI,3
2022,Dhaman Syedan,3
2022,Dhoke Mangtal,5
2022,LAKKHAN,4
2022,Dhamial,5
2022,Khurram Colony,4
2022,Waris Khan,4
2022,Dhamial,4
2022,KAHUTA-I,4
2022,RAWALPINDI CANTT-9,4
2022,KOTHA KALAN,4
2022,Gulistan Colony,2
2022,Dhamial,4
2022,Dhaman Syedan,0
2022,Dhamial,3
2022,LAKKHAN,4
2022,AMARPURA,3
2022,LAKKHAN,6
2022,Dhoke Chiragh Din,4
2022,Dhoke Mangtal,2
2022,Gulistan Colony,2
2022,Dhoke Mangtal,8
2022,DHOK BABU IRFAN,6
2022,Dhamial,7
2022,CHAK JALAL DIN,6
2022,Waris Khan,6
2022,MOSYARI,6
2022,BAJNIAL,6
2022,Dhamial,8
2022,Gulistan Colony,9
2022,Dhoke Mangtal,6
2022,Dhoke Mangtal,7
2022,Khurram Colony,3
2022,LAKKHAN,4
2022,Jhanda Chichi,3
2022,DHOK MUNSHI KHAN,3
2022,DHOK ALI AKBAR,3
2022,MUSLIM TOWN (WEST),4
2022,KOTHA KALAN,3
2022,DHOK MUNSHI KHAN,4
2022,MALOT SATIAN,3
2022,Dhaman Syedan,3
2022,DHOK MUNSHI KHAN,4
2022,KHANA DAK,5
2022,Gulistan Colony,4
2022,Khurram Colony,4
2022,LAKKHAN,4
2022,DHOK ALI AKBAR,7
2022,Dhamial,4
2022,MILLAT COLONY,4
2022,Dhamial,5
2022,Dhaman Syedan,5
2022,Dhamial,5
2022,WAH,4
2022,GARHEE SIKANDAR,3
2022,LAKKHAN,5
2022,Gulistan Colony,2
2022,Dhamial,3
2022,DHOK MUNSHI KHAN,3
2022,Dhamial,3
2022,DHOK FARMAN ALI,3
2022,AMARPURA,3
2022,MORGAH,2
2022,Dhaman Syedan,7
2022,KOTHA KALAN,3
2022,Dhaman Syedan,3
2022,Khurram Colony,7
2022,CHAK JALAL DIN,9
2022,Dhaman Syedan,4
2022,RAWALPINDI CANTT-2,4
2022,Waris Khan,6
2022,KARTARPURA,2
2022,Dhaman Syedan,3
2022,LAKKHAN,3
2022,Dhamial,4
2022,LAKKHAN,3
2022,KARTARPURA,3
2022,PINDORA,5
2022,LAKKHAN,4
2022,Dhoke Mangtal,5
2022,KOTHA KALAN,6
2022,DHOK MUNSHI KHAN,5
2022,KHURAM PARACHA,5
2022,LAKKHAN,7
2022,KAHUTA-I,6
2022,MORGAH,7
2022,WAHGAL,5
2022,Purana Qila,6
2022,Purana Qila,5
2022,Dhoke Mangtal,5
2022,LAKKHAN,5
2022,KOTHA KALAN,4
2022,CHAK JALAL DIN,6
2022,BAJNIAL,6
2022,KARUMB ILYAS,7
2022,QAZIAN,2
2022,LAKKHAN,3
2022,PURANA QILLA,3
2022,Waris Khan,4
2022,LAKKHAN,4
2022,RANIAL,4
2022,BAJNIAL,4
2022,Dhamial,4
2022,CHAK JALAL DIN,4
2022,BANNI,4
2022,LAKKHAN,6
2022,RAWALPINDI CANTT-9,2
2022,Dhaman Syedan,4
2022,Dhamial,4
2022,WAH,4
2022,BAJNIAL,6
2022,Mohan Pura,6
2022,Dhoke Mangtal,5
2022,Dhaman Syedan,3
2022,Dhamial,4
2022,Dhamial,4
2022,LAKKHAN,4
2022,PURANA QILLA,4
2022,Dhoke Mangtal,3
2022,Dhaman Syedan,2
2022,MUSLIM TOWN (WEST),4
2022,SAHANG,3
2022,Dhamial,3
2022,CHAK JALAL DIN,6
2022,Dhamial,3
2022,Dhamial,2
2022,Dhoke Mangtal,6
2022,RANIAL,5
2022,Waris Khan,10
2022,CHAK JALAL DIN,6
2022,KARTARPURA,4
2022,Dhamial,3
2022,Dhaman Syedan,3
2022,MORGAH,5
2022,Dhoke Mangtal,4
2022,WAH CANTT-1,6
2022,MORGAH,5
2022,RANIAL,5
2022,Chauntra,6
2022,WAH CANTT-3,4
2022,LAKKHAN,6
2022,Dhamial,6
2022,Gulistan Colony,7
2022,Khurram Colony,8
2022,SHAH CHAN CHARAGH,6
2022,RAWALPINDI CANTT-9,6
2022,Dhamial,4
2022,SUI CHEEMIAN,6
2022,KALYAM AWAN,4
2022,Dhamial,8
2022,DHOK MUNSHI KHAN,2
2022,Dhamial,3
2022,Dhaman Syedan,4
2022,Dhoke Mangtal,4
2022,KARTARPURA,3
2022,CHAK BELI KHAN,5
2022,KOTHA KALAN,3
2022,CHAK JALAL DIN,3
2022,RANIAL,3
2022,LAKKHAN,4
2022,Dhoke Mangtal,3
2022,RANIAL,8
2022,Dhoke Mangtal,5
2022,Dhoke Mangtal,3
2022,Dhamial,1
2022,Dhaman Syedan,0
2022,Dhaman Syedan,1
2022,DHOK MUNSHI KHAN,3
2022,Dhamial,3
2022,Dhoke Mangtal,3
2022,LAKKHAN,4
2022,Dhamial,5
2022,Dhoke Mangtal,6
2022,DHOK MUNSHI KHAN,9
2022,Dhaman Syedan,10
2022,Dhoke Mangtal,15
2022,AMARPURA,5
2022,Gulistan Colony,3
2022,Dhaman Syedan,4
2022,MATOR,4
2022,DHOK MUNSHI KHAN,3
2022,Gulistan Colony,4
2022,LOHDRA,4
2022,Dhamial,4
2022,KOTHA KALAN,5
2022,LAKKHAN,0
2022,DHOK MUNSHI KHAN,3
2022,Dhamial,6
2022,Dhaman Syedan,3
2022,KOTHA KALAN,3
2022,Dhamial,4
2022,Purana Qila,5
2022,Dhoke Chiragh Din,5
2022,Chhappar,5
2022,Dhamial,7
2022,KHANA DAK,7
2022,KHURAM PARACHA,4
2022,MATWA,4
2022,Dhoke Mangtal,15
2022,LAKKHAN,9
2022,LAKKHAN,7
2022,Waris Khan,2
2022,CHAK JALAL DIN,3
2022,WAH CANTT-3,3
2022,Chauntra,3
2022,LAKKHAN,3
2022,DHOK ALI AKBAR,3
2022,LAKKHAN,3
2022,KOTHA KALAN,3
2022,Dhoke Mangtal,2
2022,Dhaman Syedan,4
2022,DHOK ALI AKBAR,4
2022,LAKKHAN,4
2022,KOTHA KALAN,4
2022,Gawal Mandi,4
2022,SHAH CHAN CHARAGH,4
2022,Dhamial,5
2022,LAKKHAN,4
2022,Khurram Colony,5
2022,Gulistan Colony,7
2022,Dhoke Mangtal,5
2022,MORGAH,4
2022,Dhamial,3
2022,Dhamial,4
2022,Dhoke Mangtal,5
2022,KHANA DAK,4
2022,Khurram Colony,6
2022,Gulistan Colony,4
2022,Dhaman Syedan,5
2022,CHAK JALAL DIN,8
2022,Dhamial,5
2022,KOTHA KALAN,3
2022,KOTHA KALAN,4
2022,GHEELA KHURD,5
2022,Dhamial,5
2022,WAH CANTT-1,12
2022,Dhamial,8
2022,Jhanda Chichi,5
2022,Dhoke Mangtal,7
2022,Dhoke Mangtal,7
2022,DARKLI MAMOORI,5
2022,Dhoke Mangtal,4
2022,LAKKHAN,5
2022,Dhoke Mangtal,5
2022,Dhamial,6
2022,Dhamial,5
2022,Dhamial,4
2022,LAKKHAN,4
2022,KHANA DAK,4
2022,AMARPURA,5
2022,LAKKHAN,6
2022,Dhoke Mangtal,4
2022,DHOK FARMAN ALI,2
2022,RAWALPINDI CANTT-9,2
2022,Dhaman Syedan,2
2022,DHOK FARMAN ALI,2
2022,Dhamial,2
2022,DHOK BABU IRFAN,2
2022,LABTHATHO,5
2022,Dhaman Syedan,2
2022,RANIAL,2
2022,LAKKHAN,7
2022,Dhamial,2
2022,Chauntra,2
2022,Dhamial,2
2022,LAKKHAN,2
2022,KHANA DAK,2
2022,LAKKHAN,3
2022,KHURAM PARACHA,4
2022,Dhoke Mangtal,3
2022,Dhaman Syedan,4
2022,LAKKHAN,2
2022,Khurram Colony,3
2022,RAWALPINDI CANTT-9,5
2022,Dhamial,3
2022,LAKKHAN,5
2022,Dhaman Syedan,5
2022,Dhaman Syedan,6
2022,CHAK JALAL DIN,6
2022,ASGHAR MALL SCHEME,4
2022,DHOK FARMAN ALI,5
2022,Dhaman Syedan,5
2022,LAKKHAN,5
2022,Khurram Colony,2
2022,MANDRA,6
2022,CHAK JALAL DIN,4
2022,Khurram Colony,3
2022,AMARPURA,7
2022,Dhoke Chiragh Din,3
2022,Dhamial,4
2022,Dhamial,3
2022,CHAK BELI KHAN,3
2022,KOTHA KALAN,3
2022,Dhamial,3
2022,Dhamial,2
2022,Chhappar,2
2022,Dhamial,2
2022,Dhamial,3
2022,Dhamial,4
2022,LAKKHAN,3
2022,Dhamial,2
2022,Dhamial,2
2022,Dhamial,9
2022,Dhamial,9
2022,MORGAH,4
2022,Dhaman Syedan,9
2022,Dhoke Mangtal,8
2022,Dhoke Mangtal,6
2022,Dhoke Mangtal,6
2022,Dhaman Syedan,15
2022,Dhoke Chiragh Din,8
2022,Dhamial,10
2022,MORGAH,3
2022,MATOR,4
2022,Dhamial,5
2022,Purana Qila,4
2022,Chhappar,2
2022,Dhoke Mangtal,13
2022,Dhaman Syedan,1
2022,WAH CANTT-3,5
2022,WAH,5
2022,Dhoke Mangtal,5
2022,CHAK JALAL DIN,6
2022,MORGAH,9
2022,MATWA,5
2022,DHOK FARMAN ALI,7
2022,DHOK MUNSHI KHAN,15
2022,LAKKHAN,8
2022,LAKKHAN,8
2022,WAH,7
2022,WAH CANTT-1,6
2022,Dhamial,4
2022,MORGAH,4
2022,Dhoke Mangtal,4
2022,MILLAT COLONY,4
2022,Dhamial,4
2022,RANIAL,4
2022,DHOK ALI AKBAR,4
2022,RANIAL,4
2022,Dhamial,4
2022,SAGRI KALAN,2
2022,SAGRI KALAN,3
2022,LAKKHAN,4
2022,Khurram Colony,2
2022,Dhoke Mangtal,2
2022,Dhoke Mangtal,0
2022,Dhamial,3
2022,KHURAM PARACHA,3
2022,KOTHA KALAN,7
2022,KHURAM PARACHA,7
2022,Dhaman Syedan,4
2022,Dhamial,2
2022,Dhaman Syedan,2
2022,BANNI,2
2022,LAKKHAN,2
2022,KOTHA KALAN,2
2022,RAWALPINDI CANTT-9,3
2022,Dhoke Mangtal,5
2022,CHAK JALAL DIN,21
2022,Dhoke Mangtal,5
2022,Dhamial,5
2022,LOHDRA,6
2022,DHOK ALI AKBAR,7
2022,Dhaman Syedan,4
2022,LAKKHAN,6
2022,LAKKHAN,6
2022,LAKKHAN,5
2022,WAH,11
2022,Dhamial,3
2022,DHOK MUNSHI KHAN,3
2022,DHOK MUNSHI KHAN,4
2022,KOTHA KALAN,3
2022,Dhaman Syedan,5
2022,BANDA,4
2022,WAH CANTT-3,3
2022,Dhamial,4
2022,CHAH SULTAN,3
2022,DHOK ALI AKBAR,6
2022,LAKKHAN,10
2022,LAKKHAN,4
2022,Dhamial,3
2022,KOTHA KALAN,3
2022,Dhaman Syedan,3
2022,KHANA DAK,3
2022,Khurram Colony,3
2022,KOTHA KALAN,3
2022,Adiala,1
2022,Dhaman Syedan,6
2022,Dhamial,3
2022,CHAH SULTAN,3
2022,Waris Khan,3
2022,DHOK ALI AKBAR,3
2022,Dhaman Syedan,3
2022,WAH,3
2022,LAKKHAN,3
2022,LAKKHAN,3
2022,Dhaman Syedan,3
2022,KARTARPURA,3
2022,Dhamial,3
2022,Dhaman Syedan,2
2022,RAWALPINDI CANTT-2,2
2022,DHOK FARMAN ALI,7
2022,WAH,0
2022,AMARPURA,5
2022,Dhaman Syedan,4
2022,MORGAH,8
2022,Dhaman Syedan,4
2022,Dhoke Mangtal,7
2022,Dhamial,8
2022,Dhaman Syedan,7
2022,LAKKHAN,8
2022,Dhamial,8
2022,Dhamial,7
2022,KOTHA KALAN,7
2022,KHURAM PARACHA,6
2022,Dhoke Mangtal,4
2022,Dhoke Mangtal,3
2022,DHOK HUKAM DAD,4
2022,Dhoke Mangtal,1
2022,Dhoke Mangtal,1
2022,Dhaman Syedan,3
2022,Dhoke Mangtal,3
2022,BISHANDOT,3
2022,Chauntra,3
2022,CHAK JALAL DIN,3
2022,LAKKHAN,3
2022,DHOK MUNSHI KHAN,3
2022,Jhanda Chichi,3
2022,Dhamial,6
2022,Dhamial,6
2022,GHUNGRILA,2
2022,RAWALPINDI CANTT-3,6
2022,CHAK JALAL DIN,3
2022,Dhaman Syedan,3
2022,DHOK MUNSHI KHAN,3
2022,CHAK JALAL DIN,4
2022,CHAK JALAL DIN,12
2022,DHOK KHABBA,8
2022,DHOK KHABBA,9
2022,KHURAM PARACHA,4
2022,GHEELA KHURD,5
2022,KHURAM PARACHA,5
2022,Dhamial,4
2022,DHOK HUKAM DAD,3
2022,RAWALPINDI CANTT-9,3
2022,Adiala,2
2022,DHOK MUNSHI KHAN,2
2022,Dhamial,3
2022,Dhamial,4
2022,Dhoke Mangtal,3
2022,Dhamial,3
2022,Dhamial,5
2022,Dhaman Syedan,1
2022,Dhamial,4
2022,Dhoke Mangtal,10
2022,Dhoke Mangtal,5
2022,LAKKHAN,6
2022,Dhoke Mangtal,6
2022,CHAK JALAL DIN,7
2022,Dhaman Syedan,9
2022,Dhoke Mangtal,5
2022,Dhaman Syedan,8
2022,Dhaman Syedan,3
2022,KURI DULAL,8
2022,Dhoke Mangtal,4
2022,CHAK JALAL DIN,4
2022,Dhaman Syedan,8
2022,Khurram Colony,0
2022,Dhaman Syedan,2
2022,Dhaman Syedan,7
2022,RANIAL,2
2022,Dhamial,2
2022,MORGAH,8
2022,Dhoke Mangtal,3
2022,Dhamial,5
2022,Dhoke Mangtal,3
2022,Dhamial,4
2022,CHAH SULTAN,3
2022,LAKKHAN,5
2022,Khurram Colony,3
2022,LAKKHAN,4
2022,Dhamial,3
2022,Dhamial,3
2022,Dhamial,3
2022,Dhoke Chiragh Din,4
2022,Adiala,1
2022,Dhaman Syedan,7
2022,Dhaman Syedan,1
2022,Dhoke Mangtal,3
2022,CHAK JALAL DIN,0
2022,CHAH SULTAN,2
2022,LAKKHAN,2
2022,Dhamial,2
2022,CHAK JALAL DIN,2
2022,DHOK ALI AKBAR,2
2022,KOTHA KALAN,2
2022,BAGGA SHEIKHAN,2
2022,SANTHA SAROOLA,2
2022,Dhamial,2
2022,PURANA QILLA,2
2022,KAHUTA-I,2
2022,LAKKHAN,2
2022,Gulistan Colony,2
2022,Dhamial,5
2022,GARHEE SIKANDAR,3
2022,WAH CANTT-1,5
2022,Dhamial,5
2022,Dhaman Syedan,6
2022,Dhoke Mangtal,7
2022,Dhamial,6
2022,CHAK JALAL DIN,10
2022,LAKKHAN,2
2022,Dhaman Syedan,3
2022,Dhamial,3
2022,LAKKHAN,3
2022,KHANA DAK,3
2022,Dhamial,3
2022,Dhoke Mangtal,2
2022,BANNI,6
2022,RANIAL,4
2022,Dhoke Mangtal,5
2022,AMARPURA,3
2022,KARTARPURA,1
2022,LAKKHAN,3
2022,DHOK MUNSHI KHAN,1
2022,Dhamial,5
2022,Dhamial,5
2022,Dhamial,1
2022,KOTHA KALAN,19
2022,Dhoke Mangtal,1
2022,KOTHA KALAN,4
2022,DHOK ALI AKBAR,1
2022,MANDRA,2
2022,Dhaman Syedan,5
2022,Dhamial,5
2022,Dhamial,1
2022,BASALI,1
2022,Gulistan Colony,1
2022,SHAH CHAN CHARAGH,1
2022,LAKKHAN,1
2022,Dhaman Syedan,1
2022,Dhamial,1
2022,Dhaman Syedan,4
2022,Dhamial,4
2022,Dhaman Syedan,4
2022,Dhaman Syedan,16
2022,CHAK JALAL DIN,5
2022,Khurram Colony,6
2022,LAKKHAN,5
2022,RAWALPINDI CANTT-9,5
2022,DHOK MUNSHI KHAN,6
2022,Dhamial,4
2022,Dhamial,4
2022,Gulistan Colony,5
2022,WAH CANTT-3,4
2022,ASGHAR MALL SCHEME,0
2022,Mohan Pura,3
2022,RANIAL,2
2022,Gulistan Colony,1
2022,Dhamial,4
2022,Dhoke Chiragh Din,4
2022,Dhaman Syedan,3
2022,Gulistan Colony,2
2022,Dhaman Syedan,2
2022,Dhoke Mangtal,7
2022,DHOK ALI AKBAR,7
2022,LAKKHAN,11
2022,Dhoke Mangtal,5
2022,Dhamial,5
2022,Dhaman Syedan,5
2022,Dhamial,5
2022,LAKKHAN,2
2022,Chauntra,0
2022,KOTHA KALAN,2
2022,Dhamial,0
2022,Dhoke Mangtal,2
2022,PURANA QILLA,2
2022,MILLAT COLONY,2
2022,Dhamial,3
2022,KOTHA KALAN,5
2022,Dhaman Syedan,6
2022,DEVI,5
2022,WAH CANTT-1,9
2022,CHAK JALAL DIN,8
2022,Dhamial,4
2022,WAH CANTT-1,5
2022,Dhoke Mangtal,8
2022,Dhamial,6
2022,Dhoke Mangtal,7
2022,Gulistan Colony,6
2022,MOHRA NOORI,5
2022,Dhamial,5
2022,Dhoke Mangtal,7
2022,Dhoke Mangtal,5
2022,CHAK JALAL DIN,3
2022,DHOK MUNSHI KHAN,3
2022,DHOK ALI AKBAR,2
2022,RANIAL,3
2022,LAKKHAN,3
2022,Dhoke Chiragh Din,2
2022,GHAZAN ABAD,3
2022,Dhaman Syedan,2
2022,Dhamial,8
2022,THATHA KHALIL,3
2022,DHOK MUNSHI KHAN,3
2022,CHAK JALAL DIN,3
2022,RANIAL,3
2022,Gulistan Colony,3
2022,DHOK MUNSHI KHAN,3
2022,Dhoke Mangtal,4
2022,Dhoke Mangtal,3
2022,Dhaman Syedan,2
2022,Dhaman Syedan,3
2022,DHOK KALA KHAN,5
2022,Dhaman Syedan,4
2022,BANNI,5
2022,KALLAR SAYADDAN,2
2022,Dhamial,4
2022,CHAK JALAL DIN,4
2022,Dhamial,3
2022,CHAK JALAL DIN,4
2022,Dhamial,5
2022,Dhamial,2
2022,KHANA DAK,2
2022,Khurram Colony,2
2022,BANNI,3
2022,Dhamial,4
2022,Jhanda Chichi,2
2022,Dhamial,2
2022,CHAK JALAL DIN,6
2022,KOTHA KALAN,3
2022,GHEELA KHURD,5
2022,SARAI KALA,5
2022,GARHEE SIKANDAR,4
2022,Dhamial,6
2022,Dhaman Syedan,12
2022,Dhamial,13
2022,LAKKHAN,7
2022,DHOK KALA KHAN,8
2022,Dhamial,4
2022,Gulistan Colony,3
2022,Dhamial,4
2022,Jhanda Chichi,3
2022,BANNI,5
2022,Dhamial,4
2022,LAKKHAN,5
2022,Dhamial,3
2022,Gulistan Colony,1
2022,Dhamial,2
2022,Dhaman Syedan,7
2022,Dhaman Syedan,3
2022,LAKKHAN,2
2022,Dhoke Mangtal,2
2022,BANNI,3
2022,Dhamial,3
2022,DHOK DALAL,7
2022,Jhanda Chichi,7
2022,CHAK JALAL DIN,7
2022,Dhamial,7
2022,RANIAL,3
2022,LAKKHAN,4
2022,Dhamial,3
2022,Dhoke Mangtal,4
2022,Dhoke Mangtal,4
2022,KOTHA KALAN,3
2022,RANIAL,4
2022,Dhamial,3
2022,Mohan Pura,4
2022,GANJ MANDI,5
2022,Dhamial,2
2022,KHANA DAK,2
2022,MILLAT COLONY,2
2022,Dhaman Syedan,2
2022,Dhamial,5
2022,LAKKHAN,5
2022,Dhamial,3
2022,KHANA DAK,5
2022,KARTARPURA,4
2022,Jhanda Chichi,4
2022,BAJNIAL,3
2022,Dhamial,3
2022,LAKKHAN,4
2022,CHAK JALAL DIN,4
2022,Dhamial,5
2022,DHOK HUKAM DAD,4
2022,Dhamial,4
2022,Dhaman Syedan,4
2022,LAKKHAN,0
2022,Dhamial,7
2022,LAKKHAN,4
2022,Dhoke Mangtal,4
2022,Dhamial,5
2022,CHAK JALAL DIN,5
2022,LAKKHAN,4
2022,TRET,2
2022,Dhamial,11
2022,WAH CANTT-3,17
2022,Dhamial,9
2022,RAWALPINDI CANTT-9,8
2022,Dhamial,8
2022,CHAK JALAL DIN,10
2022,LAKKHAN,3
2022,WAH,6
2022,Khurram Colony,7
2022,Dhamial,7
2022,Dhamial,3
2022,LAKKHAN,3
2022,Gulistan Colony,4
2022,CHAK JALAL DIN,5
2022,LAKKHAN,3
2022,LAKKHAN,3
2022,Dhaman Syedan,5
2022,Dhamial,4
2022,Dhamial,5
2022,LAKKHAN,3
2022,KOTHA KALAN,2
2022,Kolian Hamid,2
2022,Dhamial,18
2022,Dhoke Mangtal,14
2022,Dhamial,3
2022,Dhaman Syedan,4
2022,Dhaman Syedan,3
2022,Dhaman Syedan,4
2022,MILLAT COLONY,3
2022,Dhamial,5
2022,Khurram Colony,7
2022,DHOK MUNSHI KHAN,3
2022,Dhaman Syedan,3
2022,LAKKHAN,7
2022,Kolian Hamid,3
2022,Dhaman Syedan,3
2022,Dhamial,6
2022,Dhamial,3
2022,RANIAL,6
2022,DHOK MUNSHI KHAN,3
2022,DHOK MUNSHI KHAN,3
2022,LAKKHAN,10
2022,Adiala,6
2022,Dhamial,3
2022,Waris Khan,6
2022,Dhamial,6
2022,Dhoke Mangtal,6
2022,KARTARPURA,6
2022,Dhaman Syedan,1
2022,Dhoke Mangtal,3
2022,CHAK JALAL DIN,3
2022,Jhanda Chichi,1
2022,Dhamial,4
2022,BANDA,4
2022,Khurram Colony,4
2022,Dhaman Syedan,4
2022,Dhaman Syedan,3
2022,BANNI,4
2022,Dhamial,1
2022,RANIAL,3
2022,KHURAM PARACHA,5
2022,RANIAL,6
2022,Dhamial,5
2022,Dhoke Mangtal,5
2022,RANIAL,6
2022,Dhaman Syedan,3
2022,BANNI,1
2022,Dhaman Syedan,4
2022,Dhaman Syedan,1
2022,Gulistan Colony,2
2022,Dhaman Syedan,7
2022,Dhaman Syedan,6
2022,GHEELA KHURD,4
2022,Gulistan Colony,5
2022,Dhoke Mangtal,4
2022,Dhaman Syedan,2
2022,CHAK JALAL DIN,6
2022,Gulistan Colony,3
2022,Adiala,2
2022,Dhaman Syedan,2
2022,RANIAL,2
2022,WAHGAL,2
2022,Dhamial,2
2022,DOBERAN KHURD,2
2022,LAKKHAN,2
2022,Dhamial,2
2022,Dhaman Syedan,2
2022,Dhaman Syedan,2
2022,Dhaman Syedan,2
2022,Dhaman Syedan,2
2022,DHOK MUNSHI KHAN,2
2022,DHOK KALA KHAN,2
2022,Dhamial,2
2022,Dhamial,2
2022,KOTHA KALAN,2
2022,DAKHALI,2
2022,Dhamial,2
2022,Waris Khan,2
2022,Adiala,2
2022,Dhaman Syedan,1
2022,Dhaman Syedan,3
2022,Dhoke Mangtal,3
2022,Dhoke Mangtal,3
2022,Dhamial,4
2022,KOTHA KALAN,5
2022,Dhamial,5
2022,Dhamial,5
2022,Dhoke Mangtal,5
2022,LAKKHAN,6
2022,LAKKHAN,3
2022,MILLAT COLONY,3
2022,Dhamial,7
2022,Dhaman Syedan,3
2022,KOTHA KALAN,3
2022,Dhamial,4
2022,Chauntra,3
2022,RANIAL,4
2022,LAKKHAN,3
2022,Dhaman Syedan,3
2022,Gulistan Colony,3
2022,BAJNIAL,3
2022,DHOK MUNSHI KHAN,2
2022,Dhamial,1
2022,RANIAL,4
2022,Dhamial,4
2022,Dhaman Syedan,4
2022,KHANA DAK,4
2022,Dhamial,4
2022,Dhoke Mangtal,4
2022,Dhamial,4
2022,Dhamial,4
2022,CHAK JALAL DIN,4
2022,LAKKHAN,2
2022,RAWALPINDI CANTT-3,5
2022,Dhaman Syedan,4
2022,LAKKHAN,2
2022,Gulistan Colony,3
2022,Dhoke Mangtal,3
2022,Dhamial,5
2022,Jhanda Chichi,2
2022,Gulistan Colony,3
2022,Chhappar,4
2022,Khurram Colony,7
2022,LAKKHAN,6
2022,Dhamial,5
2022,LAKKHAN,7
2022,Dhaman Syedan,5
2022,RANIAL,4
2022,Dhamial,8
2022,KOTHA KALAN,6
2022,Dhaman Syedan,7
2022,Dhamial,7
2022,Dhamial,4
2022,DHOK ALI AKBAR,5
2022,Chhappar,4
2022,Dhamial,12
2022,Dhaman Syedan,4
2022,Dhamial,3
2022,DHOK MUNSHI KHAN,7
2022,WAH CANTT-1,5
2022,GHEELA KHURD,4
2022,SAGRI KALAN,4
2022,Dhamial,3
2022,Dhamial,3
2022,Dhaman Syedan,3
2022,WAH CANTT-3,4
2022,Gulistan Colony,4
2022,KOTHA KALAN,3
2022,Dhamial,2
2022,RANIAL,4
2022,Dhamial,3
2022,Dhaman Syedan,5
2022,Dhaman Syedan,8
2022,Dhamial,3
2022,Dhoke Mangtal,7
2022,SAGRI KALAN,9
2022,Dhaman Syedan,4
2022,MORGAH,8
2022,Dhoke Mangtal,8
2022,Dhamial,5
2022,LAKKHAN,6
2022,Dhaman Syedan,3
2022,DHOK FARMAN ALI,0
2022,Chhappar,1
2022,Dhoke Chiragh Din,3
2022,KOTHA KALAN,3
2022,BANNI,5
2022,DHOK KHABBA,5
2022,RAWALPINDI CANTT-9,5
2022,Dhaman Syedan,5
2022,LAKKHAN,3
2022,LAKKHAN,2
2022,Jhanda Chichi,3
2022,Dhamial,0
2022,LAKKHAN,4
2022,KOTHA KALAN,4
2022,Dhaman Syedan,4
2022,Dhaman Syedan,4
2022,CHAK JALAL DIN,4
2022,Dhaman Syedan,3
2022,FAUJI COLONY,3
2022,Dhamial,3
2022,Dhaman Syedan,3
2022,CHAK JALAL DIN,3
2022,RANIAL,3
2022,Dhamial,3
2022,Dhamial,3
2022,Dhamial,4
2022,DHOK MUNSHI KHAN,3
2022,Dhaman Syedan,3
2022,WAH,3
2022,KOTHA KALAN,3
2022,LAKKHAN,7
2022,DHOK ALI AKBAR,8
2022,Khurram Colony,5
2022,DHOK MUNSHI KHAN,3
2022,MILLAT COLONY,2
2022,MILLAT COLONY,4
2022,Dhamial,3
2022,CHAK JALAL DIN,3
2022,DHOK FARMAN ALI,3
2022,BEOR,2
2022,Dhoke Mangtal,3
2022,LAKKHAN,2
2022,Kolian Hamid,3
2022,Jhanda Chichi,3
2022,Dhamial,3
2022,Dhoke Mangtal,3
2022,RANIAL,4
2022,KOTHA KALAN,4
2022,Dhaman Syedan,5
2022,Dhoke Mangtal,2
2022,WAH,3
2022,Dhaman Syedan,3
2022,BANNI,6
2022,Dhoke Mangtal,2
2022,Dhaman Syedan,6
2022,Dhaman Syedan,6
2022,DHOK ALI AKBAR,3
2022,Gulistan Colony,3
2022,Dhaman Syedan,3
2022,Gulistan Colony,2
2022,LAKKHAN,3
2022,Dhamial,2
2022,DHOK MUNSHI KHAN,5
2022,Jhanda Chichi,1
2022,LAKKHAN,3
2022,LAKKHAN,4
2022,Dhoke Mangtal,4
2022,GUF,4
2022,RANIAL,4
2022,LAKKHAN,5
2022,MANKIALA BRAHMNA,4
2022,TAKHT PARI,5
2022,Dhaman Syedan,4
2022,Dhaman Syedan,4
2022,Dhoke Mangtal,4
2022,TAKHT PARI,5
2022,KHANA DAK,4
2022,FAUJI COLONY,3
2022,LAKKHAN,4
2022,Dhamial,4
2022,WAH,4
2022,Dhaman Syedan,4
2022,Dhamial,8
2022,CHAK JALAL DIN,3
2022,Dhamial,6
2022,WAH,4
2022,WAH,4
2022,Dhaman Syedan,2
2022,PURANA QILLA,5
2022,DHOK ALI AKBAR,3
2022,MILLAT COLONY,3
2022,Dhamial,3
2022,Dhaman Syedan,2
2022,Dhaman Syedan,5
2022,BANGISH COLONY,5
2022,Dhoke Mangtal,3
2022,Dhoke Mangtal,2
2022,Dhoke Mangtal,1
2022,Khurram Colony,1
2022,Adiala,4
2022,RANIAL,4
2022,KOTHA KALAN,4
2022,Dhaman Syedan,4
2022,LAKKHAN,4
2022,Dhoke Mangtal,6
2022,KOTHA KALAN,1
2022,Dhamial,3
2022,WAH,10
2022,Dhamial,9
2022,Dhaman Syedan,4
2022,Dhaman Syedan,3
2022,Dhaman Syedan,3
2022,Dhaman Syedan,6
2022,Dhaman Syedan,4
2022,Dhoke Mangtal,6
2022,Dhoke Mangtal,7
2022,Dhaman Syedan,4
2022,Khurram Colony,4
2022,MILLAT COLONY,10
2022,CHAK JALAL DIN,5
2022,Adiala,1
2022,Dhaman Syedan,7
2022,CHAHAN,2
2022,GHEELA KHURD,2
2022,KOTHA KALAN,3
2022,DHOK ALI AKBAR,4
2022,KOTHA KALAN,3
2022,PURANA QILLA,4
2022,RANIAL,0
2022,Dhaman Syedan,0
2022,BANNI,2
2022,Khurram Colony,0
2022,Dhamial,0
2022,LAKKHAN,5
2022,Dhamial,2
2022,PINDORA,3
2022,Dhaman Syedan,6
2022,WAH CANTT-3,3
2022,Dhaman Syedan,6
2022,LAKKHAN,5
2022,WAH,5
2022,Dhaman Syedan,7
2022,RANIAL,4
2022,Dhamial,5
2022,Dhamial,4
2022,Khurram Colony,4
2022,Dhamial,4
2022,Dhamial,4
2022,Dhamial,4
2022,PURANA QILLA,7
2022,Dhaman Syedan,7
2022,DHOK ALI AKBAR,4
2022,GARHEE SIKANDAR,5
2022,Khurram Colony,4
2022,DHOK ALI AKBAR,7
2022,KOTHA KALAN,3
2022,Dhamial,3
2022,Dhaman Syedan,3
2022,DHOK ALI AKBAR,3
2022,Adiala,3
2022,KHANA DAK,3
2022,Dhaman Syedan,3
2022,DHOK DALAL,3
2022,Dhaman Syedan,3
2022,Gulistan Colony,2
2022,Dhamial,3
2022,Dhaman Syedan,3
2022,LAKKHAN,3
2022,LAKKHAN,5
2022,TAKHT PARI,3
2022,Dhoke Mangtal,3
2022,Dhamial,3
2022,Dhaman Syedan,4
2022,Khurram Colony,3
2022,Dhamial,4
2022,Khurram Colony,3
2022,Dhoke Mangtal,3
2022,Dhaman Syedan,6
2022,CHAK JALAL DIN,4
2022,KHURRAM COLONY,3
2022,Dhoke Mangtal,6
2022,Dhaman Syedan,6
2022,Purana Qila,6
2022,DHOK FARMAN ALI,4
2022,Dhamial,3
2022,Dhaman Syedan,4
2022,Dhaman Syedan,3
2022,RANIAL,5
2022,Dhaman Syedan,7
2022,Dhaman Syedan,4
2022,DHOK MUNSHI KHAN,7
2022,PURANA QILLA,3
2022,BANNI,7
2022,WAH,4
2022,RANIAL,4
2022,WAH CANTT-1,7
2022,WAH,7
2022,GARHEE SIKANDAR,5
2022,Dhamial,9
2022,Dhaman Syedan,4
2022,Dhaman Syedan,3
2022,Dhaman Syedan,6
2022,Dhaman Syedan,7
2022,Dhaman Syedan,5
2022,Dhaman Syedan,5
2022,Gulistan Colony,2
2022,GUF,2
2022,Dhamial,3
2022,LAKKHAN,5
2022,Dhamial,6
2022,DHOK ALI AKBAR,0
2022,RANIAL,4
2022,DHOK MUNSHI KHAN,4
2022,Dhamial,4
2022,DHOK MUNSHI KHAN,4
2022,Dhoke Mangtal,4
2022,Chauntra,4
2022,LAKKHAN,4
2022,Gulistan Colony,4
2022,LAKKHAN,4
2022,KHURRAM COLONY,4
2022,RAWALPINDI CANTT-3,3
2022,KOTHA KALAN,4
2022,Dhamial,5
2022,Dhoke Mangtal,4
2022,LAKKHAN,3
2022,Dhaman Syedan,3
2022,SEHR BAGLA,1
2022,MOHANPURA,6
2022,DHOK ALI AKBAR,6
2022,Dhaman Syedan,6
2022,MILLAT COLONY,6
2022,CHAK JALAL DIN,1
2022,DHOK ALI AKBAR,6
2022,Dhoke Mangtal,3
2022,Dhaman Syedan,2
2022,DHOK ALI AKBAR,4
2022,Dhaman Syedan,2
2022,Dhoke Mangtal,2
2022,DHOK ALI AKBAR,2
2022,DHOK ALI AKBAR,3
2022,Khurram Colony,2
2022,Dhaman Syedan,2
2022,Dhaman Syedan,2
2022,Dhaman Syedan,3
2022,Dhaman Syedan,3
2022,Dhamial,3
2022,Jhanda Chichi,2
2022,Dhamial,3
2022,Dhaman Syedan,4
2022,Dhaman Syedan,3
2022,Dhamial,2
2022,Dhamial,3
2022,Khurram Colony,3
2022,Dhamial,3
2022,Dhamial,3
2022,Dhaman Syedan,3
2022,RANIAL,3
2022,LAKKHAN,3
2022,RANIAL,3
2022,Jhanda Chichi,3
2022,DHOK ALI AKBAR,3
2022,Dhamial,5
2022,RANIAL,5
2022,CHAK JALAL DIN,5
2022,CHAK JALAL DIN,5
2022,CHAK JALAL DIN,5
2022,Dhoke Mangtal,5
2022,Dhaman Syedan,5
2022,KOTHA KALAN,5
2022,Dhoke Mangtal,5
2022,Dhaman Syedan,5
2022,LAKKHAN,5
2022,Dhaman Syedan,6
2022,Dhoke Mangtal,4
2022,RANIAL,4
2022,Dhamial,3
2022,Gulistan Colony,4
2022,DEVI,4
2022,DHOK ALI AKBAR,5
2022,DHOK ALI AKBAR,6
2022,Dhamial,1
2022,KOTHA KALAN,5
2022,Dhaman Syedan,4
2022,Dhaman Syedan,4
2022,Dhamial,4
2022,RANIAL,4
2022,Dhaman Syedan,4
2022,Dhamial,4
2022,Waris Khan,4
2022,Dhamial,4
2022,Dhaman Syedan,4
2022,DHOK MUNSHI KHAN,4
2022,Dhamial,4
2022,LAKKHAN,5
2022,BANNI,0
2022,Dhaman Syedan,3
2022,CHAH SULTAN,3
2022,AMARPURA,3
2022,RANIAL,3
2022,Khurram Colony,3
2022,Dhamial,6
2022,KAHUTA-I,4
2022,BANDA,3
2022,LAKKHAN,3
2022,CHAK JALAL DIN,2
2022,Dhamial,6
2022,Dhaman Syedan,3
2022,Dhaman Syedan,4
2022,Dhamial,4
2022,Gulistan Colony,4
2022,Dhamial,3
2022,Dhamial,3
2022,CHAK JALAL DIN,3
2022,LAKKHAN,3
2022,LAKKHAN,3
2022,Gulistan Colony,4
2022,DHOK ALI AKBAR,1
2022,Dhaman Syedan,3
2022,Dhaman Syedan,1
2022,CHAK JALAL DIN,7
2022,Dhaman Syedan,4
2022,JALALA,3
2022,Dhamial,4
2022,Dhaman Syedan,3
2022,Dhaman Syedan,3
2022,LAKKHAN,3
2022,LAKKHAN,3
2022,RANIAL,3
2022,Dhamial,3
2022,CHAK JALAL DIN,3
2022,Dhaman Syedan,2
2022,Dhoke Mangtal,2
2022,MILLAT COLONY,2
2022,Dhamial,3
2022,Dhamial,0
2022,Dhoke Mangtal,5
2022,RANIAL,5
2022,RAWALPINDI CANTT-8,6
2022,Dhamial,2
2022,Khurram Colony,3
2022,Dhaman Syedan,2
2022,RANIAL,3
2022,Dhaman Syedan,2
2022,Dhamial,3
2022,Dhamial,3
2022,MORGAH,4
2022,Dhaman Syedan,4
2022,PURANA QILLA,4
2022,Dhamial,4
2022,PURANA QILLA,4
2022,Dhamial,4
2022,DHOK ALI AKBAR,4
2022,Dhaman Syedan,0
2022,Dhamial,6
2022,Dhaman Syedan,6
2022,Dhaman Syedan,6
2022,Dhaman Syedan,6
2022,SHAH CHAN CHARAGH,5
2022,DHOK ALI AKBAR,3
2022,Dhaman Syedan,0
2022,LAKKHAN,2
2022,CHAK BELI KHAN,5
2022,Dhaman Syedan,2
2022,LAKKHAN,2
2022,Dhamial,1
2022,Dhaman Syedan,4
2022,Dhamial,4
2022,Dhoke Mangtal,4
2022,GARHEE SIKANDAR,7
2022,Dhaman Syedan,6
2022,Dhoke Mangtal,4
2022,Dhamial,6
2022,LAKKHAN,5
2022,Dhaman Syedan,4
2022,LAKKHAN,1
2022,Dhaman Syedan,6
2022,LAKKHAN,6
2022,Dhamial,5
2022,Dhamial,11
2022,Dhaman Syedan,1
2022,DHOK ALI AKBAR,5
2022,RANIAL,3
2022,DARYA GALI,1
2022,PURANA QILLA,0
2022,Dhaman Syedan,4
2022,WAH,6
2022,LAKKHAN,5
2022,DHOK ALI AKBAR,5
2022,Dhamial,5
2022,Khurram Colony,1
2022,SARAI KALA,3
2022,ANGOORI,3
2022,Dhaman Syedan,3
2022,LAKKHAN,4
2022,WAH CANTT-1,7
2022,PURANA QILLA,3
2022,CHAK JALAL DIN,2
2022,Khurram Colony,3
2022,Dhoke Mangtal,6
2022,Dhamial,3
2022,Dhamial,3
2022,Dhaman Syedan,3
2022,Dhoke Mangtal,2
2022,Dhamial,2
2022,Dhoke Mangtal,2
2022,Dhamial,3
2022,Dhamial,2
2022,TAKHT PARI,3
2022,DHOK ALI AKBAR,5
2022,PURANA QILLA,5
2022,Dhoke Mangtal,5
2022,RANIAL,36
2022,Dhoke Mangtal,5
2022,Dhaman Syedan,4
2022,RAWALPINDI CANTT-3,4
2022,RANIAL,4
2022,Gulistan Colony,5
2022,Dhaman Syedan,5
2022,KHANA DAK,2
2022,LAKKHAN,2
2022,Dhaman Syedan,6
2022,Dhaman Syedan,4
2022,Dhaman Syedan,2
2022,Dhoke Mangtal,6
2022,Waris Khan,4
2022,KAHUTA-I,3
2022,Dhamial,3
2022,Dhaman Syedan,3
2022,Dhaman Syedan,6
2022,WAH,6
2022,LAKKHAN,6
2022,DHOK FARMAN ALI,6
2022,RAWALPINDI CANTT-3,6
2022,Dhaman Syedan,6
2022,PURANA QILLA,5
2022,RANIAL,6
2022,Dhaman Syedan,3
2022,Dhaman Syedan,1
2022,Dhamial,2
2022,Dhamial,5
2022,DHOK DALAL,7
2022,Dhaman Syedan,5
2022,Dhaman Syedan,4
2022,Dhamial,4
2022,LAKKHAN,4
2022,RANIAL,4
2022,Dhaman Syedan,1
2022,Dhaman Syedan,1
2022,Dhaman Syedan,2
2022,Dhaman Syedan,2
2022,Dhaman Syedan,2
2022,Dhaman Syedan,3
2022,LAKKHAN,3
2022,Dhaman Syedan,4
2022,Dhoke Mangtal,2
2022,DHOK ALI AKBAR,5
2022,RANIAL,5
2022,GARHEE SIKANDAR,4
2022,LAKKHAN,4
2022,GHEELA KHURD,7
2022,RANIAL,6
2022,Dhaman Syedan,7
2022,LAKKHAN,7
2022,WAH CANTT-1,7
2022,Dhaman Syedan,2
2022,Dhaman Syedan,4
2022,Dhaman Syedan,7
2022,WAH,7
2022,Dhamial,7
2022,Gulistan Colony,7
2022,Dhaman Syedan,3
2022,MORGAH,3
2022,LAKKHAN,3
2022,BANNI,3
2022,DHOK ALI AKBAR,3
2022,Dhaman Syedan,3
2022,LAKKHAN,3
2022,RANIAL,3
2022,Dhamial,6
2022,Dhaman Syedan,5
2022,LAKKHAN,6
2022,JALALA,6
2022,Dhaman Syedan,0
2022,Dhaman Syedan,3
2022,RANIAL,3
2022,KHANA DAK,1
2022,Dhamial,3
2022,Dhamial,5
2022,Dhoke Mangtal,3
2022,Dhaman Syedan,7
2022,Dhaman Syedan,6
2022,KOTHA KALAN,2
2022,Dhaman Syedan,2
2022,Dhaman Syedan,5
2022,KARTARPURA,1
2022,Dhoke Mangtal,6
2022,KHURAM PARACHA,28
2022,Dhaman Syedan,11
2022,KOTHA KALAN,2
2022,KALYAM AWAN,9
2022,Dhaman Syedan,4
2022,Dhaman Syedan,5
2022,Dhamial,3
2022,KAHUTA-I,3
2022,Khurram Colony,6
2022,Dhaman Syedan,7
2022,Dhaman Syedan,6
2022,LAKKHAN,3
2022,Dhaman Syedan,3
2022,Dhamial,3
2022,Dhaman Syedan,3
2022,Dhamial,3
2022,LAKKHAN,8
2022,RAIKA MAIRA,8
2022,Dhamial,7
2022,Dhaman Syedan,3
2022,LAKKHAN,3
2022,Dhaman Syedan,6
2022,Dhaman Syedan,3
2022,Dhaman Syedan,3
2022,Dhaman Syedan,4
2022,WAH,6
2022,LAKKHAN,6
2022,LAKKHAN,4
2022,Dhaman Syedan,4
2022,WAH,3
2022,Dhaman Syedan,0
2022,Dhaman Syedan,4
2022,WAH,5
2022,LAKKHAN,7
2022,LAKKHAN,8
2022,Dhaman Syedan,3
2022,RANIAL,3
2022,Dhaman Syedan,3
2022,Dhaman Syedan,3
2022,RANIAL,5
2022,Dhaman Syedan,4
2022,LAKKHAN,4
2022,Dhaman Syedan,4
2022,Dhaman Syedan,4
2022,RANIAL,4
2022,DHOK ALI AKBAR,4
2022,Dhoke Mangtal,4
2022,LAKKHAN,15
2022,LAKKHAN,8
2022,LAKKHAN,3
2022,Dhaman Syedan,1
2022,Dhamial,3
2022,BANNI,3
2022,Dhaman Syedan,2
2022,Dhaman Syedan,5
2022,Dhamial,5
2022,RANIAL,5
2022,Dhaman Syedan,5
2022,Dhaman Syedan,3
2022,Dhaman Syedan,3
2022,DHOK MUNSHI KHAN,3
2022,JALALA,8
2022,Dhamial,7
2022,CHAK JALAL DIN,1
2022,Dhoke Mangtal,3
2022,Dhaman Syedan,3
2022,Dhaman Syedan,8
2022,Dhoke Mangtal,10
2022,BISHANDOT,6
2022,RANIAL,5
2022,Dhamial,4
2022,Dhaman Syedan,4
2022,GHEL,3
2022,LAKKHAN,4
2022,Dhaman Syedan,3
2022,RANIAL,4
2022,Gulistan Colony,0
2022,RANIAL,3
2022,Dhamial,3
2022,KAHUTA-I,3
2022,DHOK KHABBA,6
2022,Dhaman Syedan,3
2022,CHAK BELI KHAN,3
2022,RANIAL,6
2022,Chhappar,8
2022,Dhamial,3
2022,LAKKHAN,4
2022,Dhoke Mangtal,4
2022,DHOK ALI AKBAR,3
2022,Dhaman Syedan,4
2022,Dhoke Mangtal,5
2022,Dhaman Syedan,4
2022,Dhamial,6
2022,Dhaman Syedan,4
2022,Dhaman Syedan,6
2022,Dhamial,6
2022,Dhaman Syedan,5
2022,KAHUTA-I,6
2022,KAHUTA-I,5
2022,LAKKHAN,7
2022,LAKKHAN,2
2022,KAHUTA-I,3
2022,LAKKHAN,4
2022,LAKKHAN,3
2022,LAKKHAN,2
2022,Dhamial,3
2022,Dhaman Syedan,2
2022,LAKKHAN,5
2022,Dhaman Syedan,4
2022,RANIAL,4
2022,DHOK ALI AKBAR,0
2022,Dhaman Syedan,4
2022,Dhoke Mangtal,4
2022,KAHUTA-I,4
2022,Dhaman Syedan,4
2022,Dhamial,2
2022,RAWALPINDI CANTT-3,2
2022,MORGAH,2
2022,LAKKHAN,3
2022,Dhaman Syedan,3
2022,RANIAL,6
2022,BANNI,6
2022,WAH,6
2022,Dhaman Syedan,8
2022,KAHUTA-I,4
2022,KAHUTA-I,4
2022,WAH,4
2022,WAH,3
2022,LAKKHAN,9
2022,Dhaman Syedan,3
2022,LAKKHAN,3
2022,Chauntra,3
2022,Dhamial,3
2022,Dhaman Syedan,4
2022,Dhamial,3
2022,DHOK ALI AKBAR,3
2022,Dhaman Syedan,5
2022,KHANA DAK,4
2022,Dhaman Syedan,3
2022,WAH,4
2022,WAH,7
2022,GHEELA KHURD,9
2022,LAKKHAN,3
2022,KAHUTA-I,3
2022,LAKKHAN,3
2022,KHANA DAK,3
2022,LAKKHAN,3
2022,RANIAL,3
2022,Dhaman Syedan,3
2022,DHOK MUNSHI KHAN,2
2022,Dhoke Mangtal,4
2022,Dhoke Mangtal,4
2022,Dhoke Mangtal,3
2022,Dhaman Syedan,5
2022,Dhaman Syedan,4
2022,LAKKHAN,4
2022,Dhoke Mangtal,4
2022,LAKKHAN,4
2022,RANIAL,3
2022,LAKKHAN,3
2022,Dhaman Syedan,2
2022,PANJAR,7
2022,Dhaman Syedan,5
2022,RANIAL,3
2022,Dhaman Syedan,3
2022,KAHUTA-I,5
2022,Dhaman Syedan,3
2022,Dhaman Syedan,5
2022,Dhamial,3
2022,Dhaman Syedan,3
2022,Dhaman Syedan,6
2022,LAKKHAN,3
2022,RANIAL,2
2022,Dhaman Syedan,3
2022,LAKKHAN,2
2022,Dhaman Syedan,2
2022,RANIAL,3
2022,RANIAL,4
2022,RANIAL,3
2022,RANIAL,3
2022,LAKKHAN,3
2022,Dhaman Syedan,3
2022,Dhaman Syedan,3
2022,Dhoke Chiragh Din,3
2022,LAKKHAN,3
2022,DHOK ALI AKBAR,2
2022,MORGAH,11
2022,Dhoke Mangtal,4
2022,RANIAL,3
2022,RANIAL,3
2022,Dhaman Syedan,3
2022,Dhoke Mangtal,5
2022,Adiala,5
2022,WAH,7
2022,RANIAL,4
2022,RANIAL,4
2022,Gulistan Colony,6
2022,RANIAL,2
2022,RANIAL,3
2022,RANIAL,3
2022,LAKKHAN,3
2022,BAGGA SHEIKHAN,5
2022,Dhamial,3
2022,Dhamial,3
2022,LAKKHAN,3
2022,RAWALPINDI CANTT-8,3
2022,Dhaman Syedan,3
2022,KAHUTA-I,3
2022,Dhaman Syedan,2
2022,LAKKHAN,2
2022,Dhaman Syedan,2
2022,Jhanda Chichi,2
2022,RANIAL,3
2022,RANIAL,9
2022,RANIAL,3
2022,WAH,7
2022,RANIAL,10
2022,LAKKHAN,3
2022,KOTHA KALAN,0
2022,WAH CANTT-3,7
2022,Jhanda Chichi,2
2022,RANIAL,13
2022,KOTHA KALAN,13
2022,RANIAL,3
2022,Dhok Ratta,3
2022,Dhaman Syedan,2
2022,RANIAL,5
2022,RANIAL,0
2022,RANIAL,5
2022,WAH CANTT-3,5
2022,KAHUTA-I,6
2022,LAKKHAN,2
2022,LAKKHAN,2
2022,KAHUTA-I,7
2022,KAHUTA-I,4
2022,KAHUTA-I,5
2022,KAHUTA-I,5
2022,Dhaman Syedan,5
2022,KAHUTA-I,3
2022,Dhamial,3
2022,RANIAL,5
2022,Dhaman Syedan,6
2022,KAHUTA-I,5
2022,KAHUTA-I,2
2022,KAHUTA-I,4
2022,RANIAL,5
2022,RANIAL,3
2022,LAKKHAN,2
2022,Jhanda Chichi,0
2022,CHAK JALAL DIN,6
2021,Dhoke Mangtal,1
2021,Dhoke Mangtal,0
2021,KOTHA KALAN,0
2021,DHOK MUNSHI KHAN,3
2021,LAKKHAN,9
2021,Dhok Ratta,0
2021,Dhoke Mangtal,4
2021,CHAK JALAL DIN,4
2021,Khurram Colony,6
2021,Dhaman Syedan,4
2021,MATWA,8
2021,Dhamial,3
2021,Dhoke Mangtal,5
2021,Dhamial,4
2021,Dhoke Mangtal,4
2021,Dhamial,4
2021,WAH,7
2021,CHAK JALAL DIN,3
2021,KARTARPURA,5
2021,Khurram Colony,8
2021,Dhoke Mangtal,4
2021,CHAK JALAL DIN,3
2021,Waris Khan,0
2021,KOTHA KALAN,4
2021,WAH,7
2021,RANIAL,4
2021,Waris Khan,1
2021,DHOK MUNSHI KHAN,5
2021,KOTHA KALAN,6
2021,RANIAL,4
2021,Dhoke Mangtal,4
2021,LAKKHAN,4
2021,KOTHA KALAN,4
2021,RANIAL,7
2021,DHOK ALI AKBAR,3
2021,Waris Khan,4
2021,Dhoke Mangtal,4
2021,Khurram Colony,7
2021,Waris Khan,7
2021,Khurram Colony,3
2021,RANIAL,5
2021,DHOK KALA KHAN,0
2021,KOTHA KALAN,4
2021,LAKKHAN,4
2021,Dhoke Mangtal,3
2021,DHOK HUKAM DAD,3
2021,WAH,6
2021,CHAK JALAL DIN,9
2021,Dhoke Mangtal,7
2021,LAKKHAN,2
2021,Dhaman Syedan,5
2021,WAH CANTT-1,3
2021,LAKKHAN,4
2021,LAKKHAN,4
2021,Dhaman Syedan,4
2021,BEOR,4
2021,CHAK JALAL DIN,4
2021,KARTARPURA,4
2021,Dhoke Mangtal,4
2021,Dhoke Mangtal,4
2021,LAKKHAN,4
2021,Dhamial,4
2021,Dhamial,4
2021,CHAK JALAL DIN,4
2021,Dhoke Mangtal,2
2021,RAWALPINDI CANTT-8,3
2021,LAKKHAN,4
2021,Dhoke Mangtal,0
2021,Dhamial,5
2021,LAKKHAN,5
2021,KHANA DAK,5
2021,LAKKHAN,4
2021,KOTHA KALAN,3
2021,Dhaman Syedan,5
2021,DHOK MUNSHI KHAN,0
2021,DHOK ALI AKBAR,0
2021,Dhoke Mangtal,5
2021,Dhamial,4
2021,LAKKHAN,4
2021,WAH CANTT-1,1
2021,Gulistan Colony,2
2021,Dhoke Mangtal,1
2021,Dhaman Syedan,15
2021,LAKKHAN,4
2021,Dhoke Mangtal,3
2021,Dhoke Mangtal,3
2021,GARHEE SIKANDAR,7
2021,LAKKHAN,4
2021,CHAK JALAL DIN,4
2021,AMARPURA,4
2021,Dhoke Mangtal,4
2021,Dhoke Mangtal,4
2021,Dhoke Mangtal,4
2021,LAKKHAN,3
2021,Dhoke Mangtal,8
2021,LAKKHAN,7
2021,Dhaman Syedan,4
2021,LAKKHAN,8
2021,Dhamial,6
2021,DHOK MUNSHI KHAN,6
2021,DHOK ALI AKBAR,3
2021,Dhaman Syedan,4
2021,RAWALPINDI CANTT-9,4
2021,CHAK JALAL DIN,4
2021,PHAGWARI,3
2021,GANJ MANDI,5
2021,KHANA DAK,6
2021,Waris Khan,5
2021,CHAK JALAL DIN,4
2021,RAWALPINDI CANTT-3,0
2021,DHOK MUNSHI KHAN,5
2021,Gulistan Colony,4
2021,Dhamial,4
2021,Dhoke Mangtal,4
2021,MORGAH,12
2021,CHAK JALAL DIN,6
2021,WAH,4
2021,Dhamial,1
2021,WAH,6
2021,Dhaman Syedan,3
2021,Dhoke Mangtal,4
2021,LAKKHAN,4
2021,KARTARPURA,4
2021,Dhoke Mangtal,0
2021,Dhamial,4
2021,KHURAM PARACHA,1
2021,CHAK JALAL DIN,6
2021,DHOK BABU IRFAN,8
2021,CHAK JALAL DIN,0
2021,KANOHA,4
2021,LAKKHAN,5
2021,Chauntra,7
2021,RAWALPINDI CANTT-9,5
2021,LAKKHAN,5
2021,Dhamial,5
2021,DHOK ALI AKBAR,5
2021,Khurram Colony,5
2021,Dhoke Mangtal,5
2021,LAKKHAN,5
2021,LAKKHAN,5
2021,LAKKHAN,5
2021,LAKKHAN,5
2021,WAH,6
2021,LAKKHAN,2
2021,LAKKHAN,3
2021,LAKKHAN,3
2021,DHOK MUNSHI KHAN,7
2021,LAKKHAN,3
2021,Dhamial,3
2021,RANIAL,5
2021,Chauntra,5
2021,CHAK JALAL DIN,4
2021,DHOK ALI AKBAR,4
2021,CHAK JALAL DIN,4
2021,Gulistan Colony,5
2021,GANGAL,2
2021,Dhoke Mangtal,3
2021,Dhoke Mangtal,3
2021,Waris Khan,5
2021,CHAK JALAL DIN,5
2021,Gulistan Colony,4
2021,Dhaman Syedan,5
2021,Waris Khan,3
2021,DHOK MUNSHI KHAN,4
2021,Dhoke Mangtal,1
2021,LAKKHAN,4
2021,DHOK MUNSHI KHAN,5
2021,Dhoke Mangtal,6
2021,CHAH SULTAN,5
2021,Dhoke Mangtal,5
2021,Waris Khan,4
2021,LAKKHAN,4
2021,LAKKHAN,4
2021,Dhoke Mangtal,2
2021,Dhoke Chiragh Din,4
2021,Dhaman Syedan,0
2021,Khurram Colony,3
2021,LAKKHAN,3
2021,KOTHA KALAN,4
2021,CHAK JALAL DIN,3
2021,KOTHA KALAN,4
2021,Dhamial,4
2021,Dhoke Mangtal,3
2021,DHOK BABU IRFAN,7
2021,DHOK MUNSHI KHAN,16
2021,DHOK MUNSHI KHAN,6
2021,Dhoke Mangtal,0
2021,Dhoke Mangtal,8
2021,Dhoke Mangtal,3
2021,Dhoke Mangtal,1
2021,Dhoke Mangtal,11
2021,Dhoke Mangtal,3
2021,DHOK ALI AKBAR,6
2021,DHOK KHABBA,2
2021,RAWALPINDI CANTT-3,5
2021,CHAK JALAL DIN,3
2021,Khurram Colony,3
2021,Dhoke Mangtal,5
2021,Gulistan Colony,5
2021,TAKHT PARI,15
2021,Gulistan Colony,2
2021,PURANA QILLA,0
2021,Dhaman Syedan,8
2021,CHAK JALAL DIN,4
2021,LAKKHAN,4
2021,Waris Khan,4
2021,KOTHA KALAN,4
2021,Dhoke Mangtal,4
2021,Dhoke Mangtal,7
2021,DHOK MUNSHI KHAN,8
2021,KHURAM PARACHA,6
2021,Dhoke Mangtal,8
2021,WAH CANTT-3,3
2021,Dhoke Mangtal,5
2021,Dhoke Mangtal,6
2021,Dhoke Mangtal,6
2021,WAH,7
2021,Gulistan Colony,5
2021,Jhanda Chichi,5
2021,Waris Khan,5
2021,Dhamial,4
2021,RAWALPINDI CANTT-8,3
2021,Gulistan Colony,6
2021,WAH CANTT-1,7
2021,Dhoke Mangtal,14
2021,Jhanda Chichi,0
2021,Dhoke Mangtal,4
2021,DHOK ALI AKBAR,0
2021,MOHANPURA,0
2021,Waris Khan,5
2021,LAKKHAN,5
2021,LAKKHAN,5
2021,Chauntra,5
2021,Chauntra,5
2021,BANNI,5
2021,LAKKHAN,5
2021,Dhoke Mangtal,4
2021,GULIANA,5
2021,Dhamial,6
2021,BANNI,9
2021,Dhoke Mangtal,6
2021,KOTHA KALAN,6
2021,DHOK MUNSHI KHAN,5
2021,MANGOT,7
2021,GHUNGRILA,12
2021,BANNI,5
2021,CHAK JALAL DIN,6
2021,Jhanda Chichi,7
2021,Dhoke Mangtal,8
2021,CHAK BELI KHAN,8
2021,DHOK MUNSHI KHAN,6
2021,THATHA KHALIL,5
2021,DHOK HUKAM DAD,8
2021,DHOK HUKAM DAD,7
2021,DHOK ALI AKBAR,7
2021,Dhoke Mangtal,6
2021,CHAK JALAL DIN,3
2021,CHAK JALAL DIN,5
2021,Dhoke Mangtal,4
2021,DHOK BABU IRFAN,2
2021,CHAH SULTAN,5
2021,Dhamial,4
2021,Dhoke Mangtal,0
2021,LAKKHAN,3
2021,Dhoke Mangtal,5
2021,Dhoke Mangtal,7
2021,Dhoke Mangtal,2
2021,Dhaman Syedan,5
2021,DHOK MUNSHI KHAN,4
2021,LAKKHAN,4
2021,RAWALPINDI CANTT-9,6
2021,KURI DULAL,4
2021,Khurram Colony,7
2021,Dhoke Mangtal,5
2021,KOTHA KALAN,4
2021,RANIAL,4
2021,Gawal Mandi,3
2021,DHOK ALI AKBAR,4
2021,KOTHA KALAN,4
2021,Dhoke Mangtal,5
2021,KAUNTRILA,4
2021,KOTHA KALAN,3
2021,CHAK JALAL DIN,3
2021,KAHUTA-I,4
2021,DHOK MUNSHI KHAN,4
2021,Dhoke Mangtal,5
2021,Dhamial,4
2021,RAWALPINDI CANTT-9,4
2021,Dhoke Mangtal,5
2021,RAWALPINDI CANTT-9,6
2021,DHOK MUNSHI KHAN,7
2021,Dhoke Mangtal,11
2021,Dhoke Mangtal,7
2021,MILLAT COLONY,8
2021,CHAK JALAL DIN,6
2021,LAKKHAN,8
2021,Dhoke Mangtal,4
2021,Dhoke Mangtal,4
2021,KOTHA KALAN,4
2021,AMARPURA,4
2021,DHOK HUKAM DAD,3
2021,Dhaman Syedan,5
2021,Dhoke Mangtal,8
2021,KHURAM PARACHA,5
2021,Gulistan Colony,5
2021,Dhamial,5
2021,Waris Khan,0
2021,MOHANPURA,8
2021,KHURRAM COLONY,5
2021,Khurram Colony,6
2021,Dhaman Syedan,2
2021,Dhoke Mangtal,3
2021,Dhoke Mangtal,7
2021,CHAK JALAL DIN,8
2021,LAKKHAN,8
2021,CHAK JALAL DIN,5
2021,AMARPURA,5
2021,LAKKHAN,6
2021,Dhoke Mangtal,4
2021,Dhoke Mangtal,5
2021,Dhoke Mangtal,4
2021,Dhoke Mangtal,8
2021,Dhoke Mangtal,8
2021,BANNI,4
2021,Dhoke Mangtal,4
2021,ASGHAR MALL SCHEME,4
2021,Dhoke Mangtal,4
2021,LAKKHAN,4
2021,Dhoke Mangtal,4
2021,DHOK MUNSHI KHAN,4
2021,DHOK ALI AKBAR,4
2021,Dhoke Mangtal,4
2021,Dhamial,4
2021,LAKKHAN,1
2021,KAHUTA-I,1
2021,Dhamial,1
2021,KOTHA KALAN,6
2021,KOTHA KALAN,7
2021,CHAK JALAL DIN,9
2021,Dhoke Mangtal,4
2021,DHOK FARMAN ALI,3
2021,Dhoke Mangtal,2
2021,RAWALPINDI CANTT-9,5
2021,CHAK JALAL DIN,6
2021,Dhoke Mangtal,5
2021,BANNI,6
2021,Dhaman Syedan,4
2021,RAWALPINDI CANTT-9,4
2021,CHAK JALAL DIN,5
2021,RANIAL,4
2021,Mohan Pura,4
2021,Dhaman Syedan,2
2021,SHAH CHAN CHARAGH,1
2021,LAKKHAN,5
2021,GARHEE SIKANDAR,2
2021,Dhoke Mangtal,3
2021,Dhoke Mangtal,4
2021,Dhoke Mangtal,5
2021,Dhoke Mangtal,3
2021,Dhoke Mangtal,8
2021,GANGAL,3
2021,RANIAL,4
2021,RAWALPINDI CANTT-9,4
2021,Dhoke Mangtal,0
2021,DHOK ALI AKBAR,0
2021,SHAH CHAN CHARAGH,0
2021,Dhoke Mangtal,3
2021,Dhoke Chiragh Din,4
2021,Dhamial,1
2021,MOHANPURA,5
2021,KOTHA KALAN,3
2021,Dhoke Mangtal,7
2021,DHOK MUNSHI KHAN,4
2021,Dhoke Chiragh Din,4
2021,Dhaman Syedan,4
2021,Dhoke Mangtal,4
2021,DHOK MUNSHI KHAN,4
2021,Adiala,4
2021,Dhoke Mangtal,6
2021,LAKKHAN,1
2021,MORGAH,4
2021,Dhamial,5
2021,Dhoke Mangtal,3
2021,Dhoke Mangtal,3
2021,Dhamial,13
2021,LAKKHAN,13
2021,Dhaman Syedan,3
2021,Dhamial,6
2021,WAH CANTT-1,7
2021,CHAK JALAL DIN,6
2021,MOHANPURA,7
2021,CHAK JALAL DIN,4
2021,KOTHA KALAN,4
2021,KOTHA KALAN,4
2021,CHAK JALAL DIN,5
2021,Dhoke Mangtal,4
2021,Daultala,4
2021,Dhoke Mangtal,3
2021,Dhoke Mangtal,4
2021,DHOK DALAL,11
2021,Dhamial,2
2021,DHOK ALI AKBAR,0
2021,GARHEE SIKANDAR,7
2021,Dhamial,2
2021,Dhoke Mangtal,6
2021,Dhoke Chiragh Din,5
2021,Dhoke Mangtal,6
2021,Dhoke Mangtal,6
2021,Dhoke Mangtal,4
2021,DHOK ALI AKBAR,6
2021,Dhaman Syedan,4
2021,Waris Khan,4
2021,BANNI,4
2021,KOTHA KALAN,4
2021,Dhoke Mangtal,6
2021,Dhoke Mangtal,14
2021,DHOK BABU IRFAN,3
2021,Waris Khan,3
2021,Dhamial,4
2021,Dhamial,6
2021,Gulistan Colony,4
2021,BANNI,4
2021,KOTHA KALAN,5
2021,Dhoke Mangtal,5
2021,LAKKHAN,4
2021,Dhoke Mangtal,5
2021,Dhoke Mangtal,5
2021,Dhoke Mangtal,6
2021,KAHUTA-I,5
2021,CHAK JALAL DIN,4
2021,LAKKHAN,5
2021,Dhoke Mangtal,5
2021,DHOK MUNSHI KHAN,6
2021,DHOK MUNSHI KHAN,5
2021,Dhaman Syedan,6
2021,CHAK JALAL DIN,5
2021,Waris Khan,5
2021,CHAK JALAL DIN,4
2021,Dhoke Mangtal,5
2021,CHAK JALAL DIN,12
2021,DHOK MUNSHI KHAN,8
2021,Dhoke Mangtal,6
2021,DHOK MUNSHI KHAN,6
2021,LAKKHAN,3
2021,Dhoke Mangtal,3
2021,Dhoke Mangtal,0
2021,GHEELA KHURD,0
2021,DHOK BABU IRFAN,3
2021,MOHANPURA,5
2021,Dhoke Mangtal,4
2021,DHOK MUNSHI KHAN,4
2021,DHOK KALA KHAN,4
2021,DHOK ALI AKBAR,4
2021,RAWALPINDI CANTT-9,4
2021,Dhoke Chiragh Din,4
2021,Dhamial,4
2021,RAWALPINDI CANTT-3,5
2021,Dhoke Mangtal,8
2021,KAHUTA-I,2
2021,CHAK JALAL DIN,4
2021,WAH,4
2021,Dhoke Mangtal,3
2021,Dhoke Chiragh Din,5
2021,BANNI,6
2021,RAWALPINDI CANTT-9,5
2021,Waris Khan,4
2021,KHADYOT,4
2021,Dhoke Mangtal,4
2021,DHOK HUKAM DAD,4
2021,BANNI,4
2021,Dhoke Mangtal,4
2021,CHAK JALAL DIN,4
2021,Waris Khan,4
2021,CHAK JALAL DIN,4
2021,WAH CANTT-3,11
2021,Dhoke Mangtal,1
2021,Dhoke Mangtal,5
2021,WAH CANTT-3,9
2021,CHAK JALAL DIN,4
2021,Dhoke Mangtal,3
2021,Dhoke Mangtal,3
2021,LAKKHAN,7
2021,CHAK JALAL DIN,4
2021,Dhoke Mangtal,5
2021,GHEELA KHURD,7
2021,Dhoke Mangtal,6
2021,Dhoke Mangtal,5
2021,Dhamial,7
2021,Dhoke Mangtal,8
2021,Dhoke Mangtal,6
2021,DHOK DALAL,5
2021,Dhoke Mangtal,4
2021,RAWALPINDI CANTT-9,4
2021,DHOK MUNSHI KHAN,4
2021,Gulistan Colony,4
2021,CHAK JALAL DIN,4
2021,LAKKHAN,23
2021,Dhamial,4
2021,RAWALPINDI CANTT-2,0
2021,AMARPURA,3
2021,DHOK BABU IRFAN,2
2021,Dhoke Mangtal,3
2021,Dhoke Chiragh Din,2
2021,Dhamial,3
2021,Jhanda Chichi,5
2021,Dhamial,3
2021,Waris Khan,4
2021,Dhoke Mangtal,4
2021,LAKKHAN,0
2021,Dhoke Mangtal,1
2021,Dhoke Mangtal,3
2021,CHAK JALAL DIN,3
2021,Dhoke Chiragh Din,3
2021,Gulistan Colony,4
2021,PHAGWARI,6
2021,Dhoke Mangtal,0
2021,Dhoke Mangtal,4
2021,Dhoke Mangtal,3
2021,KOTHA KALAN,4
2021,Dhoke Mangtal,4
2021,WAH,4
2021,ANGOORI,6
2021,Dhaman Syedan,4
2021,DHOK ALI AKBAR,4
2021,Dhoke Mangtal,6
2021,SAHANG,3
2021,Dhamial,8
2021,Dhoke Mangtal,6
2021,Waris Khan,5
2021,Dhamial,4
2021,RAWALPINDI CANTT-9,5
2021,Dhoke Mangtal,5
2021,BANNI,5
2021,Dhoke Mangtal,4
2021,Dhoke Mangtal,7
2021,Dhoke Mangtal,4
2021,Dhamial,4
2021,Dhamial,4
2021,Dhoke Mangtal,3
2021,LAKKHAN,6
2021,DHOK MUNSHI KHAN,0
2021,Dhoke Mangtal,4
2021,Dhok Ratta,0
2021,Dhoke Mangtal,6
2021,RAWALPINDI CANTT-9,0
2021,CHAK JALAL DIN,5
2021,Dhamial,4
2021,BANNI,3
2021,Dhoke Mangtal,5
2021,Dhoke Mangtal,5
2021,DHOK ALI AKBAR,4
2021,BANNI,3
2021,Dhoke Mangtal,4
2021,WAH,5
2021,Dhoke Mangtal,4
2021,Dhoke Mangtal,3
2021,Waris Khan,7
2021,DHOK HUKAM DAD,6
2021,BANNI,6
2021,LAKKHAN,4
2021,LAKKHAN,4
2021,Dhoke Mangtal,4
2021,Dhamial,4
2021,Dhoke Mangtal,5
2021,AMARPURA,4
2021,DHOK ALI AKBAR,7
2021,KHURAM PARACHA,1
2021,Khurram Colony,2
2021,GHEELA KHURD,3
2021,Dhoke Mangtal,3
2021,LAKKHAN,4
2021,Dhoke Chiragh Din,4
2021,Dhamial,4
2021,DEVI,2
2021,DHOK HUKAM DAD,1
2021,Dhoke Mangtal,4
2021,JAND MEHLO,4
2021,TAKHT PARI,3
2021,DHOK ALI AKBAR,3
2021,CHAK JALAL DIN,4
2021,Dhoke Mangtal,8
2021,CHAK JALAL DIN,3
2021,GANJ MANDI,9
2021,DHOK MUNSHI KHAN,4
2021,Dhoke Mangtal,4
2021,KOTHA KALAN,4
2021,Dhoke Mangtal,4
2021,Dhoke Mangtal,4
2021,MILLAT COLONY,1
2021,CHAK JALAL DIN,4
2021,Dhoke Mangtal,2
2021,LAKKHAN,3
2021,RAWALPINDI CANTT-9,3
2021,JARMOT KALAN,3
2021,Dhoke Mangtal,3
2021,DHOK BABU IRFAN,5
2021,Dhoke Mangtal,2
2021,DHOK MUNSHI KHAN,7
2021,Dhoke Mangtal,4
2021,BANNI,6
2021,Dhoke Mangtal,9
2021,CHAK JALAL DIN,5
2021,CHAK JALAL DIN,4
2021,Dhoke Mangtal,8
2021,DHOK MUNSHI KHAN,4
2021,LAKKHAN,8
2021,CHAK JALAL DIN,4
2021,CHAK JALAL DIN,4
2021,Dhaman Syedan,4
2021,Dhoke Mangtal,4
2021,RAWALPINDI CANTT-1,4
2021,LAKKHAN,4
2021,CHAK JALAL DIN,4
2021,Dhoke Mangtal,6
2021,CHAK JALAL DIN,0
2021,CHAK JALAL DIN,8
2021,Dhaman Syedan,4
2021,Dhoke Mangtal,5
2021,Dhoke Mangtal,5
2021,Dhoke Mangtal,5
2021,BANNI,6
2021,Dhoke Mangtal,5
2021,Dhoke Mangtal,5
2021,PINDORA,5
2021,RAWALPINDI CANTT-8,5
2021,KOTHA KALAN,6
2021,Waris Khan,6
2021,Dhoke Mangtal,4
2021,Dhoke Mangtal,4
2021,BANNI,4
2021,Dhamial,5
2021,KOTHA KALAN,4
2021,Dhoke Mangtal,4
2021,Dhoke Mangtal,1
2021,Dhoke Mangtal,4
2021,DHOK MUNSHI KHAN,4
2021,Dhoke Mangtal,5
2021,CHAK JALAL DIN,2
2021,Dhoke Mangtal,4
2021,Dhoke Mangtal,2
2021,DHOK MUNSHI KHAN,0
2021,Dhoke Mangtal,7
2021,KHANA DAK,5
2021,Dhoke Mangtal,5
2021,DHOK MUNSHI KHAN,3
2021,CHAK JALAL DIN,4
2021,DHOK MUNSHI KHAN,2
2021,KHANA DAK,4
2021,Dhoke Mangtal,3
2021,DHOK MUNSHI KHAN,0
2021,Dhoke Mangtal,0
2021,TAKHT PARI,7
2021,BANNI,6
2021,Dhoke Mangtal,9
2021,Dhoke Mangtal,6
2021,Dhoke Mangtal,5
2021,DHOK MUNSHI KHAN,6
2021,Dhoke Mangtal,5
2021,CHAK JALAL DIN,4
2021,CHAK JALAL DIN,6
2021,Dhoke Mangtal,4
2021,NAMBAL,4
2021,BANNI,3
2021,BANNI,4
2021,Dhamial,4
2021,BANNI,4
2021,CHAK JALAL DIN,3
2021,Dhamial,3
2021,LAKKHAN,4
2021,Dhoke Mangtal,4
2021,Dhoke Mangtal,4
2021,KOTHA KALAN,3
2021,Dhoke Mangtal,7
2021,GHEELA KHURD,4
2021,GANJ MANDI,8
2021,Dhoke Mangtal,6
2021,Dhoke Mangtal,7
2021,Dhoke Mangtal,4
2021,Dhoke Mangtal,8
2021,DHOK MUNSHI KHAN,5
2021,DARKLI MAMOORI,4
2021,CHAK JALAL DIN,4
2021,KOTHA KALAN,4
2021,SANTHA SAROOLA,4
2021,Dhoke Mangtal,4
2021,Dhoke Mangtal,4
2021,Dhoke Mangtal,2
2021,CHAK JALAL DIN,3
2021,Dhoke Mangtal,2
2021,LAKKHAN,4
2021,DHOK MUNSHI KHAN,4
2021,CHAK JALAL DIN,3
2021,Dhoke Mangtal,3
2021,CHAK JALAL DIN,0
2021,WAH,0
2021,CHAK JALAL DIN,10
2021,Dhoke Mangtal,5
2021,Gulistan Colony,5
2021,Dhoke Mangtal,0
2021,Dhoke Mangtal,6
2021,WAH,6
2021,Dhoke Mangtal,5
2021,Dhoke Mangtal,6
2021,SEHAL,3
2021,Dhoke Mangtal,8
2021,BANNI,7
2021,Dhaman Syedan,5
2021,SHAH CHAN CHARAGH,7
2021,KOTHA KALAN,6
2021,Dhoke Mangtal,8
2021,Waris Khan,6
2021,DHOK MUNSHI KHAN,4
2021,DHOK KALA KHAN,4
2021,DHOK MUNSHI KHAN,4
2021,DHOK MUNSHI KHAN,4
2021,Dhamial,4
2021,KHANA DAK,4
2021,Dhaman Syedan,5
2021,Dhoke Mangtal,10
2021,Gulistan Colony,10
2021,DHOK MUNSHI KHAN,6
2021,Dhoke Mangtal,6
2021,Dhoke Mangtal,2
2021,Dhoke Mangtal,7
2021,DHOK MUNSHI KHAN,3
2021,Dhoke Mangtal,6
2021,BAJNIAL,6
2021,Dhoke Mangtal,4
2021,Dhamial,6
2021,Dhoke Mangtal,7
2021,CHAK JALAL DIN,5
2021,Dhoke Mangtal,5
2021,Dhoke Mangtal,5
2021,CHAK JALAL DIN,4
2021,DHOK MUNSHI KHAN,5
2021,CHAK JALAL DIN,5
2021,Waris Khan,5
2021,Dhoke Mangtal,7
2021,Dhoke Mangtal,6
2021,CHAH SULTAN,6
2021,Dhoke Mangtal,6
2021,DHOK MUNSHI KHAN,8
2021,DHOK KALA KHAN,7
2021,Dhoke Mangtal,2
2021,Waris Khan,6
2021,Dhoke Mangtal,6
2021,Dhoke Mangtal,6
2021,LAKKHAN,6
2021,Dhoke Mangtal,4
2021,Dhoke Mangtal,36
2021,Dhoke Mangtal,6
2021,Dhoke Mangtal,6
2021,CHAK JALAL DIN,6
2021,RAWALPINDI CANTT-9,35
2021,DHOK ALI AKBAR,4
2021,Dhoke Mangtal,6
2021,Dhoke Mangtal,6
2021,DHOK MUNSHI KHAN,6
2021,CHAK JALAL DIN,6
2021,Dhoke Mangtal,6
2021,Dhoke Mangtal,6
2021,Dhaman Syedan,5
2021,Dhoke Mangtal,3
2021,DHOK BABU IRFAN,5
2021,MOHANPURA,6
2021,Dhoke Mangtal,5
2021,DHOK MUNSHI KHAN,7
2021,Dhoke Mangtal,5
2021,Waris Khan,6
2021,DHOK MUNSHI KHAN,5
2021,Dhoke Mangtal,5
2021,Dhoke Mangtal,7
2021,Dhoke Mangtal,5
2021,Dhoke Mangtal,6
2021,CHAK JALAL DIN,7
2021,Dhoke Mangtal,7
2021,Dhoke Mangtal,7
2021,Dhoke Mangtal,8
2021,Dhoke Mangtal,5
2021,Dhoke Mangtal,5
2021,Dhoke Mangtal,5
2021,MILLAT COLONY,0
2021,Dhoke Mangtal,0
2021,DHOK MUNSHI KHAN,4
2021,Dhoke Mangtal,6
2021,QAZIAN,6
2021,Dhoke Mangtal,6
2021,GHEELA KHURD,4
2021,LAKKHAN,7
2021,BANNI,6
2021,Dhoke Mangtal,6
2021,Waris Khan,7
2021,Dhoke Mangtal,6
2021,RAWALPINDI CANTT-9,6
2021,Dhoke Mangtal,7
2021,Dhoke Mangtal,7
2021,Ratta Amral,7
2021,DHOK DALAL,6
2021,Dhoke Mangtal,8
2021,Dhoke Mangtal,8
2021,DAKHALI,7
2021,Dhoke Mangtal,6
2021,DHOK MUNSHI KHAN,6
2021,Dhoke Mangtal,3
2021,Dhoke Mangtal,5
2021,Khurram Colony,5
2021,LAKKHAN,4
2021,Dhoke Mangtal,5
2021,LAKKHAN,4
2021,BANNI,9
2021,Dhoke Mangtal,5
2021,Dhoke Mangtal,5
2021,Dhoke Mangtal,4
2021,LAKKHAN,6
2021,Waris Khan,7
2021,DHOK ALI AKBAR,6
2021,Dhoke Mangtal,6
2021,Dhoke Mangtal,5
2021,Dhoke Mangtal,7
2021,Dhoke Mangtal,7
2021,DHOK MUNSHI KHAN,7
2021,Dhoke Mangtal,5
2021,Dhoke Mangtal,5
2021,KARTARPURA,4
2021,CHAK JALAL DIN,6
2021,Gulistan Colony,5
2021,BANNI,6
2021,BANNI,5
2021,CHAK JALAL DIN,7
2021,Dhoke Mangtal,4
2021,KOTHA KALAN,5
2021,DHOK MUNSHI KHAN,5
2021,Dhoke Mangtal,7
2021,Dhoke Mangtal,5
2021,Waris Khan,0
2021,Dhoke Mangtal,6
2021,WAH CANTT-1,5
2021,Dhoke Mangtal,9
2021,Dhoke Mangtal,5
2021,Dhoke Mangtal,5
2021,Dhamial,4
2021,BANNI,6
2021,Dhoke Mangtal,5
2021,DHOK MUNSHI KHAN,7
2021,CHAK JALAL DIN,6
2021,KOTHA KALAN,4
2021,WAH,6
2021,KOTHA KALAN,5
2021,GARHEE SIKANDAR,9
2021,Dhoke Mangtal,6
2021,Dhoke Mangtal,6
2021,Dhoke Mangtal,6
2021,CHAK JALAL DIN,8
2021,Dhoke Mangtal,6
2021,CHAK JALAL DIN,7
2021,Dhoke Mangtal,6
2021,Dhoke Mangtal,6
2021,DHOK ALI AKBAR,5
2021,Dhoke Mangtal,5
2021,Dhoke Mangtal,5
2021,Dhoke Mangtal,6
2021,DHOK ALI AKBAR,5
2021,DHOK ALI AKBAR,4
2021,Khurram Colony,7
2021,Dhoke Mangtal,7
2021,LOHDRA,6
2021,DHOK KHABBA,2
2021,Dhoke Mangtal,6
2021,Dhoke Mangtal,6
2021,BANNI,4
2021,DHOK MUNSHI KHAN,7
2021,CHAK JALAL DIN,7
2021,BANNI,5
2021,BANNI,6
2021,BANNI,5
2021,CHAK JALAL DIN,7
2021,Dhoke Mangtal,5
2021,WAH,13
2021,KHANA DAK,6
2021,Dhoke Mangtal,7
2021,Waris Khan,6
2021,LAKKHAN,9
2021,Dhoke Mangtal,8
2021,Dhoke Mangtal,9
2021,GHEELA KHURD,10
2021,Dhoke Mangtal,8
2021,LAKKHAN,9
2021,BANNI,3
2021,Ratta Amral,8
2021,Dhoke Mangtal,7
2021,WAH CANTT-1,9
2021,WAH CANTT-1,6
2021,Dhoke Mangtal,7
2021,CHAK JALAL DIN,12
2021,Dhoke Mangtal,6
2021,GHEELA KHURD,9
2021,CHAK JALAL DIN,6
2021,Dhoke Mangtal,6
2021,CHAK JALAL DIN,8
2021,CHAK JALAL DIN,10
2021,DHOK ALI AKBAR,9
2021,Dhoke Mangtal,8
2021,Dhoke Mangtal,7
2021,Dhoke Mangtal,8
2021,DHOK MUNSHI KHAN,6
2021,Dhoke Mangtal,8
2021,Dhoke Mangtal,8
2021,DEVI,7
2021,Dhoke Mangtal,8
2021,BANNI,5
2021,Dhoke Mangtal,5
2021,Dhoke Mangtal,8
2021,PURANA QILLA,4
2021,KOTHA KALAN,7
2021,JAND MEHLO,7
2021,Dhoke Mangtal,11
2021,Dhoke Mangtal,7
2021,Dhoke Mangtal,10
2021,Dhoke Mangtal,7
2021,Dhoke Mangtal,9
2021,Dhoke Mangtal,6
2021,RAWALPINDI CANTT-9,7
2021,Dhoke Mangtal,6
2021,Dhoke Mangtal,6
2021,Dhoke Mangtal,10
2021,Dhoke Mangtal,8
2021,Dhoke Mangtal,7
2021,RAWALPINDI CANTT-9,5
2021,DHOK ALI AKBAR,6
2021,Dhoke Mangtal,6
2021,Dhoke Mangtal,7
2021,LAKKHAN,7
2021,CHAK JALAL DIN,9
2021,Dhoke Mangtal,5
2021,Dhoke Mangtal,7
2021,Dhoke Mangtal,7
2021,CHAK JALAL DIN,6
2021,WAH,6
2021,Jhanda Chichi,9
2021,Dhoke Mangtal,9
2021,Dhoke Mangtal,7
2021,DHOK ALI AKBAR,7
2021,DHOK DALAL,8
2021,Dhoke Mangtal,10
2021,CHAK JALAL DIN,5
2021,Dhoke Mangtal,7
2021,Dhoke Mangtal,6
2021,BASALI,10
2021,DHOK DALAL,7
2021,BHADANA,6
2021,DHOK ALI AKBAR,8
2021,Dhoke Mangtal,2
2021,DHOK ALI AKBAR,6
2021,RANIAL,4
2021,BANNI,7
2021,DHOK ALI AKBAR,8
2021,WAH,8
2021,CHAK JALAL DIN,9
2021,Dhaman Syedan,8
2021,Dhoke Mangtal,9
2021,Waris Khan,8
2021,CHAK JALAL DIN,3
2021,Dhoke Mangtal,6
2021,Dhoke Mangtal,9
2021,Waris Khan,8
2021,Gulistan Colony,8
2021,Dhoke Mangtal,7
2021,Dhoke Mangtal,7
2021,Dhoke Mangtal,8
2021,Dhoke Mangtal,8
2021,LAKKHAN,12
2021,Dhoke Mangtal,11
2021,AMARPURA,9
2021,Dhoke Mangtal,9
2021,CHAK JALAL DIN,9
2021,Dhoke Mangtal,10
2021,Waris Khan,6
2021,DHOK MUNSHI KHAN,8
2021,Dhoke Mangtal,5
2021,Dhoke Mangtal,5
2021,BANNI,13
2021,BANNI,8
2021,Dhaman Syedan,9
2021,Dhoke Mangtal,5
2021,Dhoke Mangtal,6
2021,BANNI,10
2021,BANNI,5
2021,Dhoke Mangtal,9
2021,Dhoke Mangtal,13
2021,Dhoke Mangtal,9
2021,RAWALPINDI CANTT-8,12
2021,KOTLI SATTIAN,10
2021,DHOK DALAL,3
2021,Dhoke Mangtal,8
2021,BANNI,10
2021,BANNI,12
2021,Dhoke Mangtal,9
2021,Dhoke Mangtal,10
2021,DHOK MUNSHI KHAN,10
2021,Dhaman Syedan,7
2021,LAKKHAN,5
2021,Dhoke Mangtal,9
2021,Dhamial,12
2021,Dhoke Mangtal,8
2021,DHOK BABU IRFAN,9
2021,Khurram Colony,7
2021,Dhoke Mangtal,6
2021,Dhoke Mangtal,10
2021,DHOK MUNSHI KHAN,13
2021,DHOK KHABBA,11
2021,Dhoke Mangtal,14
2021,Dhoke Mangtal,15
2021,PURANA QILLA,14
2021,Dhamial,11
2021,Dhamial,11
2021,Dhoke Mangtal,12
2021,Dhoke Mangtal,13
2021,Dhoke Mangtal,14
2021,Dhoke Mangtal,0
2021,Dhoke Mangtal,14
2021,Dhoke Mangtal,12
2021,Dhoke Mangtal,13
2021,Dhoke Mangtal,8
2021,Dhoke Mangtal,5
2021,Dhoke Mangtal,11
2021,MORGAH,12
2021,Dhoke Chiragh Din,12
2021,Dhoke Mangtal,9
2021,Dhoke Mangtal,5
2021,Dhoke Mangtal,15
2021,CHAK JALAL DIN,11
2021,DHOK KALA KHAN,0
2021,Dhoke Mangtal,11
2021,DHOK KALA KHAN,6
2021,Dhoke Mangtal,6
2021,Dhoke Mangtal,11
2021,Dhoke Mangtal,7
2021,Dhoke Mangtal,6
2021,CHAK JALAL DIN,14
2021,KHURAM PARACHA,12
2021,Dhamial,11
2021,Dhamial,12
2021,KAHUTA-I,10
2021,Dhoke Mangtal,9
2021,Waris Khan,5
2021,GANJ MANDI,5
2021,Dhoke Mangtal,7
2021,Dhoke Mangtal,20
2021,Khurram Colony,11
2021,Dhoke Mangtal,4
2021,Dhoke Mangtal,5
2021,Dhoke Mangtal,6
2021,Dhoke Mangtal,4
2021,CHAK JALAL DIN,9
2021,Dhaman Syedan,6
2021,Dhoke Mangtal,10
2021,DHOK KHABBA,17
2021,SAHANG,7
2021,DHOK DALAL,9
2021,Jhanda Chichi,6
2021,BANNI,18
2021,WAH CANTT-3,4
2021,Dhoke Mangtal,10
2021,DHOK DALAL,1
2021,Dhoke Mangtal,7
2021,Dhoke Mangtal,25
2021,CHAK JALAL DIN,13
2021,Dhoke Mangtal,13
2021,RAWALPINDI CANTT-9,11
2021,Dhoke Mangtal,16
2021,Khurram Colony,23
2021,Dhoke Mangtal,3
