Year,Week,UC_name,cases,week_start
2021,1,107 UC,0,2021-01-04
2021,2,107 UC,0,2021-01-11
2021,3,107 UC,0,2021-01-18
2021,4,107 UC,0,2021-01-25
2021,5,107 UC,0,2021-02-01
2021,6,107 UC,0,2021-02-08
2021,7,107 UC,0,2021-02-15
2021,8,107 UC,0,2021-02-22
2021,9,107 UC,0,2021-03-01
2021,10,107 UC,0,2021-03-08
2021,11,107 UC,0,2021-03-15
2021,12,107 UC,0,2021-03-22
2021,13,107 UC,0,2021-03-29
2021,14,107 UC,0,2021-04-05
2021,15,107 UC,0,2021-04-12
2021,16,107 UC,0,2021-04-19
2021,17,107 UC,0,2021-04-26
2021,18,107 UC,0,2021-05-03
2021,19,107 UC,0,2021-05-10
2021,20,107 UC,0,2021-05-17
2021,21,107 UC,0,2021-05-24
2021,22,107 UC,0,2021-05-31
2021,23,107 UC,0,2021-06-07
2021,24,107 UC,0,2021-06-14
2021,25,107 UC,0,2021-06-21
2021,26,107 UC,0,2021-06-28
2021,27,107 UC,0,2021-07-05
2021,28,107 UC,0,2021-07-12
2021,29,107 UC,0,2021-07-19
2021,30,107 UC,0,2021-07-26
2021,31,107 UC,0,2021-08-02
2021,32,107 UC,0,2021-08-09
2021,33,107 UC,0,2021-08-16
2021,34,107 UC,0,2021-08-23
2021,35,107 UC,0,2021-08-30
2021,36,107 UC,0,2021-09-06
2021,37,107 UC,0,2021-09-13
2021,38,107 UC,0,2021-09-20
2021,39,107 UC,0,2021-09-27
2021,40,107 UC,0,2021-10-04
2021,41,107 UC,0,2021-10-11
2021,42,107 UC,0,2021-10-18
2021,43,107 UC,1,2021-10-25
2021,44,107 UC,0,2021-11-01
2021,45,107 UC,0,2021-11-08
2021,46,107 UC,0,2021-11-15
2021,47,107 UC,0,2021-11-22
2021,48,107 UC,0,2021-11-29
2021,49,107 UC,0,2021-12-06
2021,50,107 UC,0,2021-12-13
2021,51,107 UC,0,2021-12-20
2021,52,107 UC,0,2021-12-27
2022,1,107 UC,0,2022-01-03
2022,2,107 UC,0,2022-01-10
2022,3,107 UC,0,2022-01-17
2022,4,107 UC,0,2022-01-24
2022,5,107 UC,0,2022-01-31
2022,6,107 UC,0,2022-02-07
2022,7,107 UC,0,2022-02-14
2022,8,107 UC,0,2022-02-21
2022,9,107 UC,0,2022-02-28
2022,10,107 UC,0,2022-03-07
2022,11,107 UC,0,2022-03-14
2022,12,107 UC,0,2022-03-21
2022,13,107 UC,0,2022-03-28
2022,14,107 UC,0,2022-04-04
2022,15,107 UC,0,2022-04-11
2022,16,107 UC,0,2022-04-18
2022,17,107 UC,0,2022-04-25
2022,18,107 UC,0,2022-05-02
2022,19,107 UC,0,2022-05-09
2022,20,107 UC,0,2022-05-16
2022,21,107 UC,0,2022-05-23
2022,22,107 UC,0,2022-05-30
2022,23,107 UC,0,2022-06-06
2022,24,107 UC,0,2022-06-13
2022,25,107 UC,0,2022-06-20
2022,26,107 UC,0,2022-06-27
2022,27,107 UC,0,2022-07-04
2022,28,107 UC,0,2022-07-11
2022,29,107 UC,0,2022-07-18
2022,30,107 UC,0,2022-07-25
2022,31,107 UC,0,2022-08-01
2022,32,107 UC,0,2022-08-08
2022,33,107 UC,0,2022-08-15
2022,34,107 UC,0,2022-08-22
2022,35,107 UC,0,2022-08-29
2022,36,107 UC,0,2022-09-05
2022,37,107 UC,0,2022-09-12
2022,38,107 UC,0,2022-09-19
2022,39,107 UC,0,2022-09-26
2022,40,107 UC,0,2022-10-03
2022,41,107 UC,1,2022-10-10
2022,42,107 UC,0,2022-10-17
2022,43,107 UC,0,2022-10-24
2022,44,107 UC,0,2022-10-31
2022,45,107 UC,1,2022-11-07
2022,46,107 UC,0,2022-11-14
2022,47,107 UC,0,2022-11-21
2022,48,107 UC,0,2022-11-28
2022,49,107 UC,0,2022-12-05
2022,50,107 UC,0,2022-12-12
2022,51,107 UC,0,2022-12-19
2022,52,107 UC,0,2022-12-26
2023,1,107 UC,0,2023-01-02
2023,2,107 UC,0,2023-01-09
2023,3,107 UC,0,2023-01-16
2023,4,107 UC,0,2023-01-23
2023,5,107 UC,0,2023-01-30
2023,6,107 UC,0,2023-02-06
2023,7,107 UC,0,2023-02-13
2023,8,107 UC,0,2023-02-20
2023,9,107 UC,0,2023-02-27
2023,10,107 UC,0,2023-03-06
2023,11,107 UC,0,2023-03-13
2023,12,107 UC,0,2023-03-20
2023,13,107 UC,0,2023-03-27
2023,14,107 UC,0,2023-04-03
2023,15,107 UC,0,2023-04-10
2023,16,107 UC,0,2023-04-17
2023,17,107 UC,0,2023-04-24
2023,18,107 UC,0,2023-05-01
2023,19,107 UC,0,2023-05-08
2023,20,107 UC,0,2023-05-15
2023,21,107 UC,0,2023-05-22
2023,22,107 UC,0,2023-05-29
2023,23,107 UC,0,2023-06-05
2023,24,107 UC,0,2023-06-12
2023,25,107 UC,0,2023-06-19
2023,26,107 UC,0,2023-06-26
2023,27,107 UC,0,2023-07-03
2023,28,107 UC,0,2023-07-10
2023,29,107 UC,0,2023-07-17
2023,30,107 UC,0,2023-07-24
2023,31,107 UC,0,2023-07-31
2023,32,107 UC,0,2023-08-07
2023,33,107 UC,0,2023-08-14
2023,34,107 UC,0,2023-08-21
2023,35,107 UC,0,2023-08-28
2023,36,107 UC,0,2023-09-04
2023,37,107 UC,0,2023-09-11
2023,38,107 UC,0,2023-09-18
2023,39,107 UC,1,2023-09-25
2023,40,107 UC,0,2023-10-02
2023,41,107 UC,0,2023-10-09
2023,42,107 UC,0,2023-10-16
2023,43,107 UC,0,2023-10-23
2023,44,107 UC,0,2023-10-30
2023,45,107 UC,0,2023-11-06
2023,46,107 UC,0,2023-11-13
2023,47,107 UC,0,2023-11-20
2023,48,107 UC,0,2023-11-27
2023,49,107 UC,0,2023-12-04
2023,50,107 UC,0,2023-12-11
2023,51,107 UC,0,2023-12-18
2023,52,107 UC,0,2023-12-25
2024,1,107 UC,0,2024-01-01
2024,2,107 UC,0,2024-01-08
2024,3,107 UC,0,2024-01-15
2024,4,107 UC,0,2024-01-22
2024,5,107 UC,0,2024-01-29
2024,6,107 UC,0,2024-02-05
2024,7,107 UC,0,2024-02-12
2024,8,107 UC,0,2024-02-19
2024,9,107 UC,0,2024-02-26
2024,10,107 UC,0,2024-03-04
2024,11,107 UC,0,2024-03-11
2024,12,107 UC,0,2024-03-18
2024,13,107 UC,0,2024-03-25
2024,14,107 UC,0,2024-04-01
2024,15,107 UC,0,2024-04-08
2024,16,107 UC,0,2024-04-15
2024,17,107 UC,0,2024-04-22
2024,18,107 UC,0,2024-04-29
2024,19,107 UC,0,2024-05-06
2024,20,107 UC,0,2024-05-13
2024,21,107 UC,0,2024-05-20
2024,22,107 UC,0,2024-05-27
2024,23,107 UC,0,2024-06-03
2024,24,107 UC,0,2024-06-10
2024,25,107 UC,0,2024-06-17
2024,26,107 UC,0,2024-06-24
2024,27,107 UC,0,2024-07-01
2024,28,107 UC,0,2024-07-08
2024,29,107 UC,0,2024-07-15
2024,30,107 UC,0,2024-07-22
2024,31,107 UC,0,2024-07-29
2024,32,107 UC,0,2024-08-05
2024,33,107 UC,0,2024-08-12
2024,34,107 UC,0,2024-08-19
2024,35,107 UC,0,2024-08-26
2024,36,107 UC,0,2024-09-02
2024,37,107 UC,0,2024-09-09
2024,38,107 UC,1,2024-09-16
2024,39,107 UC,2,2024-09-23
2024,40,107 UC,0,2024-09-30
2024,41,107 UC,0,2024-10-07
2024,42,107 UC,0,2024-10-14
2024,43,107 UC,1,2024-10-21
2024,44,107 UC,0,2024-10-28
2024,45,107 UC,0,2024-11-04
2024,46,107 UC,0,2024-11-11
2024,47,107 UC,0,2024-11-18
2024,48,107 UC,0,2024-11-25
2024,49,107 UC,0,2024-12-02
2024,50,107 UC,0,2024-12-09
2024,51,107 UC,0,2024-12-16
2024,52,107 UC,0,2024-12-23
2021,1,AFANDI COLONY,0,2021-01-04
2021,2,AFANDI COLONY,0,2021-01-11
2021,3,AFANDI COLONY,0,2021-01-18
2021,4,AFANDI COLONY,0,2021-01-25
2021,5,AFANDI COLONY,0,2021-02-01
2021,6,AFANDI COLONY,0,2021-02-08
2021,7,AFANDI COLONY,0,2021-02-15
2021,8,AFANDI COLONY,0,2021-02-22
2021,9,AFANDI COLONY,0,2021-03-01
2021,10,AFANDI COLONY,0,2021-03-08
2021,11,AFANDI COLONY,0,2021-03-15
2021,12,AFANDI COLONY,0,2021-03-22
2021,13,AFANDI COLONY,0,2021-03-29
2021,14,AFANDI COLONY,0,2021-04-05
2021,15,AFANDI COLONY,0,2021-04-12
2021,16,AFANDI COLONY,0,2021-04-19
2021,17,AFANDI COLONY,0,2021-04-26
2021,18,AFANDI COLONY,0,2021-05-03
2021,19,AFANDI COLONY,0,2021-05-10
2021,20,AFANDI COLONY,0,2021-05-17
2021,21,AFANDI COLONY,0,2021-05-24
2021,22,AFANDI COLONY,0,2021-05-31
2021,23,AFANDI COLONY,0,2021-06-07
2021,24,AFANDI COLONY,0,2021-06-14
2021,25,AFANDI COLONY,0,2021-06-21
2021,26,AFANDI COLONY,0,2021-06-28
2021,27,AFANDI COLONY,0,2021-07-05
2021,28,AFANDI COLONY,0,2021-07-12
2021,29,AFANDI COLONY,0,2021-07-19
2021,30,AFANDI COLONY,0,2021-07-26
2021,31,AFANDI COLONY,0,2021-08-02
2021,32,AFANDI COLONY,0,2021-08-09
2021,33,AFANDI COLONY,0,2021-08-16
2021,34,AFANDI COLONY,0,2021-08-23
2021,35,AFANDI COLONY,0,2021-08-30
2021,36,AFANDI COLONY,0,2021-09-06
2021,37,AFANDI COLONY,0,2021-09-13
2021,38,AFANDI COLONY,0,2021-09-20
2021,39,AFANDI COLONY,1,2021-09-27
2021,40,AFANDI COLONY,0,2021-10-04
2021,41,AFANDI COLONY,0,2021-10-11
2021,42,AFANDI COLONY,0,2021-10-18
2021,43,AFANDI COLONY,0,2021-10-25
2021,44,AFANDI COLONY,0,2021-11-01
2021,45,AFANDI COLONY,0,2021-11-08
2021,46,AFANDI COLONY,0,2021-11-15
2021,47,AFANDI COLONY,0,2021-11-22
2021,48,AFANDI COLONY,0,2021-11-29
2021,49,AFANDI COLONY,0,2021-12-06
2021,50,AFANDI COLONY,0,2021-12-13
2021,51,AFANDI COLONY,0,2021-12-20
2021,52,AFANDI COLONY,0,2021-12-27
2022,1,AFANDI COLONY,0,2022-01-03
2022,2,AFANDI COLONY,0,2022-01-10
2022,3,AFANDI COLONY,0,2022-01-17
2022,4,AFANDI COLONY,0,2022-01-24
2022,5,AFANDI COLONY,0,2022-01-31
2022,6,AFANDI COLONY,0,2022-02-07
2022,7,AFANDI COLONY,0,2022-02-14
2022,8,AFANDI COLONY,0,2022-02-21
2022,9,AFANDI COLONY,0,2022-02-28
2022,10,AFANDI COLONY,0,2022-03-07
2022,11,AFANDI COLONY,0,2022-03-14
2022,12,AFANDI COLONY,0,2022-03-21
2022,13,AFANDI COLONY,0,2022-03-28
2022,14,AFANDI COLONY,0,2022-04-04
2022,15,AFANDI COLONY,0,2022-04-11
2022,16,AFANDI COLONY,0,2022-04-18
2022,17,AFANDI COLONY,0,2022-04-25
2022,18,AFANDI COLONY,0,2022-05-02
2022,19,AFANDI COLONY,0,2022-05-09
2022,20,AFANDI COLONY,0,2022-05-16
2022,21,AFANDI COLONY,0,2022-05-23
2022,22,AFANDI COLONY,0,2022-05-30
2022,23,AFANDI COLONY,0,2022-06-06
2022,24,AFANDI COLONY,0,2022-06-13
2022,25,AFANDI COLONY,0,2022-06-20
2022,26,AFANDI COLONY,0,2022-06-27
2022,27,AFANDI COLONY,0,2022-07-04
2022,28,AFANDI COLONY,0,2022-07-11
2022,29,AFANDI COLONY,0,2022-07-18
2022,30,AFANDI COLONY,0,2022-07-25
2022,31,AFANDI COLONY,0,2022-08-01
2022,32,AFANDI COLONY,0,2022-08-08
2022,33,AFANDI COLONY,0,2022-08-15
2022,34,AFANDI COLONY,0,2022-08-22
2022,35,AFANDI COLONY,0,2022-08-29
2022,36,AFANDI COLONY,0,2022-09-05
2022,37,AFANDI COLONY,0,2022-09-12
2022,38,AFANDI COLONY,0,2022-09-19
2022,39,AFANDI COLONY,1,2022-09-26
2022,40,AFANDI COLONY,0,2022-10-03
2022,41,AFANDI COLONY,0,2022-10-10
2022,42,AFANDI COLONY,0,2022-10-17
2022,43,AFANDI COLONY,3,2022-10-24
2022,44,AFANDI COLONY,0,2022-10-31
2022,45,AFANDI COLONY,0,2022-11-07
2022,46,AFANDI COLONY,0,2022-11-14
2022,47,AFANDI COLONY,0,2022-11-21
2022,48,AFANDI COLONY,0,2022-11-28
2022,49,AFANDI COLONY,0,2022-12-05
2022,50,AFANDI COLONY,0,2022-12-12
2022,51,AFANDI COLONY,0,2022-12-19
2022,52,AFANDI COLONY,0,2022-12-26
2023,1,AFANDI COLONY,0,2023-01-02
2023,2,AFANDI COLONY,0,2023-01-09
2023,3,AFANDI COLONY,0,2023-01-16
2023,4,AFANDI COLONY,0,2023-01-23
2023,5,AFANDI COLONY,0,2023-01-30
2023,6,AFANDI COLONY,0,2023-02-06
2023,7,AFANDI COLONY,0,2023-02-13
2023,8,AFANDI COLONY,0,2023-02-20
2023,9,AFANDI COLONY,0,2023-02-27
2023,10,AFANDI COLONY,0,2023-03-06
2023,11,AFANDI COLONY,0,2023-03-13
2023,12,AFANDI COLONY,0,2023-03-20
2023,13,AFANDI COLONY,0,2023-03-27
2023,14,AFANDI COLONY,0,2023-04-03
2023,15,AFANDI COLONY,0,2023-04-10
2023,16,AFANDI COLONY,0,2023-04-17
2023,17,AFANDI COLONY,0,2023-04-24
2023,18,AFANDI COLONY,0,2023-05-01
2023,19,AFANDI COLONY,0,2023-05-08
2023,20,AFANDI COLONY,0,2023-05-15
2023,21,AFANDI COLONY,0,2023-05-22
2023,22,AFANDI COLONY,0,2023-05-29
2023,23,AFANDI COLONY,0,2023-06-05
2023,24,AFANDI COLONY,0,2023-06-12
2023,25,AFANDI COLONY,0,2023-06-19
2023,26,AFANDI COLONY,0,2023-06-26
2023,27,AFANDI COLONY,0,2023-07-03
2023,28,AFANDI COLONY,0,2023-07-10
2023,29,AFANDI COLONY,0,2023-07-17
2023,30,AFANDI COLONY,0,2023-07-24
2023,31,AFANDI COLONY,0,2023-07-31
2023,32,AFANDI COLONY,0,2023-08-07
2023,33,AFANDI COLONY,0,2023-08-14
2023,34,AFANDI COLONY,0,2023-08-21
2023,35,AFANDI COLONY,0,2023-08-28
2023,36,AFANDI COLONY,0,2023-09-04
2023,37,AFANDI COLONY,0,2023-09-11
2023,38,AFANDI COLONY,1,2023-09-18
2023,39,AFANDI COLONY,0,2023-09-25
2023,40,AFANDI COLONY,0,2023-10-02
2023,41,AFANDI COLONY,0,2023-10-09
2023,42,AFANDI COLONY,0,2023-10-16
2023,43,AFANDI COLONY,0,2023-10-23
2023,44,AFANDI COLONY,0,2023-10-30
2023,45,AFANDI COLONY,0,2023-11-06
2023,46,AFANDI COLONY,0,2023-11-13
2023,47,AFANDI COLONY,0,2023-11-20
2023,48,AFANDI COLONY,0,2023-11-27
2023,49,AFANDI COLONY,0,2023-12-04
2023,50,AFANDI COLONY,0,2023-12-11
2023,51,AFANDI COLONY,0,2023-12-18
2023,52,AFANDI COLONY,0,2023-12-25
2024,1,AFANDI COLONY,0,2024-01-01
2024,2,AFANDI COLONY,0,2024-01-08
2024,3,AFANDI COLONY,0,2024-01-15
2024,4,AFANDI COLONY,0,2024-01-22
2024,5,AFANDI COLONY,0,2024-01-29
2024,6,AFANDI COLONY,0,2024-02-05
2024,7,AFANDI COLONY,0,2024-02-12
2024,8,AFANDI COLONY,0,2024-02-19
2024,9,AFANDI COLONY,0,2024-02-26
2024,10,AFANDI COLONY,0,2024-03-04
2024,11,AFANDI COLONY,0,2024-03-11
2024,12,AFANDI COLONY,0,2024-03-18
2024,13,AFANDI COLONY,0,2024-03-25
2024,14,AFANDI COLONY,0,2024-04-01
2024,15,AFANDI COLONY,0,2024-04-08
2024,16,AFANDI COLONY,0,2024-04-15
2024,17,AFANDI COLONY,0,2024-04-22
2024,18,AFANDI COLONY,0,2024-04-29
2024,19,AFANDI COLONY,0,2024-05-06
2024,20,AFANDI COLONY,0,2024-05-13
2024,21,AFANDI COLONY,0,2024-05-20
2024,22,AFANDI COLONY,0,2024-05-27
2024,23,AFANDI COLONY,0,2024-06-03
2024,24,AFANDI COLONY,0,2024-06-10
2024,25,AFANDI COLONY,0,2024-06-17
2024,26,AFANDI COLONY,0,2024-06-24
2024,27,AFANDI COLONY,0,2024-07-01
2024,28,AFANDI COLONY,0,2024-07-08
2024,29,AFANDI COLONY,0,2024-07-15
2024,30,AFANDI COLONY,0,2024-07-22
2024,31,AFANDI COLONY,0,2024-07-29
2024,32,AFANDI COLONY,0,2024-08-05
2024,33,AFANDI COLONY,0,2024-08-12
2024,34,AFANDI COLONY,0,2024-08-19
2024,35,AFANDI COLONY,0,2024-08-26
2024,36,AFANDI COLONY,0,2024-09-02
2024,37,AFANDI COLONY,0,2024-09-09
2024,38,AFANDI COLONY,1,2024-09-16
2024,39,AFANDI COLONY,1,2024-09-23
2024,40,AFANDI COLONY,5,2024-09-30
2024,41,AFANDI COLONY,1,2024-10-07
2024,42,AFANDI COLONY,0,2024-10-14
2024,43,AFANDI COLONY,3,2024-10-21
2024,44,AFANDI COLONY,1,2024-10-28
2024,45,AFANDI COLONY,2,2024-11-04
2024,46,AFANDI COLONY,1,2024-11-11
2024,47,AFANDI COLONY,0,2024-11-18
2024,48,AFANDI COLONY,0,2024-11-25
2024,49,AFANDI COLONY,0,2024-12-02
2024,50,AFANDI COLONY,0,2024-12-09
2024,51,AFANDI COLONY,0,2024-12-16
2024,52,AFANDI COLONY,0,2024-12-23
2021,1,AMARPURA,0,2021-01-04
2021,2,AMARPURA,0,2021-01-11
2021,3,AMARPURA,0,2021-01-18
2021,4,AMARPURA,0,2021-01-25
2021,5,AMARPURA,0,2021-02-01
2021,6,AMARPURA,0,2021-02-08
2021,7,AMARPURA,0,2021-02-15
2021,8,AMARPURA,0,2021-02-22
2021,9,AMARPURA,0,2021-03-01
2021,10,AMARPURA,0,2021-03-08
2021,11,AMARPURA,0,2021-03-15
2021,12,AMARPURA,0,2021-03-22
2021,13,AMARPURA,0,2021-03-29
2021,14,AMARPURA,0,2021-04-05
2021,15,AMARPURA,0,2021-04-12
2021,16,AMARPURA,0,2021-04-19
2021,17,AMARPURA,0,2021-04-26
2021,18,AMARPURA,0,2021-05-03
2021,19,AMARPURA,0,2021-05-10
2021,20,AMARPURA,0,2021-05-17
2021,21,AMARPURA,0,2021-05-24
2021,22,AMARPURA,0,2021-05-31
2021,23,AMARPURA,0,2021-06-07
2021,24,AMARPURA,0,2021-06-14
2021,25,AMARPURA,0,2021-06-21
2021,26,AMARPURA,0,2021-06-28
2021,27,AMARPURA,0,2021-07-05
2021,28,AMARPURA,0,2021-07-12
2021,29,AMARPURA,0,2021-07-19
2021,30,AMARPURA,0,2021-07-26
2021,31,AMARPURA,0,2021-08-02
2021,32,AMARPURA,0,2021-08-09
2021,33,AMARPURA,0,2021-08-16
2021,34,AMARPURA,0,2021-08-23
2021,35,AMARPURA,0,2021-08-30
2021,36,AMARPURA,0,2021-09-06
2021,37,AMARPURA,0,2021-09-13
2021,38,AMARPURA,0,2021-09-20
2021,39,AMARPURA,1,2021-09-27
2021,40,AMARPURA,0,2021-10-04
2021,41,AMARPURA,2,2021-10-11
2021,42,AMARPURA,3,2021-10-18
2021,43,AMARPURA,3,2021-10-25
2021,44,AMARPURA,1,2021-11-01
2021,45,AMARPURA,2,2021-11-08
2021,46,AMARPURA,1,2021-11-15
2021,47,AMARPURA,0,2021-11-22
2021,48,AMARPURA,0,2021-11-29
2021,49,AMARPURA,0,2021-12-06
2021,50,AMARPURA,0,2021-12-13
2021,51,AMARPURA,0,2021-12-20
2021,52,AMARPURA,0,2021-12-27
2022,1,AMARPURA,0,2022-01-03
2022,2,AMARPURA,0,2022-01-10
2022,3,AMARPURA,0,2022-01-17
2022,4,AMARPURA,0,2022-01-24
2022,5,AMARPURA,0,2022-01-31
2022,6,AMARPURA,0,2022-02-07
2022,7,AMARPURA,0,2022-02-14
2022,8,AMARPURA,0,2022-02-21
2022,9,AMARPURA,0,2022-02-28
2022,10,AMARPURA,0,2022-03-07
2022,11,AMARPURA,0,2022-03-14
2022,12,AMARPURA,0,2022-03-21
2022,13,AMARPURA,0,2022-03-28
2022,14,AMARPURA,0,2022-04-04
2022,15,AMARPURA,0,2022-04-11
2022,16,AMARPURA,0,2022-04-18
2022,17,AMARPURA,0,2022-04-25
2022,18,AMARPURA,0,2022-05-02
2022,19,AMARPURA,0,2022-05-09
2022,20,AMARPURA,0,2022-05-16
2022,21,AMARPURA,0,2022-05-23
2022,22,AMARPURA,0,2022-05-30
2022,23,AMARPURA,0,2022-06-06
2022,24,AMARPURA,0,2022-06-13
2022,25,AMARPURA,0,2022-06-20
2022,26,AMARPURA,0,2022-06-27
2022,27,AMARPURA,0,2022-07-04
2022,28,AMARPURA,0,2022-07-11
2022,29,AMARPURA,0,2022-07-18
2022,30,AMARPURA,0,2022-07-25
2022,31,AMARPURA,0,2022-08-01
2022,32,AMARPURA,0,2022-08-08
2022,33,AMARPURA,0,2022-08-15
2022,34,AMARPURA,0,2022-08-22
2022,35,AMARPURA,0,2022-08-29
2022,36,AMARPURA,0,2022-09-05
2022,37,AMARPURA,1,2022-09-12
2022,38,AMARPURA,1,2022-09-19
2022,39,AMARPURA,2,2022-09-26
2022,40,AMARPURA,8,2022-10-03
2022,41,AMARPURA,7,2022-10-10
2022,42,AMARPURA,6,2022-10-17
2022,43,AMARPURA,2,2022-10-24
2022,44,AMARPURA,4,2022-10-31
2022,45,AMARPURA,1,2022-11-07
2022,46,AMARPURA,2,2022-11-14
2022,47,AMARPURA,0,2022-11-21
2022,48,AMARPURA,1,2022-11-28
2022,49,AMARPURA,0,2022-12-05
2022,50,AMARPURA,0,2022-12-12
2022,51,AMARPURA,0,2022-12-19
2022,52,AMARPURA,0,2022-12-26
2023,1,AMARPURA,0,2023-01-02
2023,2,AMARPURA,0,2023-01-09
2023,3,AMARPURA,0,2023-01-16
2023,4,AMARPURA,0,2023-01-23
2023,5,AMARPURA,0,2023-01-30
2023,6,AMARPURA,0,2023-02-06
2023,7,AMARPURA,0,2023-02-13
2023,8,AMARPURA,0,2023-02-20
2023,9,AMARPURA,0,2023-02-27
2023,10,AMARPURA,0,2023-03-06
2023,11,AMARPURA,0,2023-03-13
2023,12,AMARPURA,0,2023-03-20
2023,13,AMARPURA,0,2023-03-27
2023,14,AMARPURA,0,2023-04-03
2023,15,AMARPURA,0,2023-04-10
2023,16,AMARPURA,0,2023-04-17
2023,17,AMARPURA,0,2023-04-24
2023,18,AMARPURA,0,2023-05-01
2023,19,AMARPURA,0,2023-05-08
2023,20,AMARPURA,0,2023-05-15
2023,21,AMARPURA,0,2023-05-22
2023,22,AMARPURA,0,2023-05-29
2023,23,AMARPURA,0,2023-06-05
2023,24,AMARPURA,0,2023-06-12
2023,25,AMARPURA,0,2023-06-19
2023,26,AMARPURA,0,2023-06-26
2023,27,AMARPURA,0,2023-07-03
2023,28,AMARPURA,0,2023-07-10
2023,29,AMARPURA,1,2023-07-17
2023,30,AMARPURA,3,2023-07-24
2023,31,AMARPURA,0,2023-07-31
2023,32,AMARPURA,2,2023-08-07
2023,33,AMARPURA,1,2023-08-14
2023,34,AMARPURA,1,2023-08-21
2023,35,AMARPURA,4,2023-08-28
2023,36,AMARPURA,1,2023-09-04
2023,37,AMARPURA,0,2023-09-11
2023,38,AMARPURA,3,2023-09-18
2023,39,AMARPURA,2,2023-09-25
2023,40,AMARPURA,2,2023-10-02
2023,41,AMARPURA,1,2023-10-09
2023,42,AMARPURA,0,2023-10-16
2023,43,AMARPURA,2,2023-10-23
2023,44,AMARPURA,1,2023-10-30
2023,45,AMARPURA,1,2023-11-06
2023,46,AMARPURA,0,2023-11-13
2023,47,AMARPURA,0,2023-11-20
2023,48,AMARPURA,0,2023-11-27
2023,49,AMARPURA,0,2023-12-04
2023,50,AMARPURA,0,2023-12-11
2023,51,AMARPURA,0,2023-12-18
2023,52,AMARPURA,0,2023-12-25
2024,1,AMARPURA,0,2024-01-01
2024,2,AMARPURA,0,2024-01-08
2024,3,AMARPURA,0,2024-01-15
2024,4,AMARPURA,0,2024-01-22
2024,5,AMARPURA,0,2024-01-29
2024,6,AMARPURA,0,2024-02-05
2024,7,AMARPURA,0,2024-02-12
2024,8,AMARPURA,0,2024-02-19
2024,9,AMARPURA,0,2024-02-26
2024,10,AMARPURA,0,2024-03-04
2024,11,AMARPURA,0,2024-03-11
2024,12,AMARPURA,0,2024-03-18
2024,13,AMARPURA,0,2024-03-25
2024,14,AMARPURA,0,2024-04-01
2024,15,AMARPURA,0,2024-04-08
2024,16,AMARPURA,0,2024-04-15
2024,17,AMARPURA,0,2024-04-22
2024,18,AMARPURA,0,2024-04-29
2024,19,AMARPURA,0,2024-05-06
2024,20,AMARPURA,0,2024-05-13
2024,21,AMARPURA,0,2024-05-20
2024,22,AMARPURA,0,2024-05-27
2024,23,AMARPURA,0,2024-06-03
2024,24,AMARPURA,0,2024-06-10
2024,25,AMARPURA,0,2024-06-17
2024,26,AMARPURA,0,2024-06-24
2024,27,AMARPURA,0,2024-07-01
2024,28,AMARPURA,0,2024-07-08
2024,29,AMARPURA,0,2024-07-15
2024,30,AMARPURA,0,2024-07-22
2024,31,AMARPURA,0,2024-07-29
2024,32,AMARPURA,0,2024-08-05
2024,33,AMARPURA,0,2024-08-12
2024,34,AMARPURA,0,2024-08-19
2024,35,AMARPURA,0,2024-08-26
2024,36,AMARPURA,0,2024-09-02
2024,37,AMARPURA,2,2024-09-09
2024,38,AMARPURA,2,2024-09-16
2024,39,AMARPURA,1,2024-09-23
2024,40,AMARPURA,2,2024-09-30
2024,41,AMARPURA,0,2024-10-07
2024,42,AMARPURA,5,2024-10-14
2024,43,AMARPURA,0,2024-10-21
2024,44,AMARPURA,1,2024-10-28
2024,45,AMARPURA,3,2024-11-04
2024,46,AMARPURA,1,2024-11-11
2024,47,AMARPURA,0,2024-11-18
2024,48,AMARPURA,0,2024-11-25
2024,49,AMARPURA,0,2024-12-02
2024,50,AMARPURA,0,2024-12-09
2024,51,AMARPURA,1,2024-12-16
2024,52,AMARPURA,0,2024-12-23
2021,1,ASGHAR MALL SCHEME,0,2021-01-04
2021,2,ASGHAR MALL SCHEME,0,2021-01-11
2021,3,ASGHAR MALL SCHEME,0,2021-01-18
2021,4,ASGHAR MALL SCHEME,0,2021-01-25
2021,5,ASGHAR MALL SCHEME,0,2021-02-01
2021,6,ASGHAR MALL SCHEME,0,2021-02-08
2021,7,ASGHAR MALL SCHEME,0,2021-02-15
2021,8,ASGHAR MALL SCHEME,0,2021-02-22
2021,9,ASGHAR MALL SCHEME,0,2021-03-01
2021,10,ASGHAR MALL SCHEME,0,2021-03-08
2021,11,ASGHAR MALL SCHEME,0,2021-03-15
2021,12,ASGHAR MALL SCHEME,0,2021-03-22
2021,13,ASGHAR MALL SCHEME,0,2021-03-29
2021,14,ASGHAR MALL SCHEME,0,2021-04-05
2021,15,ASGHAR MALL SCHEME,0,2021-04-12
2021,16,ASGHAR MALL SCHEME,0,2021-04-19
2021,17,ASGHAR MALL SCHEME,0,2021-04-26
2021,18,ASGHAR MALL SCHEME,0,2021-05-03
2021,19,ASGHAR MALL SCHEME,0,2021-05-10
2021,20,ASGHAR MALL SCHEME,0,2021-05-17
2021,21,ASGHAR MALL SCHEME,0,2021-05-24
2021,22,ASGHAR MALL SCHEME,0,2021-05-31
2021,23,ASGHAR MALL SCHEME,0,2021-06-07
2021,24,ASGHAR MALL SCHEME,0,2021-06-14
2021,25,ASGHAR MALL SCHEME,0,2021-06-21
2021,26,ASGHAR MALL SCHEME,0,2021-06-28
2021,27,ASGHAR MALL SCHEME,0,2021-07-05
2021,28,ASGHAR MALL SCHEME,0,2021-07-12
2021,29,ASGHAR MALL SCHEME,0,2021-07-19
2021,30,ASGHAR MALL SCHEME,0,2021-07-26
2021,31,ASGHAR MALL SCHEME,0,2021-08-02
2021,32,ASGHAR MALL SCHEME,0,2021-08-09
2021,33,ASGHAR MALL SCHEME,0,2021-08-16
2021,34,ASGHAR MALL SCHEME,0,2021-08-23
2021,35,ASGHAR MALL SCHEME,0,2021-08-30
2021,36,ASGHAR MALL SCHEME,0,2021-09-06
2021,37,ASGHAR MALL SCHEME,0,2021-09-13
2021,38,ASGHAR MALL SCHEME,0,2021-09-20
2021,39,ASGHAR MALL SCHEME,0,2021-09-27
2021,40,ASGHAR MALL SCHEME,0,2021-10-04
2021,41,ASGHAR MALL SCHEME,0,2021-10-11
2021,42,ASGHAR MALL SCHEME,1,2021-10-18
2021,43,ASGHAR MALL SCHEME,1,2021-10-25
2021,44,ASGHAR MALL SCHEME,2,2021-11-01
2021,45,ASGHAR MALL SCHEME,0,2021-11-08
2021,46,ASGHAR MALL SCHEME,0,2021-11-15
2021,47,ASGHAR MALL SCHEME,0,2021-11-22
2021,48,ASGHAR MALL SCHEME,0,2021-11-29
2021,49,ASGHAR MALL SCHEME,0,2021-12-06
2021,50,ASGHAR MALL SCHEME,1,2021-12-13
2021,51,ASGHAR MALL SCHEME,0,2021-12-20
2021,52,ASGHAR MALL SCHEME,0,2021-12-27
2022,1,ASGHAR MALL SCHEME,0,2022-01-03
2022,2,ASGHAR MALL SCHEME,0,2022-01-10
2022,3,ASGHAR MALL SCHEME,0,2022-01-17
2022,4,ASGHAR MALL SCHEME,0,2022-01-24
2022,5,ASGHAR MALL SCHEME,0,2022-01-31
2022,6,ASGHAR MALL SCHEME,0,2022-02-07
2022,7,ASGHAR MALL SCHEME,0,2022-02-14
2022,8,ASGHAR MALL SCHEME,0,2022-02-21
2022,9,ASGHAR MALL SCHEME,0,2022-02-28
2022,10,ASGHAR MALL SCHEME,0,2022-03-07
2022,11,ASGHAR MALL SCHEME,0,2022-03-14
2022,12,ASGHAR MALL SCHEME,0,2022-03-21
2022,13,ASGHAR MALL SCHEME,0,2022-03-28
2022,14,ASGHAR MALL SCHEME,0,2022-04-04
2022,15,ASGHAR MALL SCHEME,0,2022-04-11
2022,16,ASGHAR MALL SCHEME,0,2022-04-18
2022,17,ASGHAR MALL SCHEME,0,2022-04-25
2022,18,ASGHAR MALL SCHEME,0,2022-05-02
2022,19,ASGHAR MALL SCHEME,0,2022-05-09
2022,20,ASGHAR MALL SCHEME,0,2022-05-16
2022,21,ASGHAR MALL SCHEME,0,2022-05-23
2022,22,ASGHAR MALL SCHEME,0,2022-05-30
2022,23,ASGHAR MALL SCHEME,0,2022-06-06
2022,24,ASGHAR MALL SCHEME,0,2022-06-13
2022,25,ASGHAR MALL SCHEME,0,2022-06-20
2022,26,ASGHAR MALL SCHEME,0,2022-06-27
2022,27,ASGHAR MALL SCHEME,0,2022-07-04
2022,28,ASGHAR MALL SCHEME,0,2022-07-11
2022,29,ASGHAR MALL SCHEME,0,2022-07-18
2022,30,ASGHAR MALL SCHEME,0,2022-07-25
2022,31,ASGHAR MALL SCHEME,0,2022-08-01
2022,32,ASGHAR MALL SCHEME,0,2022-08-08
2022,33,ASGHAR MALL SCHEME,0,2022-08-15
2022,34,ASGHAR MALL SCHEME,0,2022-08-22
2022,35,ASGHAR MALL SCHEME,0,2022-08-29
2022,36,ASGHAR MALL SCHEME,0,2022-09-05
2022,37,ASGHAR MALL SCHEME,0,2022-09-12
2022,38,ASGHAR MALL SCHEME,0,2022-09-19
2022,39,ASGHAR MALL SCHEME,2,2022-09-26
2022,40,ASGHAR MALL SCHEME,3,2022-10-03
2022,41,ASGHAR MALL SCHEME,1,2022-10-10
2022,42,ASGHAR MALL SCHEME,0,2022-10-17
2022,43,ASGHAR MALL SCHEME,0,2022-10-24
2022,44,ASGHAR MALL SCHEME,1,2022-10-31
2022,45,ASGHAR MALL SCHEME,0,2022-11-07
2022,46,ASGHAR MALL SCHEME,0,2022-11-14
2022,47,ASGHAR MALL SCHEME,0,2022-11-21
2022,48,ASGHAR MALL SCHEME,0,2022-11-28
2022,49,ASGHAR MALL SCHEME,0,2022-12-05
2022,50,ASGHAR MALL SCHEME,0,2022-12-12
2022,51,ASGHAR MALL SCHEME,0,2022-12-19
2022,52,ASGHAR MALL SCHEME,0,2022-12-26
2023,1,ASGHAR MALL SCHEME,0,2023-01-02
2023,2,ASGHAR MALL SCHEME,0,2023-01-09
2023,3,ASGHAR MALL SCHEME,0,2023-01-16
2023,4,ASGHAR MALL SCHEME,0,2023-01-23
2023,5,ASGHAR MALL SCHEME,0,2023-01-30
2023,6,ASGHAR MALL SCHEME,0,2023-02-06
2023,7,ASGHAR MALL SCHEME,0,2023-02-13
2023,8,ASGHAR MALL SCHEME,0,2023-02-20
2023,9,ASGHAR MALL SCHEME,0,2023-02-27
2023,10,ASGHAR MALL SCHEME,0,2023-03-06
2023,11,ASGHAR MALL SCHEME,0,2023-03-13
2023,12,ASGHAR MALL SCHEME,0,2023-03-20
2023,13,ASGHAR MALL SCHEME,0,2023-03-27
2023,14,ASGHAR MALL SCHEME,0,2023-04-03
2023,15,ASGHAR MALL SCHEME,0,2023-04-10
2023,16,ASGHAR MALL SCHEME,0,2023-04-17
2023,17,ASGHAR MALL SCHEME,0,2023-04-24
2023,18,ASGHAR MALL SCHEME,0,2023-05-01
2023,19,ASGHAR MALL SCHEME,0,2023-05-08
2023,20,ASGHAR MALL SCHEME,0,2023-05-15
2023,21,ASGHAR MALL SCHEME,0,2023-05-22
2023,22,ASGHAR MALL SCHEME,0,2023-05-29
2023,23,ASGHAR MALL SCHEME,0,2023-06-05
2023,24,ASGHAR MALL SCHEME,0,2023-06-12
2023,25,ASGHAR MALL SCHEME,0,2023-06-19
2023,26,ASGHAR MALL SCHEME,0,2023-06-26
2023,27,ASGHAR MALL SCHEME,0,2023-07-03
2023,28,ASGHAR MALL SCHEME,0,2023-07-10
2023,29,ASGHAR MALL SCHEME,0,2023-07-17
2023,30,ASGHAR MALL SCHEME,0,2023-07-24
2023,31,ASGHAR MALL SCHEME,0,2023-07-31
2023,32,ASGHAR MALL SCHEME,0,2023-08-07
2023,33,ASGHAR MALL SCHEME,0,2023-08-14
2023,34,ASGHAR MALL SCHEME,0,2023-08-21
2023,35,ASGHAR MALL SCHEME,0,2023-08-28
2023,36,ASGHAR MALL SCHEME,0,2023-09-04
2023,37,ASGHAR MALL SCHEME,0,2023-09-11
2023,38,ASGHAR MALL SCHEME,0,2023-09-18
2023,39,ASGHAR MALL SCHEME,1,2023-09-25
2023,40,ASGHAR MALL SCHEME,2,2023-10-02
2023,41,ASGHAR MALL SCHEME,0,2023-10-09
2023,42,ASGHAR MALL SCHEME,0,2023-10-16
2023,43,ASGHAR MALL SCHEME,0,2023-10-23
2023,44,ASGHAR MALL SCHEME,0,2023-10-30
2023,45,ASGHAR MALL SCHEME,0,2023-11-06
2023,46,ASGHAR MALL SCHEME,0,2023-11-13
2023,47,ASGHAR MALL SCHEME,0,2023-11-20
2023,48,ASGHAR MALL SCHEME,0,2023-11-27
2023,49,ASGHAR MALL SCHEME,0,2023-12-04
2023,50,ASGHAR MALL SCHEME,0,2023-12-11
2023,51,ASGHAR MALL SCHEME,0,2023-12-18
2023,52,ASGHAR MALL SCHEME,0,2023-12-25
2024,1,ASGHAR MALL SCHEME,0,2024-01-01
2024,2,ASGHAR MALL SCHEME,0,2024-01-08
2024,3,ASGHAR MALL SCHEME,0,2024-01-15
2024,4,ASGHAR MALL SCHEME,0,2024-01-22
2024,5,ASGHAR MALL SCHEME,0,2024-01-29
2024,6,ASGHAR MALL SCHEME,0,2024-02-05
2024,7,ASGHAR MALL SCHEME,0,2024-02-12
2024,8,ASGHAR MALL SCHEME,0,2024-02-19
2024,9,ASGHAR MALL SCHEME,0,2024-02-26
2024,10,ASGHAR MALL SCHEME,0,2024-03-04
2024,11,ASGHAR MALL SCHEME,0,2024-03-11
2024,12,ASGHAR MALL SCHEME,0,2024-03-18
2024,13,ASGHAR MALL SCHEME,0,2024-03-25
2024,14,ASGHAR MALL SCHEME,0,2024-04-01
2024,15,ASGHAR MALL SCHEME,0,2024-04-08
2024,16,ASGHAR MALL SCHEME,0,2024-04-15
2024,17,ASGHAR MALL SCHEME,0,2024-04-22
2024,18,ASGHAR MALL SCHEME,0,2024-04-29
2024,19,ASGHAR MALL SCHEME,0,2024-05-06
2024,20,ASGHAR MALL SCHEME,0,2024-05-13
2024,21,ASGHAR MALL SCHEME,0,2024-05-20
2024,22,ASGHAR MALL SCHEME,0,2024-05-27
2024,23,ASGHAR MALL SCHEME,0,2024-06-03
2024,24,ASGHAR MALL SCHEME,0,2024-06-10
2024,25,ASGHAR MALL SCHEME,0,2024-06-17
2024,26,ASGHAR MALL SCHEME,0,2024-06-24
2024,27,ASGHAR MALL SCHEME,0,2024-07-01
2024,28,ASGHAR MALL SCHEME,0,2024-07-08
2024,29,ASGHAR MALL SCHEME,0,2024-07-15
2024,30,ASGHAR MALL SCHEME,0,2024-07-22
2024,31,ASGHAR MALL SCHEME,0,2024-07-29
2024,32,ASGHAR MALL SCHEME,0,2024-08-05
2024,33,ASGHAR MALL SCHEME,0,2024-08-12
2024,34,ASGHAR MALL SCHEME,0,2024-08-19
2024,35,ASGHAR MALL SCHEME,0,2024-08-26
2024,36,ASGHAR MALL SCHEME,0,2024-09-02
2024,37,ASGHAR MALL SCHEME,0,2024-09-09
2024,38,ASGHAR MALL SCHEME,0,2024-09-16
2024,39,ASGHAR MALL SCHEME,0,2024-09-23
2024,40,ASGHAR MALL SCHEME,0,2024-09-30
2024,41,ASGHAR MALL SCHEME,0,2024-10-07
2024,42,ASGHAR MALL SCHEME,1,2024-10-14
2024,43,ASGHAR MALL SCHEME,1,2024-10-21
2024,44,ASGHAR MALL SCHEME,3,2024-10-28
2024,45,ASGHAR MALL SCHEME,3,2024-11-04
2024,46,ASGHAR MALL SCHEME,0,2024-11-11
2024,47,ASGHAR MALL SCHEME,1,2024-11-18
2024,48,ASGHAR MALL SCHEME,0,2024-11-25
2024,49,ASGHAR MALL SCHEME,0,2024-12-02
2024,50,ASGHAR MALL SCHEME,0,2024-12-09
2024,51,ASGHAR MALL SCHEME,0,2024-12-16
2024,52,ASGHAR MALL SCHEME,0,2024-12-23
2021,1,Adiala,0,2021-01-04
2021,2,Adiala,0,2021-01-11
2021,3,Adiala,0,2021-01-18
2021,4,Adiala,0,2021-01-25
2021,5,Adiala,0,2021-02-01
2021,6,Adiala,0,2021-02-08
2021,7,Adiala,0,2021-02-15
2021,8,Adiala,0,2021-02-22
2021,9,Adiala,0,2021-03-01
2021,10,Adiala,0,2021-03-08
2021,11,Adiala,0,2021-03-15
2021,12,Adiala,0,2021-03-22
2021,13,Adiala,0,2021-03-29
2021,14,Adiala,0,2021-04-05
2021,15,Adiala,0,2021-04-12
2021,16,Adiala,0,2021-04-19
2021,17,Adiala,0,2021-04-26
2021,18,Adiala,0,2021-05-03
2021,19,Adiala,0,2021-05-10
2021,20,Adiala,0,2021-05-17
2021,21,Adiala,0,2021-05-24
2021,22,Adiala,0,2021-05-31
2021,23,Adiala,0,2021-06-07
2021,24,Adiala,0,2021-06-14
2021,25,Adiala,0,2021-06-21
2021,26,Adiala,0,2021-06-28
2021,27,Adiala,0,2021-07-05
2021,28,Adiala,0,2021-07-12
2021,29,Adiala,0,2021-07-19
2021,30,Adiala,0,2021-07-26
2021,31,Adiala,0,2021-08-02
2021,32,Adiala,0,2021-08-09
2021,33,Adiala,0,2021-08-16
2021,34,Adiala,0,2021-08-23
2021,35,Adiala,0,2021-08-30
2021,36,Adiala,0,2021-09-06
2021,37,Adiala,0,2021-09-13
2021,38,Adiala,0,2021-09-20
2021,39,Adiala,0,2021-09-27
2021,40,Adiala,0,2021-10-04
2021,41,Adiala,0,2021-10-11
2021,42,Adiala,0,2021-10-18
2021,43,Adiala,1,2021-10-25
2021,44,Adiala,0,2021-11-01
2021,45,Adiala,1,2021-11-08
2021,46,Adiala,0,2021-11-15
2021,47,Adiala,0,2021-11-22
2021,48,Adiala,0,2021-11-29
2021,49,Adiala,0,2021-12-06
2021,50,Adiala,0,2021-12-13
2021,51,Adiala,0,2021-12-20
2021,52,Adiala,0,2021-12-27
2022,1,Adiala,0,2022-01-03
2022,2,Adiala,0,2022-01-10
2022,3,Adiala,0,2022-01-17
2022,4,Adiala,0,2022-01-24
2022,5,Adiala,0,2022-01-31
2022,6,Adiala,0,2022-02-07
2022,7,Adiala,0,2022-02-14
2022,8,Adiala,0,2022-02-21
2022,9,Adiala,0,2022-02-28
2022,10,Adiala,0,2022-03-07
2022,11,Adiala,0,2022-03-14
2022,12,Adiala,0,2022-03-21
2022,13,Adiala,0,2022-03-28
2022,14,Adiala,0,2022-04-04
2022,15,Adiala,0,2022-04-11
2022,16,Adiala,0,2022-04-18
2022,17,Adiala,0,2022-04-25
2022,18,Adiala,0,2022-05-02
2022,19,Adiala,0,2022-05-09
2022,20,Adiala,0,2022-05-16
2022,21,Adiala,0,2022-05-23
2022,22,Adiala,0,2022-05-30
2022,23,Adiala,0,2022-06-06
2022,24,Adiala,0,2022-06-13
2022,25,Adiala,0,2022-06-20
2022,26,Adiala,0,2022-06-27
2022,27,Adiala,0,2022-07-04
2022,28,Adiala,0,2022-07-11
2022,29,Adiala,0,2022-07-18
2022,30,Adiala,0,2022-07-25
2022,31,Adiala,0,2022-08-01
2022,32,Adiala,0,2022-08-08
2022,33,Adiala,1,2022-08-15
2022,34,Adiala,0,2022-08-22
2022,35,Adiala,0,2022-08-29
2022,36,Adiala,0,2022-09-05
2022,37,Adiala,4,2022-09-12
2022,38,Adiala,6,2022-09-19
2022,39,Adiala,2,2022-09-26
2022,40,Adiala,5,2022-10-03
2022,41,Adiala,3,2022-10-10
2022,42,Adiala,1,2022-10-17
2022,43,Adiala,2,2022-10-24
2022,44,Adiala,4,2022-10-31
2022,45,Adiala,1,2022-11-07
2022,46,Adiala,0,2022-11-14
2022,47,Adiala,0,2022-11-21
2022,48,Adiala,0,2022-11-28
2022,49,Adiala,0,2022-12-05
2022,50,Adiala,0,2022-12-12
2022,51,Adiala,0,2022-12-19
2022,52,Adiala,0,2022-12-26
2023,1,Adiala,0,2023-01-02
2023,2,Adiala,0,2023-01-09
2023,3,Adiala,0,2023-01-16
2023,4,Adiala,0,2023-01-23
2023,5,Adiala,0,2023-01-30
2023,6,Adiala,0,2023-02-06
2023,7,Adiala,0,2023-02-13
2023,8,Adiala,0,2023-02-20
2023,9,Adiala,0,2023-02-27
2023,10,Adiala,0,2023-03-06
2023,11,Adiala,0,2023-03-13
2023,12,Adiala,0,2023-03-20
2023,13,Adiala,0,2023-03-27
2023,14,Adiala,0,2023-04-03
2023,15,Adiala,0,2023-04-10
2023,16,Adiala,0,2023-04-17
2023,17,Adiala,0,2023-04-24
2023,18,Adiala,0,2023-05-01
2023,19,Adiala,0,2023-05-08
2023,20,Adiala,0,2023-05-15
2023,21,Adiala,0,2023-05-22
2023,22,Adiala,0,2023-05-29
2023,23,Adiala,0,2023-06-05
2023,24,Adiala,0,2023-06-12
2023,25,Adiala,0,2023-06-19
2023,26,Adiala,0,2023-06-26
2023,27,Adiala,0,2023-07-03
2023,28,Adiala,0,2023-07-10
2023,29,Adiala,0,2023-07-17
2023,30,Adiala,0,2023-07-24
2023,31,Adiala,0,2023-07-31
2023,32,Adiala,0,2023-08-07
2023,33,Adiala,0,2023-08-14
2023,34,Adiala,0,2023-08-21
2023,35,Adiala,0,2023-08-28
2023,36,Adiala,0,2023-09-04
2023,37,Adiala,0,2023-09-11
2023,38,Adiala,1,2023-09-18
2023,39,Adiala,2,2023-09-25
2023,40,Adiala,0,2023-10-02
2023,41,Adiala,0,2023-10-09
2023,42,Adiala,0,2023-10-16
2023,43,Adiala,0,2023-10-23
2023,44,Adiala,0,2023-10-30
2023,45,Adiala,0,2023-11-06
2023,46,Adiala,0,2023-11-13
2023,47,Adiala,0,2023-11-20
2023,48,Adiala,0,2023-11-27
2023,49,Adiala,0,2023-12-04
2023,50,Adiala,0,2023-12-11
2023,51,Adiala,0,2023-12-18
2023,52,Adiala,0,2023-12-25
2024,1,Adiala,0,2024-01-01
2024,2,Adiala,0,2024-01-08
2024,3,Adiala,0,2024-01-15
2024,4,Adiala,0,2024-01-22
2024,5,Adiala,0,2024-01-29
2024,6,Adiala,0,2024-02-05
2024,7,Adiala,0,2024-02-12
2024,8,Adiala,0,2024-02-19
2024,9,Adiala,0,2024-02-26
2024,10,Adiala,0,2024-03-04
2024,11,Adiala,0,2024-03-11
2024,12,Adiala,0,2024-03-18
2024,13,Adiala,0,2024-03-25
2024,14,Adiala,0,2024-04-01
2024,15,Adiala,0,2024-04-08
2024,16,Adiala,0,2024-04-15
2024,17,Adiala,0,2024-04-22
2024,18,Adiala,0,2024-04-29
2024,19,Adiala,0,2024-05-06
2024,20,Adiala,0,2024-05-13
2024,21,Adiala,0,2024-05-20
2024,22,Adiala,0,2024-05-27
2024,23,Adiala,0,2024-06-03
2024,24,Adiala,0,2024-06-10
2024,25,Adiala,0,2024-06-17
2024,26,Adiala,0,2024-06-24
2024,27,Adiala,0,2024-07-01
2024,28,Adiala,0,2024-07-08
2024,29,Adiala,0,2024-07-15
2024,30,Adiala,0,2024-07-22
2024,31,Adiala,0,2024-07-29
2024,32,Adiala,0,2024-08-05
2024,33,Adiala,0,2024-08-12
2024,34,Adiala,0,2024-08-19
2024,35,Adiala,0,2024-08-26
2024,36,Adiala,0,2024-09-02
2024,37,Adiala,0,2024-09-09
2024,38,Adiala,0,2024-09-16
2024,39,Adiala,0,2024-09-23
2024,40,Adiala,2,2024-09-30
2024,41,Adiala,1,2024-10-07
2024,42,Adiala,0,2024-10-14
2024,43,Adiala,2,2024-10-21
2024,44,Adiala,3,2024-10-28
2024,45,Adiala,2,2024-11-04
2024,46,Adiala,0,2024-11-11
2024,47,Adiala,1,2024-11-18
2024,48,Adiala,0,2024-11-25
2024,49,Adiala,0,2024-12-02
2024,50,Adiala,0,2024-12-09
2024,51,Adiala,0,2024-12-16
2024,52,Adiala,0,2024-12-23
2021,1,BAGGA SHEIKHAN,0,2021-01-04
2021,2,BAGGA SHEIKHAN,0,2021-01-11
2021,3,BAGGA SHEIKHAN,0,2021-01-18
2021,4,BAGGA SHEIKHAN,0,2021-01-25
2021,5,BAGGA SHEIKHAN,0,2021-02-01
2021,6,BAGGA SHEIKHAN,0,2021-02-08
2021,7,BAGGA SHEIKHAN,0,2021-02-15
2021,8,BAGGA SHEIKHAN,0,2021-02-22
2021,9,BAGGA SHEIKHAN,0,2021-03-01
2021,10,BAGGA SHEIKHAN,0,2021-03-08
2021,11,BAGGA SHEIKHAN,0,2021-03-15
2021,12,BAGGA SHEIKHAN,0,2021-03-22
2021,13,BAGGA SHEIKHAN,0,2021-03-29
2021,14,BAGGA SHEIKHAN,0,2021-04-05
2021,15,BAGGA SHEIKHAN,0,2021-04-12
2021,16,BAGGA SHEIKHAN,0,2021-04-19
2021,17,BAGGA SHEIKHAN,0,2021-04-26
2021,18,BAGGA SHEIKHAN,0,2021-05-03
2021,19,BAGGA SHEIKHAN,0,2021-05-10
2021,20,BAGGA SHEIKHAN,0,2021-05-17
2021,21,BAGGA SHEIKHAN,0,2021-05-24
2021,22,BAGGA SHEIKHAN,0,2021-05-31
2021,23,BAGGA SHEIKHAN,0,2021-06-07
2021,24,BAGGA SHEIKHAN,0,2021-06-14
2021,25,BAGGA SHEIKHAN,0,2021-06-21
2021,26,BAGGA SHEIKHAN,0,2021-06-28
2021,27,BAGGA SHEIKHAN,0,2021-07-05
2021,28,BAGGA SHEIKHAN,0,2021-07-12
2021,29,BAGGA SHEIKHAN,0,2021-07-19
2021,30,BAGGA SHEIKHAN,0,2021-07-26
2021,31,BAGGA SHEIKHAN,0,2021-08-02
2021,32,BAGGA SHEIKHAN,0,2021-08-09
2021,33,BAGGA SHEIKHAN,0,2021-08-16
2021,34,BAGGA SHEIKHAN,0,2021-08-23
2021,35,BAGGA SHEIKHAN,0,2021-08-30
2021,36,BAGGA SHEIKHAN,0,2021-09-06
2021,37,BAGGA SHEIKHAN,0,2021-09-13
2021,38,BAGGA SHEIKHAN,0,2021-09-20
2021,39,BAGGA SHEIKHAN,0,2021-09-27
2021,40,BAGGA SHEIKHAN,0,2021-10-04
2021,41,BAGGA SHEIKHAN,0,2021-10-11
2021,42,BAGGA SHEIKHAN,1,2021-10-18
2021,43,BAGGA SHEIKHAN,0,2021-10-25
2021,44,BAGGA SHEIKHAN,0,2021-11-01
2021,45,BAGGA SHEIKHAN,0,2021-11-08
2021,46,BAGGA SHEIKHAN,0,2021-11-15
2021,47,BAGGA SHEIKHAN,0,2021-11-22
2021,48,BAGGA SHEIKHAN,0,2021-11-29
2021,49,BAGGA SHEIKHAN,0,2021-12-06
2021,50,BAGGA SHEIKHAN,0,2021-12-13
2021,51,BAGGA SHEIKHAN,0,2021-12-20
2021,52,BAGGA SHEIKHAN,0,2021-12-27
2022,1,BAGGA SHEIKHAN,0,2022-01-03
2022,2,BAGGA SHEIKHAN,0,2022-01-10
2022,3,BAGGA SHEIKHAN,0,2022-01-17
2022,4,BAGGA SHEIKHAN,0,2022-01-24
2022,5,BAGGA SHEIKHAN,0,2022-01-31
2022,6,BAGGA SHEIKHAN,0,2022-02-07
2022,7,BAGGA SHEIKHAN,0,2022-02-14
2022,8,BAGGA SHEIKHAN,0,2022-02-21
2022,9,BAGGA SHEIKHAN,0,2022-02-28
2022,10,BAGGA SHEIKHAN,0,2022-03-07
2022,11,BAGGA SHEIKHAN,0,2022-03-14
2022,12,BAGGA SHEIKHAN,0,2022-03-21
2022,13,BAGGA SHEIKHAN,0,2022-03-28
2022,14,BAGGA SHEIKHAN,0,2022-04-04
2022,15,BAGGA SHEIKHAN,0,2022-04-11
2022,16,BAGGA SHEIKHAN,0,2022-04-18
2022,17,BAGGA SHEIKHAN,0,2022-04-25
2022,18,BAGGA SHEIKHAN,0,2022-05-02
2022,19,BAGGA SHEIKHAN,0,2022-05-09
2022,20,BAGGA SHEIKHAN,0,2022-05-16
2022,21,BAGGA SHEIKHAN,0,2022-05-23
2022,22,BAGGA SHEIKHAN,0,2022-05-30
2022,23,BAGGA SHEIKHAN,0,2022-06-06
2022,24,BAGGA SHEIKHAN,0,2022-06-13
2022,25,BAGGA SHEIKHAN,0,2022-06-20
2022,26,BAGGA SHEIKHAN,0,2022-06-27
2022,27,BAGGA SHEIKHAN,0,2022-07-04
2022,28,BAGGA SHEIKHAN,0,2022-07-11
2022,29,BAGGA SHEIKHAN,0,2022-07-18
2022,30,BAGGA SHEIKHAN,0,2022-07-25
2022,31,BAGGA SHEIKHAN,0,2022-08-01
2022,32,BAGGA SHEIKHAN,0,2022-08-08
2022,33,BAGGA SHEIKHAN,1,2022-08-15
2022,34,BAGGA SHEIKHAN,0,2022-08-22
2022,35,BAGGA SHEIKHAN,0,2022-08-29
2022,36,BAGGA SHEIKHAN,0,2022-09-05
2022,37,BAGGA SHEIKHAN,3,2022-09-12
2022,38,BAGGA SHEIKHAN,0,2022-09-19
2022,39,BAGGA SHEIKHAN,1,2022-09-26
2022,40,BAGGA SHEIKHAN,1,2022-10-03
2022,41,BAGGA SHEIKHAN,0,2022-10-10
2022,42,BAGGA SHEIKHAN,1,2022-10-17
2022,43,BAGGA SHEIKHAN,1,2022-10-24
2022,44,BAGGA SHEIKHAN,0,2022-10-31
2022,45,BAGGA SHEIKHAN,0,2022-11-07
2022,46,BAGGA SHEIKHAN,0,2022-11-14
2022,47,BAGGA SHEIKHAN,0,2022-11-21
2022,48,BAGGA SHEIKHAN,0,2022-11-28
2022,49,BAGGA SHEIKHAN,0,2022-12-05
2022,50,BAGGA SHEIKHAN,0,2022-12-12
2022,51,BAGGA SHEIKHAN,0,2022-12-19
2022,52,BAGGA SHEIKHAN,0,2022-12-26
2023,1,BAGGA SHEIKHAN,0,2023-01-02
2023,2,BAGGA SHEIKHAN,0,2023-01-09
2023,3,BAGGA SHEIKHAN,0,2023-01-16
2023,4,BAGGA SHEIKHAN,0,2023-01-23
2023,5,BAGGA SHEIKHAN,0,2023-01-30
2023,6,BAGGA SHEIKHAN,0,2023-02-06
2023,7,BAGGA SHEIKHAN,0,2023-02-13
2023,8,BAGGA SHEIKHAN,0,2023-02-20
2023,9,BAGGA SHEIKHAN,0,2023-02-27
2023,10,BAGGA SHEIKHAN,0,2023-03-06
2023,11,BAGGA SHEIKHAN,0,2023-03-13
2023,12,BAGGA SHEIKHAN,0,2023-03-20
2023,13,BAGGA SHEIKHAN,0,2023-03-27
2023,14,BAGGA SHEIKHAN,0,2023-04-03
2023,15,BAGGA SHEIKHAN,0,2023-04-10
2023,16,BAGGA SHEIKHAN,0,2023-04-17
2023,17,BAGGA SHEIKHAN,0,2023-04-24
2023,18,BAGGA SHEIKHAN,0,2023-05-01
2023,19,BAGGA SHEIKHAN,0,2023-05-08
2023,20,BAGGA SHEIKHAN,0,2023-05-15
2023,21,BAGGA SHEIKHAN,0,2023-05-22
2023,22,BAGGA SHEIKHAN,0,2023-05-29
2023,23,BAGGA SHEIKHAN,0,2023-06-05
2023,24,BAGGA SHEIKHAN,0,2023-06-12
2023,25,BAGGA SHEIKHAN,0,2023-06-19
2023,26,BAGGA SHEIKHAN,0,2023-06-26
2023,27,BAGGA SHEIKHAN,0,2023-07-03
2023,28,BAGGA SHEIKHAN,0,2023-07-10
2023,29,BAGGA SHEIKHAN,0,2023-07-17
2023,30,BAGGA SHEIKHAN,0,2023-07-24
2023,31,BAGGA SHEIKHAN,0,2023-07-31
2023,32,BAGGA SHEIKHAN,0,2023-08-07
2023,33,BAGGA SHEIKHAN,0,2023-08-14
2023,34,BAGGA SHEIKHAN,0,2023-08-21
2023,35,BAGGA SHEIKHAN,0,2023-08-28
2023,36,BAGGA SHEIKHAN,0,2023-09-04
2023,37,BAGGA SHEIKHAN,0,2023-09-11
2023,38,BAGGA SHEIKHAN,0,2023-09-18
2023,39,BAGGA SHEIKHAN,0,2023-09-25
2023,40,BAGGA SHEIKHAN,1,2023-10-02
2023,41,BAGGA SHEIKHAN,0,2023-10-09
2023,42,BAGGA SHEIKHAN,0,2023-10-16
2023,43,BAGGA SHEIKHAN,0,2023-10-23
2023,44,BAGGA SHEIKHAN,0,2023-10-30
2023,45,BAGGA SHEIKHAN,0,2023-11-06
2023,46,BAGGA SHEIKHAN,0,2023-11-13
2023,47,BAGGA SHEIKHAN,0,2023-11-20
2023,48,BAGGA SHEIKHAN,0,2023-11-27
2023,49,BAGGA SHEIKHAN,0,2023-12-04
2023,50,BAGGA SHEIKHAN,0,2023-12-11
2023,51,BAGGA SHEIKHAN,0,2023-12-18
2023,52,BAGGA SHEIKHAN,0,2023-12-25
2024,1,BAGGA SHEIKHAN,0,2024-01-01
2024,2,BAGGA SHEIKHAN,0,2024-01-08
2024,3,BAGGA SHEIKHAN,0,2024-01-15
2024,4,BAGGA SHEIKHAN,0,2024-01-22
2024,5,BAGGA SHEIKHAN,0,2024-01-29
2024,6,BAGGA SHEIKHAN,0,2024-02-05
2024,7,BAGGA SHEIKHAN,0,2024-02-12
2024,8,BAGGA SHEIKHAN,0,2024-02-19
2024,9,BAGGA SHEIKHAN,0,2024-02-26
2024,10,BAGGA SHEIKHAN,0,2024-03-04
2024,11,BAGGA SHEIKHAN,0,2024-03-11
2024,12,BAGGA SHEIKHAN,0,2024-03-18
2024,13,BAGGA SHEIKHAN,0,2024-03-25
2024,14,BAGGA SHEIKHAN,0,2024-04-01
2024,15,BAGGA SHEIKHAN,0,2024-04-08
2024,16,BAGGA SHEIKHAN,0,2024-04-15
2024,17,BAGGA SHEIKHAN,0,2024-04-22
2024,18,BAGGA SHEIKHAN,0,2024-04-29
2024,19,BAGGA SHEIKHAN,0,2024-05-06
2024,20,BAGGA SHEIKHAN,0,2024-05-13
2024,21,BAGGA SHEIKHAN,0,2024-05-20
2024,22,BAGGA SHEIKHAN,0,2024-05-27
2024,23,BAGGA SHEIKHAN,0,2024-06-03
2024,24,BAGGA SHEIKHAN,0,2024-06-10
2024,25,BAGGA SHEIKHAN,0,2024-06-17
2024,26,BAGGA SHEIKHAN,0,2024-06-24
2024,27,BAGGA SHEIKHAN,0,2024-07-01
2024,28,BAGGA SHEIKHAN,0,2024-07-08
2024,29,BAGGA SHEIKHAN,0,2024-07-15
2024,30,BAGGA SHEIKHAN,0,2024-07-22
2024,31,BAGGA SHEIKHAN,0,2024-07-29
2024,32,BAGGA SHEIKHAN,0,2024-08-05
2024,33,BAGGA SHEIKHAN,0,2024-08-12
2024,34,BAGGA SHEIKHAN,0,2024-08-19
2024,35,BAGGA SHEIKHAN,0,2024-08-26
2024,36,BAGGA SHEIKHAN,0,2024-09-02
2024,37,BAGGA SHEIKHAN,3,2024-09-09
2024,38,BAGGA SHEIKHAN,0,2024-09-16
2024,39,BAGGA SHEIKHAN,1,2024-09-23
2024,40,BAGGA SHEIKHAN,1,2024-09-30
2024,41,BAGGA SHEIKHAN,2,2024-10-07
2024,42,BAGGA SHEIKHAN,4,2024-10-14
2024,43,BAGGA SHEIKHAN,3,2024-10-21
2024,44,BAGGA SHEIKHAN,4,2024-10-28
2024,45,BAGGA SHEIKHAN,0,2024-11-04
2024,46,BAGGA SHEIKHAN,0,2024-11-11
2024,47,BAGGA SHEIKHAN,0,2024-11-18
2024,48,BAGGA SHEIKHAN,0,2024-11-25
2024,49,BAGGA SHEIKHAN,0,2024-12-02
2024,50,BAGGA SHEIKHAN,0,2024-12-09
2024,51,BAGGA SHEIKHAN,0,2024-12-16
2024,52,BAGGA SHEIKHAN,0,2024-12-23
2021,1,BAJNIAL,0,2021-01-04
2021,2,BAJNIAL,0,2021-01-11
2021,3,BAJNIAL,0,2021-01-18
2021,4,BAJNIAL,0,2021-01-25
2021,5,BAJNIAL,0,2021-02-01
2021,6,BAJNIAL,0,2021-02-08
2021,7,BAJNIAL,0,2021-02-15
2021,8,BAJNIAL,0,2021-02-22
2021,9,BAJNIAL,0,2021-03-01
2021,10,BAJNIAL,0,2021-03-08
2021,11,BAJNIAL,0,2021-03-15
2021,12,BAJNIAL,0,2021-03-22
2021,13,BAJNIAL,0,2021-03-29
2021,14,BAJNIAL,0,2021-04-05
2021,15,BAJNIAL,0,2021-04-12
2021,16,BAJNIAL,0,2021-04-19
2021,17,BAJNIAL,0,2021-04-26
2021,18,BAJNIAL,0,2021-05-03
2021,19,BAJNIAL,0,2021-05-10
2021,20,BAJNIAL,0,2021-05-17
2021,21,BAJNIAL,0,2021-05-24
2021,22,BAJNIAL,0,2021-05-31
2021,23,BAJNIAL,0,2021-06-07
2021,24,BAJNIAL,0,2021-06-14
2021,25,BAJNIAL,0,2021-06-21
2021,26,BAJNIAL,0,2021-06-28
2021,27,BAJNIAL,0,2021-07-05
2021,28,BAJNIAL,0,2021-07-12
2021,29,BAJNIAL,0,2021-07-19
2021,30,BAJNIAL,0,2021-07-26
2021,31,BAJNIAL,0,2021-08-02
2021,32,BAJNIAL,0,2021-08-09
2021,33,BAJNIAL,0,2021-08-16
2021,34,BAJNIAL,0,2021-08-23
2021,35,BAJNIAL,0,2021-08-30
2021,36,BAJNIAL,0,2021-09-06
2021,37,BAJNIAL,0,2021-09-13
2021,38,BAJNIAL,0,2021-09-20
2021,39,BAJNIAL,0,2021-09-27
2021,40,BAJNIAL,0,2021-10-04
2021,41,BAJNIAL,2,2021-10-11
2021,42,BAJNIAL,1,2021-10-18
2021,43,BAJNIAL,0,2021-10-25
2021,44,BAJNIAL,0,2021-11-01
2021,45,BAJNIAL,0,2021-11-08
2021,46,BAJNIAL,0,2021-11-15
2021,47,BAJNIAL,0,2021-11-22
2021,48,BAJNIAL,0,2021-11-29
2021,49,BAJNIAL,0,2021-12-06
2021,50,BAJNIAL,0,2021-12-13
2021,51,BAJNIAL,0,2021-12-20
2021,52,BAJNIAL,0,2021-12-27
2022,1,BAJNIAL,0,2022-01-03
2022,2,BAJNIAL,0,2022-01-10
2022,3,BAJNIAL,0,2022-01-17
2022,4,BAJNIAL,0,2022-01-24
2022,5,BAJNIAL,0,2022-01-31
2022,6,BAJNIAL,0,2022-02-07
2022,7,BAJNIAL,0,2022-02-14
2022,8,BAJNIAL,0,2022-02-21
2022,9,BAJNIAL,0,2022-02-28
2022,10,BAJNIAL,0,2022-03-07
2022,11,BAJNIAL,0,2022-03-14
2022,12,BAJNIAL,0,2022-03-21
2022,13,BAJNIAL,0,2022-03-28
2022,14,BAJNIAL,0,2022-04-04
2022,15,BAJNIAL,0,2022-04-11
2022,16,BAJNIAL,0,2022-04-18
2022,17,BAJNIAL,0,2022-04-25
2022,18,BAJNIAL,0,2022-05-02
2022,19,BAJNIAL,0,2022-05-09
2022,20,BAJNIAL,0,2022-05-16
2022,21,BAJNIAL,0,2022-05-23
2022,22,BAJNIAL,0,2022-05-30
2022,23,BAJNIAL,0,2022-06-06
2022,24,BAJNIAL,0,2022-06-13
2022,25,BAJNIAL,0,2022-06-20
2022,26,BAJNIAL,0,2022-06-27
2022,27,BAJNIAL,0,2022-07-04
2022,28,BAJNIAL,0,2022-07-11
2022,29,BAJNIAL,0,2022-07-18
2022,30,BAJNIAL,0,2022-07-25
2022,31,BAJNIAL,0,2022-08-01
2022,32,BAJNIAL,0,2022-08-08
2022,33,BAJNIAL,0,2022-08-15
2022,34,BAJNIAL,0,2022-08-22
2022,35,BAJNIAL,0,2022-08-29
2022,36,BAJNIAL,0,2022-09-05
2022,37,BAJNIAL,0,2022-09-12
2022,38,BAJNIAL,1,2022-09-19
2022,39,BAJNIAL,2,2022-09-26
2022,40,BAJNIAL,0,2022-10-03
2022,41,BAJNIAL,5,2022-10-10
2022,42,BAJNIAL,3,2022-10-17
2022,43,BAJNIAL,4,2022-10-24
2022,44,BAJNIAL,1,2022-10-31
2022,45,BAJNIAL,0,2022-11-07
2022,46,BAJNIAL,1,2022-11-14
2022,47,BAJNIAL,0,2022-11-21
2022,48,BAJNIAL,0,2022-11-28
2022,49,BAJNIAL,0,2022-12-05
2022,50,BAJNIAL,0,2022-12-12
2022,51,BAJNIAL,0,2022-12-19
2022,52,BAJNIAL,0,2022-12-26
2023,1,BAJNIAL,0,2023-01-02
2023,2,BAJNIAL,0,2023-01-09
2023,3,BAJNIAL,0,2023-01-16
2023,4,BAJNIAL,0,2023-01-23
2023,5,BAJNIAL,0,2023-01-30
2023,6,BAJNIAL,0,2023-02-06
2023,7,BAJNIAL,0,2023-02-13
2023,8,BAJNIAL,0,2023-02-20
2023,9,BAJNIAL,0,2023-02-27
2023,10,BAJNIAL,0,2023-03-06
2023,11,BAJNIAL,0,2023-03-13
2023,12,BAJNIAL,0,2023-03-20
2023,13,BAJNIAL,0,2023-03-27
2023,14,BAJNIAL,0,2023-04-03
2023,15,BAJNIAL,0,2023-04-10
2023,16,BAJNIAL,0,2023-04-17
2023,17,BAJNIAL,0,2023-04-24
2023,18,BAJNIAL,0,2023-05-01
2023,19,BAJNIAL,0,2023-05-08
2023,20,BAJNIAL,0,2023-05-15
2023,21,BAJNIAL,0,2023-05-22
2023,22,BAJNIAL,0,2023-05-29
2023,23,BAJNIAL,0,2023-06-05
2023,24,BAJNIAL,0,2023-06-12
2023,25,BAJNIAL,0,2023-06-19
2023,26,BAJNIAL,0,2023-06-26
2023,27,BAJNIAL,0,2023-07-03
2023,28,BAJNIAL,0,2023-07-10
2023,29,BAJNIAL,0,2023-07-17
2023,30,BAJNIAL,0,2023-07-24
2023,31,BAJNIAL,0,2023-07-31
2023,32,BAJNIAL,0,2023-08-07
2023,33,BAJNIAL,0,2023-08-14
2023,34,BAJNIAL,0,2023-08-21
2023,35,BAJNIAL,0,2023-08-28
2023,36,BAJNIAL,0,2023-09-04
2023,37,BAJNIAL,0,2023-09-11
2023,38,BAJNIAL,0,2023-09-18
2023,39,BAJNIAL,0,2023-09-25
2023,40,BAJNIAL,0,2023-10-02
2023,41,BAJNIAL,0,2023-10-09
2023,42,BAJNIAL,0,2023-10-16
2023,43,BAJNIAL,0,2023-10-23
2023,44,BAJNIAL,0,2023-10-30
2023,45,BAJNIAL,1,2023-11-06
2023,46,BAJNIAL,0,2023-11-13
2023,47,BAJNIAL,0,2023-11-20
2023,48,BAJNIAL,0,2023-11-27
2023,49,BAJNIAL,0,2023-12-04
2023,50,BAJNIAL,0,2023-12-11
2023,51,BAJNIAL,0,2023-12-18
2023,52,BAJNIAL,0,2023-12-25
2024,1,BAJNIAL,0,2024-01-01
2024,2,BAJNIAL,0,2024-01-08
2024,3,BAJNIAL,0,2024-01-15
2024,4,BAJNIAL,0,2024-01-22
2024,5,BAJNIAL,0,2024-01-29
2024,6,BAJNIAL,0,2024-02-05
2024,7,BAJNIAL,0,2024-02-12
2024,8,BAJNIAL,0,2024-02-19
2024,9,BAJNIAL,0,2024-02-26
2024,10,BAJNIAL,0,2024-03-04
2024,11,BAJNIAL,0,2024-03-11
2024,12,BAJNIAL,0,2024-03-18
2024,13,BAJNIAL,0,2024-03-25
2024,14,BAJNIAL,0,2024-04-01
2024,15,BAJNIAL,0,2024-04-08
2024,16,BAJNIAL,0,2024-04-15
2024,17,BAJNIAL,0,2024-04-22
2024,18,BAJNIAL,0,2024-04-29
2024,19,BAJNIAL,0,2024-05-06
2024,20,BAJNIAL,0,2024-05-13
2024,21,BAJNIAL,0,2024-05-20
2024,22,BAJNIAL,0,2024-05-27
2024,23,BAJNIAL,0,2024-06-03
2024,24,BAJNIAL,0,2024-06-10
2024,25,BAJNIAL,0,2024-06-17
2024,26,BAJNIAL,0,2024-06-24
2024,27,BAJNIAL,0,2024-07-01
2024,28,BAJNIAL,0,2024-07-08
2024,29,BAJNIAL,0,2024-07-15
2024,30,BAJNIAL,0,2024-07-22
2024,31,BAJNIAL,0,2024-07-29
2024,32,BAJNIAL,0,2024-08-05
2024,33,BAJNIAL,0,2024-08-12
2024,34,BAJNIAL,0,2024-08-19
2024,35,BAJNIAL,0,2024-08-26
2024,36,BAJNIAL,1,2024-09-02
2024,37,BAJNIAL,0,2024-09-09
2024,38,BAJNIAL,0,2024-09-16
2024,39,BAJNIAL,0,2024-09-23
2024,40,BAJNIAL,0,2024-09-30
2024,41,BAJNIAL,2,2024-10-07
2024,42,BAJNIAL,3,2024-10-14
2024,43,BAJNIAL,1,2024-10-21
2024,44,BAJNIAL,1,2024-10-28
2024,45,BAJNIAL,1,2024-11-04
2024,46,BAJNIAL,2,2024-11-11
2024,47,BAJNIAL,0,2024-11-18
2024,48,BAJNIAL,1,2024-11-25
2024,49,BAJNIAL,0,2024-12-02
2024,50,BAJNIAL,0,2024-12-09
2024,51,BAJNIAL,0,2024-12-16
2024,52,BAJNIAL,0,2024-12-23
2021,1,BANDA,0,2021-01-04
2021,2,BANDA,0,2021-01-11
2021,3,BANDA,0,2021-01-18
2021,4,BANDA,0,2021-01-25
2021,5,BANDA,0,2021-02-01
2021,6,BANDA,0,2021-02-08
2021,7,BANDA,0,2021-02-15
2021,8,BANDA,0,2021-02-22
2021,9,BANDA,0,2021-03-01
2021,10,BANDA,0,2021-03-08
2021,11,BANDA,0,2021-03-15
2021,12,BANDA,0,2021-03-22
2021,13,BANDA,0,2021-03-29
2021,14,BANDA,0,2021-04-05
2021,15,BANDA,0,2021-04-12
2021,16,BANDA,0,2021-04-19
2021,17,BANDA,0,2021-04-26
2021,18,BANDA,0,2021-05-03
2021,19,BANDA,0,2021-05-10
2021,20,BANDA,0,2021-05-17
2021,21,BANDA,0,2021-05-24
2021,22,BANDA,0,2021-05-31
2021,23,BANDA,0,2021-06-07
2021,24,BANDA,0,2021-06-14
2021,25,BANDA,0,2021-06-21
2021,26,BANDA,0,2021-06-28
2021,27,BANDA,0,2021-07-05
2021,28,BANDA,0,2021-07-12
2021,29,BANDA,0,2021-07-19
2021,30,BANDA,0,2021-07-26
2021,31,BANDA,0,2021-08-02
2021,32,BANDA,0,2021-08-09
2021,33,BANDA,0,2021-08-16
2021,34,BANDA,0,2021-08-23
2021,35,BANDA,0,2021-08-30
2021,36,BANDA,0,2021-09-06
2021,37,BANDA,0,2021-09-13
2021,38,BANDA,0,2021-09-20
2021,39,BANDA,0,2021-09-27
2021,40,BANDA,0,2021-10-04
2021,41,BANDA,0,2021-10-11
2021,42,BANDA,0,2021-10-18
2021,43,BANDA,0,2021-10-25
2021,44,BANDA,0,2021-11-01
2021,45,BANDA,0,2021-11-08
2021,46,BANDA,0,2021-11-15
2021,47,BANDA,0,2021-11-22
2021,48,BANDA,0,2021-11-29
2021,49,BANDA,0,2021-12-06
2021,50,BANDA,0,2021-12-13
2021,51,BANDA,0,2021-12-20
2021,52,BANDA,0,2021-12-27
2022,1,BANDA,0,2022-01-03
2022,2,BANDA,0,2022-01-10
2022,3,BANDA,0,2022-01-17
2022,4,BANDA,0,2022-01-24
2022,5,BANDA,0,2022-01-31
2022,6,BANDA,0,2022-02-07
2022,7,BANDA,0,2022-02-14
2022,8,BANDA,0,2022-02-21
2022,9,BANDA,0,2022-02-28
2022,10,BANDA,0,2022-03-07
2022,11,BANDA,0,2022-03-14
2022,12,BANDA,0,2022-03-21
2022,13,BANDA,0,2022-03-28
2022,14,BANDA,0,2022-04-04
2022,15,BANDA,0,2022-04-11
2022,16,BANDA,0,2022-04-18
2022,17,BANDA,0,2022-04-25
2022,18,BANDA,0,2022-05-02
2022,19,BANDA,0,2022-05-09
2022,20,BANDA,0,2022-05-16
2022,21,BANDA,0,2022-05-23
2022,22,BANDA,0,2022-05-30
2022,23,BANDA,0,2022-06-06
2022,24,BANDA,0,2022-06-13
2022,25,BANDA,0,2022-06-20
2022,26,BANDA,0,2022-06-27
2022,27,BANDA,0,2022-07-04
2022,28,BANDA,0,2022-07-11
2022,29,BANDA,0,2022-07-18
2022,30,BANDA,0,2022-07-25
2022,31,BANDA,0,2022-08-01
2022,32,BANDA,0,2022-08-08
2022,33,BANDA,0,2022-08-15
2022,34,BANDA,0,2022-08-22
2022,35,BANDA,0,2022-08-29
2022,36,BANDA,1,2022-09-05
2022,37,BANDA,1,2022-09-12
2022,38,BANDA,0,2022-09-19
2022,39,BANDA,2,2022-09-26
2022,40,BANDA,1,2022-10-03
2022,41,BANDA,0,2022-10-10
2022,42,BANDA,0,2022-10-17
2022,43,BANDA,1,2022-10-24
2022,44,BANDA,0,2022-10-31
2022,45,BANDA,0,2022-11-07
2022,46,BANDA,1,2022-11-14
2022,47,BANDA,0,2022-11-21
2022,48,BANDA,0,2022-11-28
2022,49,BANDA,0,2022-12-05
2022,50,BANDA,0,2022-12-12
2022,51,BANDA,0,2022-12-19
2022,52,BANDA,0,2022-12-26
2023,1,BANDA,0,2023-01-02
2023,2,BANDA,0,2023-01-09
2023,3,BANDA,0,2023-01-16
2023,4,BANDA,0,2023-01-23
2023,5,BANDA,0,2023-01-30
2023,6,BANDA,0,2023-02-06
2023,7,BANDA,0,2023-02-13
2023,8,BANDA,0,2023-02-20
2023,9,BANDA,0,2023-02-27
2023,10,BANDA,0,2023-03-06
2023,11,BANDA,0,2023-03-13
2023,12,BANDA,0,2023-03-20
2023,13,BANDA,0,2023-03-27
2023,14,BANDA,0,2023-04-03
2023,15,BANDA,0,2023-04-10
2023,16,BANDA,0,2023-04-17
2023,17,BANDA,0,2023-04-24
2023,18,BANDA,0,2023-05-01
2023,19,BANDA,0,2023-05-08
2023,20,BANDA,0,2023-05-15
2023,21,BANDA,0,2023-05-22
2023,22,BANDA,0,2023-05-29
2023,23,BANDA,0,2023-06-05
2023,24,BANDA,0,2023-06-12
2023,25,BANDA,0,2023-06-19
2023,26,BANDA,0,2023-06-26
2023,27,BANDA,0,2023-07-03
2023,28,BANDA,0,2023-07-10
2023,29,BANDA,0,2023-07-17
2023,30,BANDA,0,2023-07-24
2023,31,BANDA,0,2023-07-31
2023,32,BANDA,0,2023-08-07
2023,33,BANDA,0,2023-08-14
2023,34,BANDA,0,2023-08-21
2023,35,BANDA,0,2023-08-28
2023,36,BANDA,0,2023-09-04
2023,37,BANDA,1,2023-09-11
2023,38,BANDA,1,2023-09-18
2023,39,BANDA,0,2023-09-25
2023,40,BANDA,0,2023-10-02
2023,41,BANDA,0,2023-10-09
2023,42,BANDA,0,2023-10-16
2023,43,BANDA,0,2023-10-23
2023,44,BANDA,0,2023-10-30
2023,45,BANDA,0,2023-11-06
2023,46,BANDA,0,2023-11-13
2023,47,BANDA,0,2023-11-20
2023,48,BANDA,0,2023-11-27
2023,49,BANDA,0,2023-12-04
2023,50,BANDA,0,2023-12-11
2023,51,BANDA,0,2023-12-18
2023,52,BANDA,0,2023-12-25
2024,1,BANDA,0,2024-01-01
2024,2,BANDA,0,2024-01-08
2024,3,BANDA,0,2024-01-15
2024,4,BANDA,0,2024-01-22
2024,5,BANDA,0,2024-01-29
2024,6,BANDA,0,2024-02-05
2024,7,BANDA,0,2024-02-12
2024,8,BANDA,0,2024-02-19
2024,9,BANDA,0,2024-02-26
2024,10,BANDA,0,2024-03-04
2024,11,BANDA,0,2024-03-11
2024,12,BANDA,0,2024-03-18
2024,13,BANDA,0,2024-03-25
2024,14,BANDA,0,2024-04-01
2024,15,BANDA,0,2024-04-08
2024,16,BANDA,0,2024-04-15
2024,17,BANDA,0,2024-04-22
2024,18,BANDA,0,2024-04-29
2024,19,BANDA,0,2024-05-06
2024,20,BANDA,0,2024-05-13
2024,21,BANDA,0,2024-05-20
2024,22,BANDA,0,2024-05-27
2024,23,BANDA,0,2024-06-03
2024,24,BANDA,0,2024-06-10
2024,25,BANDA,0,2024-06-17
2024,26,BANDA,0,2024-06-24
2024,27,BANDA,0,2024-07-01
2024,28,BANDA,0,2024-07-08
2024,29,BANDA,0,2024-07-15
2024,30,BANDA,0,2024-07-22
2024,31,BANDA,0,2024-07-29
2024,32,BANDA,0,2024-08-05
2024,33,BANDA,0,2024-08-12
2024,34,BANDA,0,2024-08-19
2024,35,BANDA,0,2024-08-26
2024,36,BANDA,0,2024-09-02
2024,37,BANDA,0,2024-09-09
2024,38,BANDA,0,2024-09-16
2024,39,BANDA,1,2024-09-23
2024,40,BANDA,1,2024-09-30
2024,41,BANDA,0,2024-10-07
2024,42,BANDA,0,2024-10-14
2024,43,BANDA,0,2024-10-21
2024,44,BANDA,0,2024-10-28
2024,45,BANDA,1,2024-11-04
2024,46,BANDA,2,2024-11-11
2024,47,BANDA,0,2024-11-18
2024,48,BANDA,0,2024-11-25
2024,49,BANDA,0,2024-12-02
2024,50,BANDA,0,2024-12-09
2024,51,BANDA,0,2024-12-16
2024,52,BANDA,0,2024-12-23
2021,1,BANGISH COLONY,0,2021-01-04
2021,2,BANGISH COLONY,0,2021-01-11
2021,3,BANGISH COLONY,0,2021-01-18
2021,4,BANGISH COLONY,0,2021-01-25
2021,5,BANGISH COLONY,0,2021-02-01
2021,6,BANGISH COLONY,0,2021-02-08
2021,7,BANGISH COLONY,0,2021-02-15
2021,8,BANGISH COLONY,0,2021-02-22
2021,9,BANGISH COLONY,0,2021-03-01
2021,10,BANGISH COLONY,0,2021-03-08
2021,11,BANGISH COLONY,0,2021-03-15
2021,12,BANGISH COLONY,0,2021-03-22
2021,13,BANGISH COLONY,0,2021-03-29
2021,14,BANGISH COLONY,0,2021-04-05
2021,15,BANGISH COLONY,0,2021-04-12
2021,16,BANGISH COLONY,0,2021-04-19
2021,17,BANGISH COLONY,0,2021-04-26
2021,18,BANGISH COLONY,0,2021-05-03
2021,19,BANGISH COLONY,0,2021-05-10
2021,20,BANGISH COLONY,0,2021-05-17
2021,21,BANGISH COLONY,0,2021-05-24
2021,22,BANGISH COLONY,0,2021-05-31
2021,23,BANGISH COLONY,0,2021-06-07
2021,24,BANGISH COLONY,0,2021-06-14
2021,25,BANGISH COLONY,0,2021-06-21
2021,26,BANGISH COLONY,0,2021-06-28
2021,27,BANGISH COLONY,0,2021-07-05
2021,28,BANGISH COLONY,0,2021-07-12
2021,29,BANGISH COLONY,0,2021-07-19
2021,30,BANGISH COLONY,0,2021-07-26
2021,31,BANGISH COLONY,0,2021-08-02
2021,32,BANGISH COLONY,0,2021-08-09
2021,33,BANGISH COLONY,0,2021-08-16
2021,34,BANGISH COLONY,0,2021-08-23
2021,35,BANGISH COLONY,0,2021-08-30
2021,36,BANGISH COLONY,0,2021-09-06
2021,37,BANGISH COLONY,0,2021-09-13
2021,38,BANGISH COLONY,0,2021-09-20
2021,39,BANGISH COLONY,0,2021-09-27
2021,40,BANGISH COLONY,0,2021-10-04
2021,41,BANGISH COLONY,0,2021-10-11
2021,42,BANGISH COLONY,0,2021-10-18
2021,43,BANGISH COLONY,0,2021-10-25
2021,44,BANGISH COLONY,0,2021-11-01
2021,45,BANGISH COLONY,0,2021-11-08
2021,46,BANGISH COLONY,0,2021-11-15
2021,47,BANGISH COLONY,0,2021-11-22
2021,48,BANGISH COLONY,0,2021-11-29
2021,49,BANGISH COLONY,0,2021-12-06
2021,50,BANGISH COLONY,0,2021-12-13
2021,51,BANGISH COLONY,0,2021-12-20
2021,52,BANGISH COLONY,0,2021-12-27
2022,1,BANGISH COLONY,0,2022-01-03
2022,2,BANGISH COLONY,0,2022-01-10
2022,3,BANGISH COLONY,0,2022-01-17
2022,4,BANGISH COLONY,0,2022-01-24
2022,5,BANGISH COLONY,0,2022-01-31
2022,6,BANGISH COLONY,0,2022-02-07
2022,7,BANGISH COLONY,0,2022-02-14
2022,8,BANGISH COLONY,0,2022-02-21
2022,9,BANGISH COLONY,0,2022-02-28
2022,10,BANGISH COLONY,0,2022-03-07
2022,11,BANGISH COLONY,0,2022-03-14
2022,12,BANGISH COLONY,0,2022-03-21
2022,13,BANGISH COLONY,0,2022-03-28
2022,14,BANGISH COLONY,0,2022-04-04
2022,15,BANGISH COLONY,0,2022-04-11
2022,16,BANGISH COLONY,0,2022-04-18
2022,17,BANGISH COLONY,0,2022-04-25
2022,18,BANGISH COLONY,0,2022-05-02
2022,19,BANGISH COLONY,0,2022-05-09
2022,20,BANGISH COLONY,0,2022-05-16
2022,21,BANGISH COLONY,0,2022-05-23
2022,22,BANGISH COLONY,0,2022-05-30
2022,23,BANGISH COLONY,0,2022-06-06
2022,24,BANGISH COLONY,0,2022-06-13
2022,25,BANGISH COLONY,0,2022-06-20
2022,26,BANGISH COLONY,0,2022-06-27
2022,27,BANGISH COLONY,0,2022-07-04
2022,28,BANGISH COLONY,0,2022-07-11
2022,29,BANGISH COLONY,0,2022-07-18
2022,30,BANGISH COLONY,0,2022-07-25
2022,31,BANGISH COLONY,0,2022-08-01
2022,32,BANGISH COLONY,0,2022-08-08
2022,33,BANGISH COLONY,0,2022-08-15
2022,34,BANGISH COLONY,0,2022-08-22
2022,35,BANGISH COLONY,0,2022-08-29
2022,36,BANGISH COLONY,0,2022-09-05
2022,37,BANGISH COLONY,0,2022-09-12
2022,38,BANGISH COLONY,2,2022-09-19
2022,39,BANGISH COLONY,0,2022-09-26
2022,40,BANGISH COLONY,0,2022-10-03
2022,41,BANGISH COLONY,0,2022-10-10
2022,42,BANGISH COLONY,0,2022-10-17
2022,43,BANGISH COLONY,0,2022-10-24
2022,44,BANGISH COLONY,0,2022-10-31
2022,45,BANGISH COLONY,0,2022-11-07
2022,46,BANGISH COLONY,0,2022-11-14
2022,47,BANGISH COLONY,0,2022-11-21
2022,48,BANGISH COLONY,0,2022-11-28
2022,49,BANGISH COLONY,0,2022-12-05
2022,50,BANGISH COLONY,0,2022-12-12
2022,51,BANGISH COLONY,0,2022-12-19
2022,52,BANGISH COLONY,0,2022-12-26
2023,1,BANGISH COLONY,0,2023-01-02
2023,2,BANGISH COLONY,0,2023-01-09
2023,3,BANGISH COLONY,0,2023-01-16
2023,4,BANGISH COLONY,0,2023-01-23
2023,5,BANGISH COLONY,0,2023-01-30
2023,6,BANGISH COLONY,0,2023-02-06
2023,7,BANGISH COLONY,0,2023-02-13
2023,8,BANGISH COLONY,0,2023-02-20
2023,9,BANGISH COLONY,0,2023-02-27
2023,10,BANGISH COLONY,0,2023-03-06
2023,11,BANGISH COLONY,0,2023-03-13
2023,12,BANGISH COLONY,0,2023-03-20
2023,13,BANGISH COLONY,0,2023-03-27
2023,14,BANGISH COLONY,0,2023-04-03
2023,15,BANGISH COLONY,0,2023-04-10
2023,16,BANGISH COLONY,0,2023-04-17
2023,17,BANGISH COLONY,0,2023-04-24
2023,18,BANGISH COLONY,0,2023-05-01
2023,19,BANGISH COLONY,0,2023-05-08
2023,20,BANGISH COLONY,0,2023-05-15
2023,21,BANGISH COLONY,0,2023-05-22
2023,22,BANGISH COLONY,0,2023-05-29
2023,23,BANGISH COLONY,0,2023-06-05
2023,24,BANGISH COLONY,0,2023-06-12
2023,25,BANGISH COLONY,0,2023-06-19
2023,26,BANGISH COLONY,0,2023-06-26
2023,27,BANGISH COLONY,0,2023-07-03
2023,28,BANGISH COLONY,1,2023-07-10
2023,29,BANGISH COLONY,0,2023-07-17
2023,30,BANGISH COLONY,0,2023-07-24
2023,31,BANGISH COLONY,0,2023-07-31
2023,32,BANGISH COLONY,0,2023-08-07
2023,33,BANGISH COLONY,0,2023-08-14
2023,34,BANGISH COLONY,0,2023-08-21
2023,35,BANGISH COLONY,0,2023-08-28
2023,36,BANGISH COLONY,0,2023-09-04
2023,37,BANGISH COLONY,0,2023-09-11
2023,38,BANGISH COLONY,0,2023-09-18
2023,39,BANGISH COLONY,0,2023-09-25
2023,40,BANGISH COLONY,0,2023-10-02
2023,41,BANGISH COLONY,0,2023-10-09
2023,42,BANGISH COLONY,1,2023-10-16
2023,43,BANGISH COLONY,0,2023-10-23
2023,44,BANGISH COLONY,0,2023-10-30
2023,45,BANGISH COLONY,0,2023-11-06
2023,46,BANGISH COLONY,0,2023-11-13
2023,47,BANGISH COLONY,0,2023-11-20
2023,48,BANGISH COLONY,0,2023-11-27
2023,49,BANGISH COLONY,0,2023-12-04
2023,50,BANGISH COLONY,0,2023-12-11
2023,51,BANGISH COLONY,0,2023-12-18
2023,52,BANGISH COLONY,0,2023-12-25
2024,1,BANGISH COLONY,0,2024-01-01
2024,2,BANGISH COLONY,0,2024-01-08
2024,3,BANGISH COLONY,0,2024-01-15
2024,4,BANGISH COLONY,0,2024-01-22
2024,5,BANGISH COLONY,0,2024-01-29
2024,6,BANGISH COLONY,0,2024-02-05
2024,7,BANGISH COLONY,0,2024-02-12
2024,8,BANGISH COLONY,0,2024-02-19
2024,9,BANGISH COLONY,0,2024-02-26
2024,10,BANGISH COLONY,0,2024-03-04
2024,11,BANGISH COLONY,0,2024-03-11
2024,12,BANGISH COLONY,0,2024-03-18
2024,13,BANGISH COLONY,0,2024-03-25
2024,14,BANGISH COLONY,0,2024-04-01
2024,15,BANGISH COLONY,0,2024-04-08
2024,16,BANGISH COLONY,0,2024-04-15
2024,17,BANGISH COLONY,0,2024-04-22
2024,18,BANGISH COLONY,0,2024-04-29
2024,19,BANGISH COLONY,0,2024-05-06
2024,20,BANGISH COLONY,0,2024-05-13
2024,21,BANGISH COLONY,0,2024-05-20
2024,22,BANGISH COLONY,0,2024-05-27
2024,23,BANGISH COLONY,0,2024-06-03
2024,24,BANGISH COLONY,0,2024-06-10
2024,25,BANGISH COLONY,0,2024-06-17
2024,26,BANGISH COLONY,0,2024-06-24
2024,27,BANGISH COLONY,0,2024-07-01
2024,28,BANGISH COLONY,0,2024-07-08
2024,29,BANGISH COLONY,0,2024-07-15
2024,30,BANGISH COLONY,0,2024-07-22
2024,31,BANGISH COLONY,0,2024-07-29
2024,32,BANGISH COLONY,0,2024-08-05
2024,33,BANGISH COLONY,0,2024-08-12
2024,34,BANGISH COLONY,0,2024-08-19
2024,35,BANGISH COLONY,0,2024-08-26
2024,36,BANGISH COLONY,0,2024-09-02
2024,37,BANGISH COLONY,0,2024-09-09
2024,38,BANGISH COLONY,0,2024-09-16
2024,39,BANGISH COLONY,0,2024-09-23
2024,40,BANGISH COLONY,0,2024-09-30
2024,41,BANGISH COLONY,0,2024-10-07
2024,42,BANGISH COLONY,0,2024-10-14
2024,43,BANGISH COLONY,0,2024-10-21
2024,44,BANGISH COLONY,1,2024-10-28
2024,45,BANGISH COLONY,0,2024-11-04
2024,46,BANGISH COLONY,0,2024-11-11
2024,47,BANGISH COLONY,0,2024-11-18
2024,48,BANGISH COLONY,0,2024-11-25
2024,49,BANGISH COLONY,0,2024-12-02
2024,50,BANGISH COLONY,0,2024-12-09
2024,51,BANGISH COLONY,0,2024-12-16
2024,52,BANGISH COLONY,0,2024-12-23
2021,1,BANNI,0,2021-01-04
2021,2,BANNI,0,2021-01-11
2021,3,BANNI,0,2021-01-18
2021,4,BANNI,0,2021-01-25
2021,5,BANNI,0,2021-02-01
2021,6,BANNI,0,2021-02-08
2021,7,BANNI,0,2021-02-15
2021,8,BANNI,0,2021-02-22
2021,9,BANNI,0,2021-03-01
2021,10,BANNI,0,2021-03-08
2021,11,BANNI,0,2021-03-15
2021,12,BANNI,0,2021-03-22
2021,13,BANNI,0,2021-03-29
2021,14,BANNI,0,2021-04-05
2021,15,BANNI,0,2021-04-12
2021,16,BANNI,0,2021-04-19
2021,17,BANNI,0,2021-04-26
2021,18,BANNI,0,2021-05-03
2021,19,BANNI,0,2021-05-10
2021,20,BANNI,0,2021-05-17
2021,21,BANNI,0,2021-05-24
2021,22,BANNI,0,2021-05-31
2021,23,BANNI,0,2021-06-07
2021,24,BANNI,0,2021-06-14
2021,25,BANNI,0,2021-06-21
2021,26,BANNI,0,2021-06-28
2021,27,BANNI,0,2021-07-05
2021,28,BANNI,0,2021-07-12
2021,29,BANNI,0,2021-07-19
2021,30,BANNI,0,2021-07-26
2021,31,BANNI,0,2021-08-02
2021,32,BANNI,0,2021-08-09
2021,33,BANNI,0,2021-08-16
2021,34,BANNI,0,2021-08-23
2021,35,BANNI,0,2021-08-30
2021,36,BANNI,0,2021-09-06
2021,37,BANNI,1,2021-09-13
2021,38,BANNI,0,2021-09-20
2021,39,BANNI,10,2021-09-27
2021,40,BANNI,11,2021-10-04
2021,41,BANNI,10,2021-10-11
2021,42,BANNI,9,2021-10-18
2021,43,BANNI,7,2021-10-25
2021,44,BANNI,4,2021-11-01
2021,45,BANNI,1,2021-11-08
2021,46,BANNI,0,2021-11-15
2021,47,BANNI,1,2021-11-22
2021,48,BANNI,0,2021-11-29
2021,49,BANNI,0,2021-12-06
2021,50,BANNI,0,2021-12-13
2021,51,BANNI,0,2021-12-20
2021,52,BANNI,0,2021-12-27
2022,1,BANNI,0,2022-01-03
2022,2,BANNI,0,2022-01-10
2022,3,BANNI,0,2022-01-17
2022,4,BANNI,0,2022-01-24
2022,5,BANNI,0,2022-01-31
2022,6,BANNI,0,2022-02-07
2022,7,BANNI,0,2022-02-14
2022,8,BANNI,0,2022-02-21
2022,9,BANNI,0,2022-02-28
2022,10,BANNI,0,2022-03-07
2022,11,BANNI,0,2022-03-14
2022,12,BANNI,0,2022-03-21
2022,13,BANNI,0,2022-03-28
2022,14,BANNI,0,2022-04-04
2022,15,BANNI,0,2022-04-11
2022,16,BANNI,0,2022-04-18
2022,17,BANNI,0,2022-04-25
2022,18,BANNI,0,2022-05-02
2022,19,BANNI,0,2022-05-09
2022,20,BANNI,0,2022-05-16
2022,21,BANNI,0,2022-05-23
2022,22,BANNI,0,2022-05-30
2022,23,BANNI,0,2022-06-06
2022,24,BANNI,0,2022-06-13
2022,25,BANNI,0,2022-06-20
2022,26,BANNI,0,2022-06-27
2022,27,BANNI,0,2022-07-04
2022,28,BANNI,0,2022-07-11
2022,29,BANNI,0,2022-07-18
2022,30,BANNI,0,2022-07-25
2022,31,BANNI,0,2022-08-01
2022,32,BANNI,0,2022-08-08
2022,33,BANNI,0,2022-08-15
2022,34,BANNI,1,2022-08-22
2022,35,BANNI,2,2022-08-29
2022,36,BANNI,1,2022-09-05
2022,37,BANNI,2,2022-09-12
2022,38,BANNI,6,2022-09-19
2022,39,BANNI,12,2022-09-26
2022,40,BANNI,3,2022-10-03
2022,41,BANNI,6,2022-10-10
2022,42,BANNI,6,2022-10-17
2022,43,BANNI,2,2022-10-24
2022,44,BANNI,8,2022-10-31
2022,45,BANNI,3,2022-11-07
2022,46,BANNI,2,2022-11-14
2022,47,BANNI,0,2022-11-21
2022,48,BANNI,0,2022-11-28
2022,49,BANNI,0,2022-12-05
2022,50,BANNI,0,2022-12-12
2022,51,BANNI,0,2022-12-19
2022,52,BANNI,0,2022-12-26
2023,1,BANNI,0,2023-01-02
2023,2,BANNI,0,2023-01-09
2023,3,BANNI,0,2023-01-16
2023,4,BANNI,0,2023-01-23
2023,5,BANNI,0,2023-01-30
2023,6,BANNI,0,2023-02-06
2023,7,BANNI,0,2023-02-13
2023,8,BANNI,0,2023-02-20
2023,9,BANNI,0,2023-02-27
2023,10,BANNI,0,2023-03-06
2023,11,BANNI,0,2023-03-13
2023,12,BANNI,0,2023-03-20
2023,13,BANNI,0,2023-03-27
2023,14,BANNI,0,2023-04-03
2023,15,BANNI,0,2023-04-10
2023,16,BANNI,0,2023-04-17
2023,17,BANNI,0,2023-04-24
2023,18,BANNI,0,2023-05-01
2023,19,BANNI,0,2023-05-08
2023,20,BANNI,0,2023-05-15
2023,21,BANNI,0,2023-05-22
2023,22,BANNI,0,2023-05-29
2023,23,BANNI,0,2023-06-05
2023,24,BANNI,0,2023-06-12
2023,25,BANNI,0,2023-06-19
2023,26,BANNI,0,2023-06-26
2023,27,BANNI,0,2023-07-03
2023,28,BANNI,0,2023-07-10
2023,29,BANNI,0,2023-07-17
2023,30,BANNI,0,2023-07-24
2023,31,BANNI,0,2023-07-31
2023,32,BANNI,0,2023-08-07
2023,33,BANNI,0,2023-08-14
2023,34,BANNI,0,2023-08-21
2023,35,BANNI,0,2023-08-28
2023,36,BANNI,0,2023-09-04
2023,37,BANNI,3,2023-09-11
2023,38,BANNI,6,2023-09-18
2023,39,BANNI,7,2023-09-25
2023,40,BANNI,7,2023-10-02
2023,41,BANNI,3,2023-10-09
2023,42,BANNI,4,2023-10-16
2023,43,BANNI,10,2023-10-23
2023,44,BANNI,12,2023-10-30
2023,45,BANNI,11,2023-11-06
2023,46,BANNI,4,2023-11-13
2023,47,BANNI,1,2023-11-20
2023,48,BANNI,1,2023-11-27
2023,49,BANNI,1,2023-12-04
2023,50,BANNI,0,2023-12-11
2023,51,BANNI,0,2023-12-18
2023,52,BANNI,0,2023-12-25
2024,1,BANNI,0,2024-01-01
2024,2,BANNI,0,2024-01-08
2024,3,BANNI,0,2024-01-15
2024,4,BANNI,0,2024-01-22
2024,5,BANNI,0,2024-01-29
2024,6,BANNI,0,2024-02-05
2024,7,BANNI,0,2024-02-12
2024,8,BANNI,0,2024-02-19
2024,9,BANNI,0,2024-02-26
2024,10,BANNI,0,2024-03-04
2024,11,BANNI,0,2024-03-11
2024,12,BANNI,0,2024-03-18
2024,13,BANNI,0,2024-03-25
2024,14,BANNI,0,2024-04-01
2024,15,BANNI,0,2024-04-08
2024,16,BANNI,0,2024-04-15
2024,17,BANNI,0,2024-04-22
2024,18,BANNI,0,2024-04-29
2024,19,BANNI,0,2024-05-06
2024,20,BANNI,0,2024-05-13
2024,21,BANNI,0,2024-05-20
2024,22,BANNI,0,2024-05-27
2024,23,BANNI,0,2024-06-03
2024,24,BANNI,0,2024-06-10
2024,25,BANNI,0,2024-06-17
2024,26,BANNI,0,2024-06-24
2024,27,BANNI,0,2024-07-01
2024,28,BANNI,0,2024-07-08
2024,29,BANNI,0,2024-07-15
2024,30,BANNI,0,2024-07-22
2024,31,BANNI,0,2024-07-29
2024,32,BANNI,0,2024-08-05
2024,33,BANNI,0,2024-08-12
2024,34,BANNI,0,2024-08-19
2024,35,BANNI,0,2024-08-26
2024,36,BANNI,1,2024-09-02
2024,37,BANNI,0,2024-09-09
2024,38,BANNI,3,2024-09-16
2024,39,BANNI,10,2024-09-23
2024,40,BANNI,19,2024-09-30
2024,41,BANNI,17,2024-10-07
2024,42,BANNI,6,2024-10-14
2024,43,BANNI,13,2024-10-21
2024,44,BANNI,22,2024-10-28
2024,45,BANNI,14,2024-11-04
2024,46,BANNI,18,2024-11-11
2024,47,BANNI,12,2024-11-18
2024,48,BANNI,1,2024-11-25
2024,49,BANNI,0,2024-12-02
2024,50,BANNI,1,2024-12-09
2024,51,BANNI,0,2024-12-16
2024,52,BANNI,0,2024-12-23
2021,1,BASALI,0,2021-01-04
2021,2,BASALI,0,2021-01-11
2021,3,BASALI,0,2021-01-18
2021,4,BASALI,0,2021-01-25
2021,5,BASALI,0,2021-02-01
2021,6,BASALI,0,2021-02-08
2021,7,BASALI,0,2021-02-15
2021,8,BASALI,0,2021-02-22
2021,9,BASALI,0,2021-03-01
2021,10,BASALI,0,2021-03-08
2021,11,BASALI,0,2021-03-15
2021,12,BASALI,0,2021-03-22
2021,13,BASALI,0,2021-03-29
2021,14,BASALI,0,2021-04-05
2021,15,BASALI,0,2021-04-12
2021,16,BASALI,0,2021-04-19
2021,17,BASALI,0,2021-04-26
2021,18,BASALI,0,2021-05-03
2021,19,BASALI,0,2021-05-10
2021,20,BASALI,0,2021-05-17
2021,21,BASALI,0,2021-05-24
2021,22,BASALI,0,2021-05-31
2021,23,BASALI,0,2021-06-07
2021,24,BASALI,0,2021-06-14
2021,25,BASALI,0,2021-06-21
2021,26,BASALI,0,2021-06-28
2021,27,BASALI,0,2021-07-05
2021,28,BASALI,0,2021-07-12
2021,29,BASALI,0,2021-07-19
2021,30,BASALI,0,2021-07-26
2021,31,BASALI,0,2021-08-02
2021,32,BASALI,0,2021-08-09
2021,33,BASALI,0,2021-08-16
2021,34,BASALI,0,2021-08-23
2021,35,BASALI,0,2021-08-30
2021,36,BASALI,0,2021-09-06
2021,37,BASALI,0,2021-09-13
2021,38,BASALI,0,2021-09-20
2021,39,BASALI,1,2021-09-27
2021,40,BASALI,0,2021-10-04
2021,41,BASALI,0,2021-10-11
2021,42,BASALI,1,2021-10-18
2021,43,BASALI,0,2021-10-25
2021,44,BASALI,0,2021-11-01
2021,45,BASALI,0,2021-11-08
2021,46,BASALI,1,2021-11-15
2021,47,BASALI,0,2021-11-22
2021,48,BASALI,0,2021-11-29
2021,49,BASALI,0,2021-12-06
2021,50,BASALI,0,2021-12-13
2021,51,BASALI,0,2021-12-20
2021,52,BASALI,0,2021-12-27
2022,1,BASALI,0,2022-01-03
2022,2,BASALI,0,2022-01-10
2022,3,BASALI,0,2022-01-17
2022,4,BASALI,0,2022-01-24
2022,5,BASALI,0,2022-01-31
2022,6,BASALI,0,2022-02-07
2022,7,BASALI,0,2022-02-14
2022,8,BASALI,0,2022-02-21
2022,9,BASALI,0,2022-02-28
2022,10,BASALI,0,2022-03-07
2022,11,BASALI,0,2022-03-14
2022,12,BASALI,0,2022-03-21
2022,13,BASALI,0,2022-03-28
2022,14,BASALI,0,2022-04-04
2022,15,BASALI,0,2022-04-11
2022,16,BASALI,0,2022-04-18
2022,17,BASALI,0,2022-04-25
2022,18,BASALI,0,2022-05-02
2022,19,BASALI,0,2022-05-09
2022,20,BASALI,0,2022-05-16
2022,21,BASALI,0,2022-05-23
2022,22,BASALI,0,2022-05-30
2022,23,BASALI,0,2022-06-06
2022,24,BASALI,0,2022-06-13
2022,25,BASALI,0,2022-06-20
2022,26,BASALI,0,2022-06-27
2022,27,BASALI,0,2022-07-04
2022,28,BASALI,0,2022-07-11
2022,29,BASALI,0,2022-07-18
2022,30,BASALI,0,2022-07-25
2022,31,BASALI,0,2022-08-01
2022,32,BASALI,0,2022-08-08
2022,33,BASALI,0,2022-08-15
2022,34,BASALI,0,2022-08-22
2022,35,BASALI,0,2022-08-29
2022,36,BASALI,2,2022-09-05
2022,37,BASALI,1,2022-09-12
2022,38,BASALI,0,2022-09-19
2022,39,BASALI,1,2022-09-26
2022,40,BASALI,0,2022-10-03
2022,41,BASALI,1,2022-10-10
2022,42,BASALI,0,2022-10-17
2022,43,BASALI,0,2022-10-24
2022,44,BASALI,0,2022-10-31
2022,45,BASALI,0,2022-11-07
2022,46,BASALI,0,2022-11-14
2022,47,BASALI,0,2022-11-21
2022,48,BASALI,0,2022-11-28
2022,49,BASALI,0,2022-12-05
2022,50,BASALI,0,2022-12-12
2022,51,BASALI,0,2022-12-19
2022,52,BASALI,0,2022-12-26
2023,1,BASALI,0,2023-01-02
2023,2,BASALI,0,2023-01-09
2023,3,BASALI,0,2023-01-16
2023,4,BASALI,0,2023-01-23
2023,5,BASALI,0,2023-01-30
2023,6,BASALI,0,2023-02-06
2023,7,BASALI,0,2023-02-13
2023,8,BASALI,0,2023-02-20
2023,9,BASALI,0,2023-02-27
2023,10,BASALI,0,2023-03-06
2023,11,BASALI,0,2023-03-13
2023,12,BASALI,0,2023-03-20
2023,13,BASALI,0,2023-03-27
2023,14,BASALI,0,2023-04-03
2023,15,BASALI,0,2023-04-10
2023,16,BASALI,0,2023-04-17
2023,17,BASALI,0,2023-04-24
2023,18,BASALI,0,2023-05-01
2023,19,BASALI,0,2023-05-08
2023,20,BASALI,0,2023-05-15
2023,21,BASALI,0,2023-05-22
2023,22,BASALI,0,2023-05-29
2023,23,BASALI,0,2023-06-05
2023,24,BASALI,0,2023-06-12
2023,25,BASALI,0,2023-06-19
2023,26,BASALI,0,2023-06-26
2023,27,BASALI,0,2023-07-03
2023,28,BASALI,0,2023-07-10
2023,29,BASALI,0,2023-07-17
2023,30,BASALI,0,2023-07-24
2023,31,BASALI,0,2023-07-31
2023,32,BASALI,0,2023-08-07
2023,33,BASALI,0,2023-08-14
2023,34,BASALI,0,2023-08-21
2023,35,BASALI,0,2023-08-28
2023,36,BASALI,0,2023-09-04
2023,37,BASALI,0,2023-09-11
2023,38,BASALI,0,2023-09-18
2023,39,BASALI,0,2023-09-25
2023,40,BASALI,0,2023-10-02
2023,41,BASALI,0,2023-10-09
2023,42,BASALI,0,2023-10-16
2023,43,BASALI,0,2023-10-23
2023,44,BASALI,0,2023-10-30
2023,45,BASALI,1,2023-11-06
2023,46,BASALI,0,2023-11-13
2023,47,BASALI,0,2023-11-20
2023,48,BASALI,0,2023-11-27
2023,49,BASALI,0,2023-12-04
2023,50,BASALI,0,2023-12-11
2023,51,BASALI,0,2023-12-18
2023,52,BASALI,0,2023-12-25
2024,1,BASALI,0,2024-01-01
2024,2,BASALI,0,2024-01-08
2024,3,BASALI,0,2024-01-15
2024,4,BASALI,0,2024-01-22
2024,5,BASALI,0,2024-01-29
2024,6,BASALI,0,2024-02-05
2024,7,BASALI,0,2024-02-12
2024,8,BASALI,0,2024-02-19
2024,9,BASALI,0,2024-02-26
2024,10,BASALI,0,2024-03-04
2024,11,BASALI,0,2024-03-11
2024,12,BASALI,0,2024-03-18
2024,13,BASALI,0,2024-03-25
2024,14,BASALI,0,2024-04-01
2024,15,BASALI,0,2024-04-08
2024,16,BASALI,0,2024-04-15
2024,17,BASALI,0,2024-04-22
2024,18,BASALI,0,2024-04-29
2024,19,BASALI,0,2024-05-06
2024,20,BASALI,0,2024-05-13
2024,21,BASALI,0,2024-05-20
2024,22,BASALI,0,2024-05-27
2024,23,BASALI,0,2024-06-03
2024,24,BASALI,0,2024-06-10
2024,25,BASALI,0,2024-06-17
2024,26,BASALI,0,2024-06-24
2024,27,BASALI,0,2024-07-01
2024,28,BASALI,0,2024-07-08
2024,29,BASALI,0,2024-07-15
2024,30,BASALI,0,2024-07-22
2024,31,BASALI,0,2024-07-29
2024,32,BASALI,0,2024-08-05
2024,33,BASALI,0,2024-08-12
2024,34,BASALI,0,2024-08-19
2024,35,BASALI,0,2024-08-26
2024,36,BASALI,0,2024-09-02
2024,37,BASALI,0,2024-09-09
2024,38,BASALI,0,2024-09-16
2024,39,BASALI,2,2024-09-23
2024,40,BASALI,1,2024-09-30
2024,41,BASALI,1,2024-10-07
2024,42,BASALI,1,2024-10-14
2024,43,BASALI,0,2024-10-21
2024,44,BASALI,2,2024-10-28
2024,45,BASALI,1,2024-11-04
2024,46,BASALI,0,2024-11-11
2024,47,BASALI,1,2024-11-18
2024,48,BASALI,0,2024-11-25
2024,49,BASALI,0,2024-12-02
2024,50,BASALI,0,2024-12-09
2024,51,BASALI,0,2024-12-16
2024,52,BASALI,0,2024-12-23
2021,1,CHAH SULTAN,0,2021-01-04
2021,2,CHAH SULTAN,0,2021-01-11
2021,3,CHAH SULTAN,0,2021-01-18
2021,4,CHAH SULTAN,0,2021-01-25
2021,5,CHAH SULTAN,0,2021-02-01
2021,6,CHAH SULTAN,0,2021-02-08
2021,7,CHAH SULTAN,0,2021-02-15
2021,8,CHAH SULTAN,0,2021-02-22
2021,9,CHAH SULTAN,0,2021-03-01
2021,10,CHAH SULTAN,0,2021-03-08
2021,11,CHAH SULTAN,0,2021-03-15
2021,12,CHAH SULTAN,0,2021-03-22
2021,13,CHAH SULTAN,0,2021-03-29
2021,14,CHAH SULTAN,0,2021-04-05
2021,15,CHAH SULTAN,0,2021-04-12
2021,16,CHAH SULTAN,0,2021-04-19
2021,17,CHAH SULTAN,0,2021-04-26
2021,18,CHAH SULTAN,0,2021-05-03
2021,19,CHAH SULTAN,0,2021-05-10
2021,20,CHAH SULTAN,0,2021-05-17
2021,21,CHAH SULTAN,0,2021-05-24
2021,22,CHAH SULTAN,0,2021-05-31
2021,23,CHAH SULTAN,0,2021-06-07
2021,24,CHAH SULTAN,0,2021-06-14
2021,25,CHAH SULTAN,0,2021-06-21
2021,26,CHAH SULTAN,0,2021-06-28
2021,27,CHAH SULTAN,0,2021-07-05
2021,28,CHAH SULTAN,0,2021-07-12
2021,29,CHAH SULTAN,0,2021-07-19
2021,30,CHAH SULTAN,0,2021-07-26
2021,31,CHAH SULTAN,0,2021-08-02
2021,32,CHAH SULTAN,0,2021-08-09
2021,33,CHAH SULTAN,0,2021-08-16
2021,34,CHAH SULTAN,0,2021-08-23
2021,35,CHAH SULTAN,0,2021-08-30
2021,36,CHAH SULTAN,0,2021-09-06
2021,37,CHAH SULTAN,0,2021-09-13
2021,38,CHAH SULTAN,0,2021-09-20
2021,39,CHAH SULTAN,0,2021-09-27
2021,40,CHAH SULTAN,4,2021-10-04
2021,41,CHAH SULTAN,0,2021-10-11
2021,42,CHAH SULTAN,0,2021-10-18
2021,43,CHAH SULTAN,0,2021-10-25
2021,44,CHAH SULTAN,3,2021-11-01
2021,45,CHAH SULTAN,0,2021-11-08
2021,46,CHAH SULTAN,0,2021-11-15
2021,47,CHAH SULTAN,0,2021-11-22
2021,48,CHAH SULTAN,0,2021-11-29
2021,49,CHAH SULTAN,0,2021-12-06
2021,50,CHAH SULTAN,0,2021-12-13
2021,51,CHAH SULTAN,0,2021-12-20
2021,52,CHAH SULTAN,0,2021-12-27
2022,1,CHAH SULTAN,0,2022-01-03
2022,2,CHAH SULTAN,0,2022-01-10
2022,3,CHAH SULTAN,0,2022-01-17
2022,4,CHAH SULTAN,0,2022-01-24
2022,5,CHAH SULTAN,0,2022-01-31
2022,6,CHAH SULTAN,0,2022-02-07
2022,7,CHAH SULTAN,0,2022-02-14
2022,8,CHAH SULTAN,0,2022-02-21
2022,9,CHAH SULTAN,0,2022-02-28
2022,10,CHAH SULTAN,0,2022-03-07
2022,11,CHAH SULTAN,0,2022-03-14
2022,12,CHAH SULTAN,0,2022-03-21
2022,13,CHAH SULTAN,0,2022-03-28
2022,14,CHAH SULTAN,0,2022-04-04
2022,15,CHAH SULTAN,0,2022-04-11
2022,16,CHAH SULTAN,0,2022-04-18
2022,17,CHAH SULTAN,0,2022-04-25
2022,18,CHAH SULTAN,0,2022-05-02
2022,19,CHAH SULTAN,0,2022-05-09
2022,20,CHAH SULTAN,0,2022-05-16
2022,21,CHAH SULTAN,0,2022-05-23
2022,22,CHAH SULTAN,0,2022-05-30
2022,23,CHAH SULTAN,0,2022-06-06
2022,24,CHAH SULTAN,0,2022-06-13
2022,25,CHAH SULTAN,0,2022-06-20
2022,26,CHAH SULTAN,0,2022-06-27
2022,27,CHAH SULTAN,0,2022-07-04
2022,28,CHAH SULTAN,0,2022-07-11
2022,29,CHAH SULTAN,0,2022-07-18
2022,30,CHAH SULTAN,0,2022-07-25
2022,31,CHAH SULTAN,0,2022-08-01
2022,32,CHAH SULTAN,0,2022-08-08
2022,33,CHAH SULTAN,0,2022-08-15
2022,34,CHAH SULTAN,0,2022-08-22
2022,35,CHAH SULTAN,0,2022-08-29
2022,36,CHAH SULTAN,0,2022-09-05
2022,37,CHAH SULTAN,1,2022-09-12
2022,38,CHAH SULTAN,1,2022-09-19
2022,39,CHAH SULTAN,0,2022-09-26
2022,40,CHAH SULTAN,5,2022-10-03
2022,41,CHAH SULTAN,2,2022-10-10
2022,42,CHAH SULTAN,0,2022-10-17
2022,43,CHAH SULTAN,1,2022-10-24
2022,44,CHAH SULTAN,0,2022-10-31
2022,45,CHAH SULTAN,0,2022-11-07
2022,46,CHAH SULTAN,1,2022-11-14
2022,47,CHAH SULTAN,0,2022-11-21
2022,48,CHAH SULTAN,0,2022-11-28
2022,49,CHAH SULTAN,0,2022-12-05
2022,50,CHAH SULTAN,0,2022-12-12
2022,51,CHAH SULTAN,0,2022-12-19
2022,52,CHAH SULTAN,0,2022-12-26
2023,1,CHAH SULTAN,0,2023-01-02
2023,2,CHAH SULTAN,0,2023-01-09
2023,3,CHAH SULTAN,0,2023-01-16
2023,4,CHAH SULTAN,0,2023-01-23
2023,5,CHAH SULTAN,0,2023-01-30
2023,6,CHAH SULTAN,0,2023-02-06
2023,7,CHAH SULTAN,0,2023-02-13
2023,8,CHAH SULTAN,0,2023-02-20
2023,9,CHAH SULTAN,0,2023-02-27
2023,10,CHAH SULTAN,0,2023-03-06
2023,11,CHAH SULTAN,0,2023-03-13
2023,12,CHAH SULTAN,0,2023-03-20
2023,13,CHAH SULTAN,0,2023-03-27
2023,14,CHAH SULTAN,0,2023-04-03
2023,15,CHAH SULTAN,0,2023-04-10
2023,16,CHAH SULTAN,0,2023-04-17
2023,17,CHAH SULTAN,0,2023-04-24
2023,18,CHAH SULTAN,0,2023-05-01
2023,19,CHAH SULTAN,0,2023-05-08
2023,20,CHAH SULTAN,0,2023-05-15
2023,21,CHAH SULTAN,0,2023-05-22
2023,22,CHAH SULTAN,0,2023-05-29
2023,23,CHAH SULTAN,0,2023-06-05
2023,24,CHAH SULTAN,0,2023-06-12
2023,25,CHAH SULTAN,0,2023-06-19
2023,26,CHAH SULTAN,0,2023-06-26
2023,27,CHAH SULTAN,0,2023-07-03
2023,28,CHAH SULTAN,0,2023-07-10
2023,29,CHAH SULTAN,0,2023-07-17
2023,30,CHAH SULTAN,0,2023-07-24
2023,31,CHAH SULTAN,0,2023-07-31
2023,32,CHAH SULTAN,0,2023-08-07
2023,33,CHAH SULTAN,0,2023-08-14
2023,34,CHAH SULTAN,0,2023-08-21
2023,35,CHAH SULTAN,0,2023-08-28
2023,36,CHAH SULTAN,0,2023-09-04
2023,37,CHAH SULTAN,2,2023-09-11
2023,38,CHAH SULTAN,0,2023-09-18
2023,39,CHAH SULTAN,1,2023-09-25
2023,40,CHAH SULTAN,2,2023-10-02
2023,41,CHAH SULTAN,0,2023-10-09
2023,42,CHAH SULTAN,0,2023-10-16
2023,43,CHAH SULTAN,0,2023-10-23
2023,44,CHAH SULTAN,1,2023-10-30
2023,45,CHAH SULTAN,2,2023-11-06
2023,46,CHAH SULTAN,2,2023-11-13
2023,47,CHAH SULTAN,0,2023-11-20
2023,48,CHAH SULTAN,1,2023-11-27
2023,49,CHAH SULTAN,0,2023-12-04
2023,50,CHAH SULTAN,0,2023-12-11
2023,51,CHAH SULTAN,0,2023-12-18
2023,52,CHAH SULTAN,0,2023-12-25
2024,1,CHAH SULTAN,0,2024-01-01
2024,2,CHAH SULTAN,0,2024-01-08
2024,3,CHAH SULTAN,0,2024-01-15
2024,4,CHAH SULTAN,0,2024-01-22
2024,5,CHAH SULTAN,0,2024-01-29
2024,6,CHAH SULTAN,0,2024-02-05
2024,7,CHAH SULTAN,0,2024-02-12
2024,8,CHAH SULTAN,0,2024-02-19
2024,9,CHAH SULTAN,0,2024-02-26
2024,10,CHAH SULTAN,0,2024-03-04
2024,11,CHAH SULTAN,0,2024-03-11
2024,12,CHAH SULTAN,0,2024-03-18
2024,13,CHAH SULTAN,0,2024-03-25
2024,14,CHAH SULTAN,0,2024-04-01
2024,15,CHAH SULTAN,0,2024-04-08
2024,16,CHAH SULTAN,0,2024-04-15
2024,17,CHAH SULTAN,0,2024-04-22
2024,18,CHAH SULTAN,0,2024-04-29
2024,19,CHAH SULTAN,0,2024-05-06
2024,20,CHAH SULTAN,0,2024-05-13
2024,21,CHAH SULTAN,0,2024-05-20
2024,22,CHAH SULTAN,0,2024-05-27
2024,23,CHAH SULTAN,0,2024-06-03
2024,24,CHAH SULTAN,0,2024-06-10
2024,25,CHAH SULTAN,0,2024-06-17
2024,26,CHAH SULTAN,0,2024-06-24
2024,27,CHAH SULTAN,0,2024-07-01
2024,28,CHAH SULTAN,0,2024-07-08
2024,29,CHAH SULTAN,0,2024-07-15
2024,30,CHAH SULTAN,0,2024-07-22
2024,31,CHAH SULTAN,0,2024-07-29
2024,32,CHAH SULTAN,0,2024-08-05
2024,33,CHAH SULTAN,0,2024-08-12
2024,34,CHAH SULTAN,0,2024-08-19
2024,35,CHAH SULTAN,0,2024-08-26
2024,36,CHAH SULTAN,0,2024-09-02
2024,37,CHAH SULTAN,0,2024-09-09
2024,38,CHAH SULTAN,0,2024-09-16
2024,39,CHAH SULTAN,2,2024-09-23
2024,40,CHAH SULTAN,2,2024-09-30
2024,41,CHAH SULTAN,4,2024-10-07
2024,42,CHAH SULTAN,1,2024-10-14
2024,43,CHAH SULTAN,1,2024-10-21
2024,44,CHAH SULTAN,4,2024-10-28
2024,45,CHAH SULTAN,2,2024-11-04
2024,46,CHAH SULTAN,0,2024-11-11
2024,47,CHAH SULTAN,1,2024-11-18
2024,48,CHAH SULTAN,0,2024-11-25
2024,49,CHAH SULTAN,0,2024-12-02
2024,50,CHAH SULTAN,0,2024-12-09
2024,51,CHAH SULTAN,0,2024-12-16
2024,52,CHAH SULTAN,0,2024-12-23
2021,1,CHAHAN,0,2021-01-04
2021,2,CHAHAN,0,2021-01-11
2021,3,CHAHAN,0,2021-01-18
2021,4,CHAHAN,0,2021-01-25
2021,5,CHAHAN,0,2021-02-01
2021,6,CHAHAN,0,2021-02-08
2021,7,CHAHAN,0,2021-02-15
2021,8,CHAHAN,0,2021-02-22
2021,9,CHAHAN,0,2021-03-01
2021,10,CHAHAN,0,2021-03-08
2021,11,CHAHAN,0,2021-03-15
2021,12,CHAHAN,0,2021-03-22
2021,13,CHAHAN,0,2021-03-29
2021,14,CHAHAN,0,2021-04-05
2021,15,CHAHAN,0,2021-04-12
2021,16,CHAHAN,0,2021-04-19
2021,17,CHAHAN,0,2021-04-26
2021,18,CHAHAN,0,2021-05-03
2021,19,CHAHAN,0,2021-05-10
2021,20,CHAHAN,0,2021-05-17
2021,21,CHAHAN,0,2021-05-24
2021,22,CHAHAN,0,2021-05-31
2021,23,CHAHAN,0,2021-06-07
2021,24,CHAHAN,0,2021-06-14
2021,25,CHAHAN,0,2021-06-21
2021,26,CHAHAN,0,2021-06-28
2021,27,CHAHAN,0,2021-07-05
2021,28,CHAHAN,0,2021-07-12
2021,29,CHAHAN,0,2021-07-19
2021,30,CHAHAN,0,2021-07-26
2021,31,CHAHAN,0,2021-08-02
2021,32,CHAHAN,0,2021-08-09
2021,33,CHAHAN,0,2021-08-16
2021,34,CHAHAN,0,2021-08-23
2021,35,CHAHAN,0,2021-08-30
2021,36,CHAHAN,0,2021-09-06
2021,37,CHAHAN,0,2021-09-13
2021,38,CHAHAN,0,2021-09-20
2021,39,CHAHAN,0,2021-09-27
2021,40,CHAHAN,0,2021-10-04
2021,41,CHAHAN,0,2021-10-11
2021,42,CHAHAN,0,2021-10-18
2021,43,CHAHAN,1,2021-10-25
2021,44,CHAHAN,0,2021-11-01
2021,45,CHAHAN,0,2021-11-08
2021,46,CHAHAN,0,2021-11-15
2021,47,CHAHAN,0,2021-11-22
2021,48,CHAHAN,0,2021-11-29
2021,49,CHAHAN,0,2021-12-06
2021,50,CHAHAN,0,2021-12-13
2021,51,CHAHAN,0,2021-12-20
2021,52,CHAHAN,0,2021-12-27
2022,1,CHAHAN,0,2022-01-03
2022,2,CHAHAN,0,2022-01-10
2022,3,CHAHAN,0,2022-01-17
2022,4,CHAHAN,0,2022-01-24
2022,5,CHAHAN,0,2022-01-31
2022,6,CHAHAN,0,2022-02-07
2022,7,CHAHAN,0,2022-02-14
2022,8,CHAHAN,0,2022-02-21
2022,9,CHAHAN,0,2022-02-28
2022,10,CHAHAN,0,2022-03-07
2022,11,CHAHAN,0,2022-03-14
2022,12,CHAHAN,0,2022-03-21
2022,13,CHAHAN,0,2022-03-28
2022,14,CHAHAN,0,2022-04-04
2022,15,CHAHAN,0,2022-04-11
2022,16,CHAHAN,0,2022-04-18
2022,17,CHAHAN,0,2022-04-25
2022,18,CHAHAN,0,2022-05-02
2022,19,CHAHAN,0,2022-05-09
2022,20,CHAHAN,0,2022-05-16
2022,21,CHAHAN,0,2022-05-23
2022,22,CHAHAN,0,2022-05-30
2022,23,CHAHAN,0,2022-06-06
2022,24,CHAHAN,0,2022-06-13
2022,25,CHAHAN,0,2022-06-20
2022,26,CHAHAN,0,2022-06-27
2022,27,CHAHAN,0,2022-07-04
2022,28,CHAHAN,0,2022-07-11
2022,29,CHAHAN,0,2022-07-18
2022,30,CHAHAN,0,2022-07-25
2022,31,CHAHAN,0,2022-08-01
2022,32,CHAHAN,0,2022-08-08
2022,33,CHAHAN,0,2022-08-15
2022,34,CHAHAN,0,2022-08-22
2022,35,CHAHAN,0,2022-08-29
2022,36,CHAHAN,0,2022-09-05
2022,37,CHAHAN,1,2022-09-12
2022,38,CHAHAN,1,2022-09-19
2022,39,CHAHAN,1,2022-09-26
2022,40,CHAHAN,0,2022-10-03
2022,41,CHAHAN,0,2022-10-10
2022,42,CHAHAN,0,2022-10-17
2022,43,CHAHAN,0,2022-10-24
2022,44,CHAHAN,2,2022-10-31
2022,45,CHAHAN,0,2022-11-07
2022,46,CHAHAN,0,2022-11-14
2022,47,CHAHAN,0,2022-11-21
2022,48,CHAHAN,0,2022-11-28
2022,49,CHAHAN,0,2022-12-05
2022,50,CHAHAN,0,2022-12-12
2022,51,CHAHAN,0,2022-12-19
2022,52,CHAHAN,0,2022-12-26
2023,1,CHAHAN,0,2023-01-02
2023,2,CHAHAN,0,2023-01-09
2023,3,CHAHAN,0,2023-01-16
2023,4,CHAHAN,0,2023-01-23
2023,5,CHAHAN,0,2023-01-30
2023,6,CHAHAN,0,2023-02-06
2023,7,CHAHAN,0,2023-02-13
2023,8,CHAHAN,0,2023-02-20
2023,9,CHAHAN,0,2023-02-27
2023,10,CHAHAN,0,2023-03-06
2023,11,CHAHAN,0,2023-03-13
2023,12,CHAHAN,0,2023-03-20
2023,13,CHAHAN,0,2023-03-27
2023,14,CHAHAN,0,2023-04-03
2023,15,CHAHAN,0,2023-04-10
2023,16,CHAHAN,0,2023-04-17
2023,17,CHAHAN,0,2023-04-24
2023,18,CHAHAN,0,2023-05-01
2023,19,CHAHAN,0,2023-05-08
2023,20,CHAHAN,0,2023-05-15
2023,21,CHAHAN,0,2023-05-22
2023,22,CHAHAN,0,2023-05-29
2023,23,CHAHAN,0,2023-06-05
2023,24,CHAHAN,0,2023-06-12
2023,25,CHAHAN,1,2023-06-19
2023,26,CHAHAN,0,2023-06-26
2023,27,CHAHAN,0,2023-07-03
2023,28,CHAHAN,0,2023-07-10
2023,29,CHAHAN,0,2023-07-17
2023,30,CHAHAN,0,2023-07-24
2023,31,CHAHAN,0,2023-07-31
2023,32,CHAHAN,0,2023-08-07
2023,33,CHAHAN,0,2023-08-14
2023,34,CHAHAN,0,2023-08-21
2023,35,CHAHAN,0,2023-08-28
2023,36,CHAHAN,2,2023-09-04
2023,37,CHAHAN,0,2023-09-11
2023,38,CHAHAN,1,2023-09-18
2023,39,CHAHAN,2,2023-09-25
2023,40,CHAHAN,0,2023-10-02
2023,41,CHAHAN,1,2023-10-09
2023,42,CHAHAN,0,2023-10-16
2023,43,CHAHAN,0,2023-10-23
2023,44,CHAHAN,0,2023-10-30
2023,45,CHAHAN,0,2023-11-06
2023,46,CHAHAN,0,2023-11-13
2023,47,CHAHAN,0,2023-11-20
2023,48,CHAHAN,0,2023-11-27
2023,49,CHAHAN,0,2023-12-04
2023,50,CHAHAN,0,2023-12-11
2023,51,CHAHAN,0,2023-12-18
2023,52,CHAHAN,0,2023-12-25
2024,1,CHAHAN,0,2024-01-01
2024,2,CHAHAN,0,2024-01-08
2024,3,CHAHAN,0,2024-01-15
2024,4,CHAHAN,0,2024-01-22
2024,5,CHAHAN,0,2024-01-29
2024,6,CHAHAN,0,2024-02-05
2024,7,CHAHAN,0,2024-02-12
2024,8,CHAHAN,0,2024-02-19
2024,9,CHAHAN,0,2024-02-26
2024,10,CHAHAN,0,2024-03-04
2024,11,CHAHAN,0,2024-03-11
2024,12,CHAHAN,0,2024-03-18
2024,13,CHAHAN,0,2024-03-25
2024,14,CHAHAN,0,2024-04-01
2024,15,CHAHAN,0,2024-04-08
2024,16,CHAHAN,0,2024-04-15
2024,17,CHAHAN,0,2024-04-22
2024,18,CHAHAN,0,2024-04-29
2024,19,CHAHAN,0,2024-05-06
2024,20,CHAHAN,0,2024-05-13
2024,21,CHAHAN,0,2024-05-20
2024,22,CHAHAN,0,2024-05-27
2024,23,CHAHAN,0,2024-06-03
2024,24,CHAHAN,0,2024-06-10
2024,25,CHAHAN,0,2024-06-17
2024,26,CHAHAN,0,2024-06-24
2024,27,CHAHAN,0,2024-07-01
2024,28,CHAHAN,0,2024-07-08
2024,29,CHAHAN,0,2024-07-15
2024,30,CHAHAN,0,2024-07-22
2024,31,CHAHAN,0,2024-07-29
2024,32,CHAHAN,0,2024-08-05
2024,33,CHAHAN,0,2024-08-12
2024,34,CHAHAN,0,2024-08-19
2024,35,CHAHAN,0,2024-08-26
2024,36,CHAHAN,0,2024-09-02
2024,37,CHAHAN,1,2024-09-09
2024,38,CHAHAN,0,2024-09-16
2024,39,CHAHAN,0,2024-09-23
2024,40,CHAHAN,0,2024-09-30
2024,41,CHAHAN,2,2024-10-07
2024,42,CHAHAN,1,2024-10-14
2024,43,CHAHAN,0,2024-10-21
2024,44,CHAHAN,0,2024-10-28
2024,45,CHAHAN,1,2024-11-04
2024,46,CHAHAN,0,2024-11-11
2024,47,CHAHAN,0,2024-11-18
2024,48,CHAHAN,0,2024-11-25
2024,49,CHAHAN,0,2024-12-02
2024,50,CHAHAN,0,2024-12-09
2024,51,CHAHAN,0,2024-12-16
2024,52,CHAHAN,0,2024-12-23
2021,1,CHAK BELI KHAN,0,2021-01-04
2021,2,CHAK BELI KHAN,0,2021-01-11
2021,3,CHAK BELI KHAN,0,2021-01-18
2021,4,CHAK BELI KHAN,0,2021-01-25
2021,5,CHAK BELI KHAN,0,2021-02-01
2021,6,CHAK BELI KHAN,0,2021-02-08
2021,7,CHAK BELI KHAN,0,2021-02-15
2021,8,CHAK BELI KHAN,0,2021-02-22
2021,9,CHAK BELI KHAN,0,2021-03-01
2021,10,CHAK BELI KHAN,0,2021-03-08
2021,11,CHAK BELI KHAN,0,2021-03-15
2021,12,CHAK BELI KHAN,0,2021-03-22
2021,13,CHAK BELI KHAN,0,2021-03-29
2021,14,CHAK BELI KHAN,0,2021-04-05
2021,15,CHAK BELI KHAN,0,2021-04-12
2021,16,CHAK BELI KHAN,0,2021-04-19
2021,17,CHAK BELI KHAN,0,2021-04-26
2021,18,CHAK BELI KHAN,0,2021-05-03
2021,19,CHAK BELI KHAN,0,2021-05-10
2021,20,CHAK BELI KHAN,0,2021-05-17
2021,21,CHAK BELI KHAN,0,2021-05-24
2021,22,CHAK BELI KHAN,0,2021-05-31
2021,23,CHAK BELI KHAN,0,2021-06-07
2021,24,CHAK BELI KHAN,0,2021-06-14
2021,25,CHAK BELI KHAN,0,2021-06-21
2021,26,CHAK BELI KHAN,0,2021-06-28
2021,27,CHAK BELI KHAN,0,2021-07-05
2021,28,CHAK BELI KHAN,0,2021-07-12
2021,29,CHAK BELI KHAN,0,2021-07-19
2021,30,CHAK BELI KHAN,0,2021-07-26
2021,31,CHAK BELI KHAN,0,2021-08-02
2021,32,CHAK BELI KHAN,0,2021-08-09
2021,33,CHAK BELI KHAN,0,2021-08-16
2021,34,CHAK BELI KHAN,0,2021-08-23
2021,35,CHAK BELI KHAN,0,2021-08-30
2021,36,CHAK BELI KHAN,0,2021-09-06
2021,37,CHAK BELI KHAN,0,2021-09-13
2021,38,CHAK BELI KHAN,0,2021-09-20
2021,39,CHAK BELI KHAN,0,2021-09-27
2021,40,CHAK BELI KHAN,0,2021-10-04
2021,41,CHAK BELI KHAN,0,2021-10-11
2021,42,CHAK BELI KHAN,0,2021-10-18
2021,43,CHAK BELI KHAN,0,2021-10-25
2021,44,CHAK BELI KHAN,1,2021-11-01
2021,45,CHAK BELI KHAN,0,2021-11-08
2021,46,CHAK BELI KHAN,0,2021-11-15
2021,47,CHAK BELI KHAN,0,2021-11-22
2021,48,CHAK BELI KHAN,0,2021-11-29
2021,49,CHAK BELI KHAN,0,2021-12-06
2021,50,CHAK BELI KHAN,0,2021-12-13
2021,51,CHAK BELI KHAN,0,2021-12-20
2021,52,CHAK BELI KHAN,0,2021-12-27
2022,1,CHAK BELI KHAN,0,2022-01-03
2022,2,CHAK BELI KHAN,0,2022-01-10
2022,3,CHAK BELI KHAN,0,2022-01-17
2022,4,CHAK BELI KHAN,0,2022-01-24
2022,5,CHAK BELI KHAN,0,2022-01-31
2022,6,CHAK BELI KHAN,0,2022-02-07
2022,7,CHAK BELI KHAN,0,2022-02-14
2022,8,CHAK BELI KHAN,0,2022-02-21
2022,9,CHAK BELI KHAN,0,2022-02-28
2022,10,CHAK BELI KHAN,0,2022-03-07
2022,11,CHAK BELI KHAN,0,2022-03-14
2022,12,CHAK BELI KHAN,0,2022-03-21
2022,13,CHAK BELI KHAN,0,2022-03-28
2022,14,CHAK BELI KHAN,0,2022-04-04
2022,15,CHAK BELI KHAN,0,2022-04-11
2022,16,CHAK BELI KHAN,0,2022-04-18
2022,17,CHAK BELI KHAN,0,2022-04-25
2022,18,CHAK BELI KHAN,0,2022-05-02
2022,19,CHAK BELI KHAN,0,2022-05-09
2022,20,CHAK BELI KHAN,0,2022-05-16
2022,21,CHAK BELI KHAN,0,2022-05-23
2022,22,CHAK BELI KHAN,0,2022-05-30
2022,23,CHAK BELI KHAN,0,2022-06-06
2022,24,CHAK BELI KHAN,0,2022-06-13
2022,25,CHAK BELI KHAN,0,2022-06-20
2022,26,CHAK BELI KHAN,0,2022-06-27
2022,27,CHAK BELI KHAN,0,2022-07-04
2022,28,CHAK BELI KHAN,0,2022-07-11
2022,29,CHAK BELI KHAN,0,2022-07-18
2022,30,CHAK BELI KHAN,0,2022-07-25
2022,31,CHAK BELI KHAN,0,2022-08-01
2022,32,CHAK BELI KHAN,0,2022-08-08
2022,33,CHAK BELI KHAN,0,2022-08-15
2022,34,CHAK BELI KHAN,3,2022-08-22
2022,35,CHAK BELI KHAN,1,2022-08-29
2022,36,CHAK BELI KHAN,1,2022-09-05
2022,37,CHAK BELI KHAN,2,2022-09-12
2022,38,CHAK BELI KHAN,1,2022-09-19
2022,39,CHAK BELI KHAN,0,2022-09-26
2022,40,CHAK BELI KHAN,4,2022-10-03
2022,41,CHAK BELI KHAN,2,2022-10-10
2022,42,CHAK BELI KHAN,0,2022-10-17
2022,43,CHAK BELI KHAN,0,2022-10-24
2022,44,CHAK BELI KHAN,1,2022-10-31
2022,45,CHAK BELI KHAN,0,2022-11-07
2022,46,CHAK BELI KHAN,0,2022-11-14
2022,47,CHAK BELI KHAN,1,2022-11-21
2022,48,CHAK BELI KHAN,0,2022-11-28
2022,49,CHAK BELI KHAN,0,2022-12-05
2022,50,CHAK BELI KHAN,0,2022-12-12
2022,51,CHAK BELI KHAN,0,2022-12-19
2022,52,CHAK BELI KHAN,0,2022-12-26
2023,1,CHAK BELI KHAN,0,2023-01-02
2023,2,CHAK BELI KHAN,0,2023-01-09
2023,3,CHAK BELI KHAN,0,2023-01-16
2023,4,CHAK BELI KHAN,0,2023-01-23
2023,5,CHAK BELI KHAN,0,2023-01-30
2023,6,CHAK BELI KHAN,0,2023-02-06
2023,7,CHAK BELI KHAN,0,2023-02-13
2023,8,CHAK BELI KHAN,0,2023-02-20
2023,9,CHAK BELI KHAN,0,2023-02-27
2023,10,CHAK BELI KHAN,0,2023-03-06
2023,11,CHAK BELI KHAN,0,2023-03-13
2023,12,CHAK BELI KHAN,0,2023-03-20
2023,13,CHAK BELI KHAN,0,2023-03-27
2023,14,CHAK BELI KHAN,0,2023-04-03
2023,15,CHAK BELI KHAN,0,2023-04-10
2023,16,CHAK BELI KHAN,0,2023-04-17
2023,17,CHAK BELI KHAN,0,2023-04-24
2023,18,CHAK BELI KHAN,0,2023-05-01
2023,19,CHAK BELI KHAN,0,2023-05-08
2023,20,CHAK BELI KHAN,0,2023-05-15
2023,21,CHAK BELI KHAN,0,2023-05-22
2023,22,CHAK BELI KHAN,0,2023-05-29
2023,23,CHAK BELI KHAN,0,2023-06-05
2023,24,CHAK BELI KHAN,0,2023-06-12
2023,25,CHAK BELI KHAN,0,2023-06-19
2023,26,CHAK BELI KHAN,0,2023-06-26
2023,27,CHAK BELI KHAN,0,2023-07-03
2023,28,CHAK BELI KHAN,0,2023-07-10
2023,29,CHAK BELI KHAN,0,2023-07-17
2023,30,CHAK BELI KHAN,0,2023-07-24
2023,31,CHAK BELI KHAN,0,2023-07-31
2023,32,CHAK BELI KHAN,0,2023-08-07
2023,33,CHAK BELI KHAN,0,2023-08-14
2023,34,CHAK BELI KHAN,0,2023-08-21
2023,35,CHAK BELI KHAN,0,2023-08-28
2023,36,CHAK BELI KHAN,0,2023-09-04
2023,37,CHAK BELI KHAN,0,2023-09-11
2023,38,CHAK BELI KHAN,0,2023-09-18
2023,39,CHAK BELI KHAN,1,2023-09-25
2023,40,CHAK BELI KHAN,0,2023-10-02
2023,41,CHAK BELI KHAN,0,2023-10-09
2023,42,CHAK BELI KHAN,0,2023-10-16
2023,43,CHAK BELI KHAN,0,2023-10-23
2023,44,CHAK BELI KHAN,0,2023-10-30
2023,45,CHAK BELI KHAN,0,2023-11-06
2023,46,CHAK BELI KHAN,0,2023-11-13
2023,47,CHAK BELI KHAN,0,2023-11-20
2023,48,CHAK BELI KHAN,0,2023-11-27
2023,49,CHAK BELI KHAN,0,2023-12-04
2023,50,CHAK BELI KHAN,0,2023-12-11
2023,51,CHAK BELI KHAN,0,2023-12-18
2023,52,CHAK BELI KHAN,0,2023-12-25
2024,1,CHAK BELI KHAN,0,2024-01-01
2024,2,CHAK BELI KHAN,0,2024-01-08
2024,3,CHAK BELI KHAN,0,2024-01-15
2024,4,CHAK BELI KHAN,0,2024-01-22
2024,5,CHAK BELI KHAN,0,2024-01-29
2024,6,CHAK BELI KHAN,0,2024-02-05
2024,7,CHAK BELI KHAN,0,2024-02-12
2024,8,CHAK BELI KHAN,0,2024-02-19
2024,9,CHAK BELI KHAN,0,2024-02-26
2024,10,CHAK BELI KHAN,0,2024-03-04
2024,11,CHAK BELI KHAN,0,2024-03-11
2024,12,CHAK BELI KHAN,0,2024-03-18
2024,13,CHAK BELI KHAN,0,2024-03-25
2024,14,CHAK BELI KHAN,0,2024-04-01
2024,15,CHAK BELI KHAN,0,2024-04-08
2024,16,CHAK BELI KHAN,0,2024-04-15
2024,17,CHAK BELI KHAN,0,2024-04-22
2024,18,CHAK BELI KHAN,0,2024-04-29
2024,19,CHAK BELI KHAN,0,2024-05-06
2024,20,CHAK BELI KHAN,0,2024-05-13
2024,21,CHAK BELI KHAN,0,2024-05-20
2024,22,CHAK BELI KHAN,0,2024-05-27
2024,23,CHAK BELI KHAN,0,2024-06-03
2024,24,CHAK BELI KHAN,0,2024-06-10
2024,25,CHAK BELI KHAN,0,2024-06-17
2024,26,CHAK BELI KHAN,0,2024-06-24
2024,27,CHAK BELI KHAN,0,2024-07-01
2024,28,CHAK BELI KHAN,0,2024-07-08
2024,29,CHAK BELI KHAN,0,2024-07-15
2024,30,CHAK BELI KHAN,0,2024-07-22
2024,31,CHAK BELI KHAN,0,2024-07-29
2024,32,CHAK BELI KHAN,0,2024-08-05
2024,33,CHAK BELI KHAN,0,2024-08-12
2024,34,CHAK BELI KHAN,0,2024-08-19
2024,35,CHAK BELI KHAN,0,2024-08-26
2024,36,CHAK BELI KHAN,0,2024-09-02
2024,37,CHAK BELI KHAN,1,2024-09-09
2024,38,CHAK BELI KHAN,0,2024-09-16
2024,39,CHAK BELI KHAN,1,2024-09-23
2024,40,CHAK BELI KHAN,0,2024-09-30
2024,41,CHAK BELI KHAN,1,2024-10-07
2024,42,CHAK BELI KHAN,2,2024-10-14
2024,43,CHAK BELI KHAN,0,2024-10-21
2024,44,CHAK BELI KHAN,1,2024-10-28
2024,45,CHAK BELI KHAN,0,2024-11-04
2024,46,CHAK BELI KHAN,2,2024-11-11
2024,47,CHAK BELI KHAN,0,2024-11-18
2024,48,CHAK BELI KHAN,0,2024-11-25
2024,49,CHAK BELI KHAN,0,2024-12-02
2024,50,CHAK BELI KHAN,0,2024-12-09
2024,51,CHAK BELI KHAN,0,2024-12-16
2024,52,CHAK BELI KHAN,0,2024-12-23
2021,1,CHAK JALAL DIN,0,2021-01-04
2021,2,CHAK JALAL DIN,0,2021-01-11
2021,3,CHAK JALAL DIN,0,2021-01-18
2021,4,CHAK JALAL DIN,0,2021-01-25
2021,5,CHAK JALAL DIN,0,2021-02-01
2021,6,CHAK JALAL DIN,0,2021-02-08
2021,7,CHAK JALAL DIN,0,2021-02-15
2021,8,CHAK JALAL DIN,0,2021-02-22
2021,9,CHAK JALAL DIN,0,2021-03-01
2021,10,CHAK JALAL DIN,0,2021-03-08
2021,11,CHAK JALAL DIN,0,2021-03-15
2021,12,CHAK JALAL DIN,0,2021-03-22
2021,13,CHAK JALAL DIN,0,2021-03-29
2021,14,CHAK JALAL DIN,0,2021-04-05
2021,15,CHAK JALAL DIN,0,2021-04-12
2021,16,CHAK JALAL DIN,0,2021-04-19
2021,17,CHAK JALAL DIN,0,2021-04-26
2021,18,CHAK JALAL DIN,0,2021-05-03
2021,19,CHAK JALAL DIN,0,2021-05-10
2021,20,CHAK JALAL DIN,0,2021-05-17
2021,21,CHAK JALAL DIN,0,2021-05-24
2021,22,CHAK JALAL DIN,0,2021-05-31
2021,23,CHAK JALAL DIN,0,2021-06-07
2021,24,CHAK JALAL DIN,0,2021-06-14
2021,25,CHAK JALAL DIN,0,2021-06-21
2021,26,CHAK JALAL DIN,0,2021-06-28
2021,27,CHAK JALAL DIN,0,2021-07-05
2021,28,CHAK JALAL DIN,0,2021-07-12
2021,29,CHAK JALAL DIN,0,2021-07-19
2021,30,CHAK JALAL DIN,0,2021-07-26
2021,31,CHAK JALAL DIN,0,2021-08-02
2021,32,CHAK JALAL DIN,0,2021-08-09
2021,33,CHAK JALAL DIN,0,2021-08-16
2021,34,CHAK JALAL DIN,0,2021-08-23
2021,35,CHAK JALAL DIN,0,2021-08-30
2021,36,CHAK JALAL DIN,0,2021-09-06
2021,37,CHAK JALAL DIN,2,2021-09-13
2021,38,CHAK JALAL DIN,3,2021-09-20
2021,39,CHAK JALAL DIN,16,2021-09-27
2021,40,CHAK JALAL DIN,17,2021-10-04
2021,41,CHAK JALAL DIN,30,2021-10-11
2021,42,CHAK JALAL DIN,27,2021-10-18
2021,43,CHAK JALAL DIN,34,2021-10-25
2021,44,CHAK JALAL DIN,22,2021-11-01
2021,45,CHAK JALAL DIN,14,2021-11-08
2021,46,CHAK JALAL DIN,6,2021-11-15
2021,47,CHAK JALAL DIN,5,2021-11-22
2021,48,CHAK JALAL DIN,0,2021-11-29
2021,49,CHAK JALAL DIN,0,2021-12-06
2021,50,CHAK JALAL DIN,0,2021-12-13
2021,51,CHAK JALAL DIN,0,2021-12-20
2021,52,CHAK JALAL DIN,0,2021-12-27
2022,1,CHAK JALAL DIN,0,2022-01-03
2022,2,CHAK JALAL DIN,0,2022-01-10
2022,3,CHAK JALAL DIN,0,2022-01-17
2022,4,CHAK JALAL DIN,0,2022-01-24
2022,5,CHAK JALAL DIN,0,2022-01-31
2022,6,CHAK JALAL DIN,0,2022-02-07
2022,7,CHAK JALAL DIN,0,2022-02-14
2022,8,CHAK JALAL DIN,0,2022-02-21
2022,9,CHAK JALAL DIN,0,2022-02-28
2022,10,CHAK JALAL DIN,0,2022-03-07
2022,11,CHAK JALAL DIN,0,2022-03-14
2022,12,CHAK JALAL DIN,0,2022-03-21
2022,13,CHAK JALAL DIN,0,2022-03-28
2022,14,CHAK JALAL DIN,0,2022-04-04
2022,15,CHAK JALAL DIN,0,2022-04-11
2022,16,CHAK JALAL DIN,0,2022-04-18
2022,17,CHAK JALAL DIN,0,2022-04-25
2022,18,CHAK JALAL DIN,0,2022-05-02
2022,19,CHAK JALAL DIN,1,2022-05-09
2022,20,CHAK JALAL DIN,0,2022-05-16
2022,21,CHAK JALAL DIN,0,2022-05-23
2022,22,CHAK JALAL DIN,0,2022-05-30
2022,23,CHAK JALAL DIN,0,2022-06-06
2022,24,CHAK JALAL DIN,0,2022-06-13
2022,25,CHAK JALAL DIN,0,2022-06-20
2022,26,CHAK JALAL DIN,0,2022-06-27
2022,27,CHAK JALAL DIN,0,2022-07-04
2022,28,CHAK JALAL DIN,0,2022-07-11
2022,29,CHAK JALAL DIN,0,2022-07-18
2022,30,CHAK JALAL DIN,0,2022-07-25
2022,31,CHAK JALAL DIN,0,2022-08-01
2022,32,CHAK JALAL DIN,0,2022-08-08
2022,33,CHAK JALAL DIN,0,2022-08-15
2022,34,CHAK JALAL DIN,2,2022-08-22
2022,35,CHAK JALAL DIN,3,2022-08-29
2022,36,CHAK JALAL DIN,1,2022-09-05
2022,37,CHAK JALAL DIN,17,2022-09-12
2022,38,CHAK JALAL DIN,10,2022-09-19
2022,39,CHAK JALAL DIN,20,2022-09-26
2022,40,CHAK JALAL DIN,22,2022-10-03
2022,41,CHAK JALAL DIN,22,2022-10-10
2022,42,CHAK JALAL DIN,11,2022-10-17
2022,43,CHAK JALAL DIN,19,2022-10-24
2022,44,CHAK JALAL DIN,4,2022-10-31
2022,45,CHAK JALAL DIN,12,2022-11-07
2022,46,CHAK JALAL DIN,3,2022-11-14
2022,47,CHAK JALAL DIN,3,2022-11-21
2022,48,CHAK JALAL DIN,0,2022-11-28
2022,49,CHAK JALAL DIN,0,2022-12-05
2022,50,CHAK JALAL DIN,0,2022-12-12
2022,51,CHAK JALAL DIN,0,2022-12-19
2022,52,CHAK JALAL DIN,0,2022-12-26
2023,1,CHAK JALAL DIN,0,2023-01-02
2023,2,CHAK JALAL DIN,0,2023-01-09
2023,3,CHAK JALAL DIN,0,2023-01-16
2023,4,CHAK JALAL DIN,0,2023-01-23
2023,5,CHAK JALAL DIN,0,2023-01-30
2023,6,CHAK JALAL DIN,0,2023-02-06
2023,7,CHAK JALAL DIN,0,2023-02-13
2023,8,CHAK JALAL DIN,0,2023-02-20
2023,9,CHAK JALAL DIN,0,2023-02-27
2023,10,CHAK JALAL DIN,0,2023-03-06
2023,11,CHAK JALAL DIN,0,2023-03-13
2023,12,CHAK JALAL DIN,0,2023-03-20
2023,13,CHAK JALAL DIN,0,2023-03-27
2023,14,CHAK JALAL DIN,0,2023-04-03
2023,15,CHAK JALAL DIN,0,2023-04-10
2023,16,CHAK JALAL DIN,0,2023-04-17
2023,17,CHAK JALAL DIN,0,2023-04-24
2023,18,CHAK JALAL DIN,0,2023-05-01
2023,19,CHAK JALAL DIN,0,2023-05-08
2023,20,CHAK JALAL DIN,0,2023-05-15
2023,21,CHAK JALAL DIN,0,2023-05-22
2023,22,CHAK JALAL DIN,0,2023-05-29
2023,23,CHAK JALAL DIN,0,2023-06-05
2023,24,CHAK JALAL DIN,0,2023-06-12
2023,25,CHAK JALAL DIN,0,2023-06-19
2023,26,CHAK JALAL DIN,0,2023-06-26
2023,27,CHAK JALAL DIN,0,2023-07-03
2023,28,CHAK JALAL DIN,0,2023-07-10
2023,29,CHAK JALAL DIN,0,2023-07-17
2023,30,CHAK JALAL DIN,0,2023-07-24
2023,31,CHAK JALAL DIN,0,2023-07-31
2023,32,CHAK JALAL DIN,0,2023-08-07
2023,33,CHAK JALAL DIN,0,2023-08-14
2023,34,CHAK JALAL DIN,0,2023-08-21
2023,35,CHAK JALAL DIN,1,2023-08-28
2023,36,CHAK JALAL DIN,0,2023-09-04
2023,37,CHAK JALAL DIN,2,2023-09-11
2023,38,CHAK JALAL DIN,0,2023-09-18
2023,39,CHAK JALAL DIN,2,2023-09-25
2023,40,CHAK JALAL DIN,3,2023-10-02
2023,41,CHAK JALAL DIN,2,2023-10-09
2023,42,CHAK JALAL DIN,2,2023-10-16
2023,43,CHAK JALAL DIN,2,2023-10-23
2023,44,CHAK JALAL DIN,1,2023-10-30
2023,45,CHAK JALAL DIN,1,2023-11-06
2023,46,CHAK JALAL DIN,1,2023-11-13
2023,47,CHAK JALAL DIN,0,2023-11-20
2023,48,CHAK JALAL DIN,0,2023-11-27
2023,49,CHAK JALAL DIN,0,2023-12-04
2023,50,CHAK JALAL DIN,0,2023-12-11
2023,51,CHAK JALAL DIN,0,2023-12-18
2023,52,CHAK JALAL DIN,0,2023-12-25
2024,1,CHAK JALAL DIN,0,2024-01-01
2024,2,CHAK JALAL DIN,0,2024-01-08
2024,3,CHAK JALAL DIN,0,2024-01-15
2024,4,CHAK JALAL DIN,0,2024-01-22
2024,5,CHAK JALAL DIN,0,2024-01-29
2024,6,CHAK JALAL DIN,0,2024-02-05
2024,7,CHAK JALAL DIN,0,2024-02-12
2024,8,CHAK JALAL DIN,0,2024-02-19
2024,9,CHAK JALAL DIN,0,2024-02-26
2024,10,CHAK JALAL DIN,0,2024-03-04
2024,11,CHAK JALAL DIN,0,2024-03-11
2024,12,CHAK JALAL DIN,0,2024-03-18
2024,13,CHAK JALAL DIN,0,2024-03-25
2024,14,CHAK JALAL DIN,0,2024-04-01
2024,15,CHAK JALAL DIN,0,2024-04-08
2024,16,CHAK JALAL DIN,0,2024-04-15
2024,17,CHAK JALAL DIN,0,2024-04-22
2024,18,CHAK JALAL DIN,0,2024-04-29
2024,19,CHAK JALAL DIN,0,2024-05-06
2024,20,CHAK JALAL DIN,0,2024-05-13
2024,21,CHAK JALAL DIN,0,2024-05-20
2024,22,CHAK JALAL DIN,0,2024-05-27
2024,23,CHAK JALAL DIN,0,2024-06-03
2024,24,CHAK JALAL DIN,0,2024-06-10
2024,25,CHAK JALAL DIN,0,2024-06-17
2024,26,CHAK JALAL DIN,2,2024-06-24
2024,27,CHAK JALAL DIN,0,2024-07-01
2024,28,CHAK JALAL DIN,1,2024-07-08
2024,29,CHAK JALAL DIN,0,2024-07-15
2024,30,CHAK JALAL DIN,0,2024-07-22
2024,31,CHAK JALAL DIN,0,2024-07-29
2024,32,CHAK JALAL DIN,0,2024-08-05
2024,33,CHAK JALAL DIN,2,2024-08-12
2024,34,CHAK JALAL DIN,0,2024-08-19
2024,35,CHAK JALAL DIN,1,2024-08-26
2024,36,CHAK JALAL DIN,0,2024-09-02
2024,37,CHAK JALAL DIN,1,2024-09-09
2024,38,CHAK JALAL DIN,0,2024-09-16
2024,39,CHAK JALAL DIN,10,2024-09-23
2024,40,CHAK JALAL DIN,25,2024-09-30
2024,41,CHAK JALAL DIN,34,2024-10-07
2024,42,CHAK JALAL DIN,31,2024-10-14
2024,43,CHAK JALAL DIN,40,2024-10-21
2024,44,CHAK JALAL DIN,42,2024-10-28
2024,45,CHAK JALAL DIN,21,2024-11-04
2024,46,CHAK JALAL DIN,10,2024-11-11
2024,47,CHAK JALAL DIN,10,2024-11-18
2024,48,CHAK JALAL DIN,4,2024-11-25
2024,49,CHAK JALAL DIN,1,2024-12-02
2024,50,CHAK JALAL DIN,1,2024-12-09
2024,51,CHAK JALAL DIN,0,2024-12-16
2024,52,CHAK JALAL DIN,0,2024-12-23
2021,1,CHAMAN ZAR COLONY,0,2021-01-04
2021,2,CHAMAN ZAR COLONY,0,2021-01-11
2021,3,CHAMAN ZAR COLONY,0,2021-01-18
2021,4,CHAMAN ZAR COLONY,0,2021-01-25
2021,5,CHAMAN ZAR COLONY,0,2021-02-01
2021,6,CHAMAN ZAR COLONY,0,2021-02-08
2021,7,CHAMAN ZAR COLONY,0,2021-02-15
2021,8,CHAMAN ZAR COLONY,0,2021-02-22
2021,9,CHAMAN ZAR COLONY,0,2021-03-01
2021,10,CHAMAN ZAR COLONY,0,2021-03-08
2021,11,CHAMAN ZAR COLONY,0,2021-03-15
2021,12,CHAMAN ZAR COLONY,0,2021-03-22
2021,13,CHAMAN ZAR COLONY,0,2021-03-29
2021,14,CHAMAN ZAR COLONY,0,2021-04-05
2021,15,CHAMAN ZAR COLONY,0,2021-04-12
2021,16,CHAMAN ZAR COLONY,0,2021-04-19
2021,17,CHAMAN ZAR COLONY,0,2021-04-26
2021,18,CHAMAN ZAR COLONY,0,2021-05-03
2021,19,CHAMAN ZAR COLONY,0,2021-05-10
2021,20,CHAMAN ZAR COLONY,0,2021-05-17
2021,21,CHAMAN ZAR COLONY,0,2021-05-24
2021,22,CHAMAN ZAR COLONY,0,2021-05-31
2021,23,CHAMAN ZAR COLONY,0,2021-06-07
2021,24,CHAMAN ZAR COLONY,0,2021-06-14
2021,25,CHAMAN ZAR COLONY,0,2021-06-21
2021,26,CHAMAN ZAR COLONY,0,2021-06-28
2021,27,CHAMAN ZAR COLONY,0,2021-07-05
2021,28,CHAMAN ZAR COLONY,0,2021-07-12
2021,29,CHAMAN ZAR COLONY,0,2021-07-19
2021,30,CHAMAN ZAR COLONY,0,2021-07-26
2021,31,CHAMAN ZAR COLONY,0,2021-08-02
2021,32,CHAMAN ZAR COLONY,0,2021-08-09
2021,33,CHAMAN ZAR COLONY,0,2021-08-16
2021,34,CHAMAN ZAR COLONY,0,2021-08-23
2021,35,CHAMAN ZAR COLONY,0,2021-08-30
2021,36,CHAMAN ZAR COLONY,0,2021-09-06
2021,37,CHAMAN ZAR COLONY,0,2021-09-13
2021,38,CHAMAN ZAR COLONY,0,2021-09-20
2021,39,CHAMAN ZAR COLONY,0,2021-09-27
2021,40,CHAMAN ZAR COLONY,0,2021-10-04
2021,41,CHAMAN ZAR COLONY,0,2021-10-11
2021,42,CHAMAN ZAR COLONY,0,2021-10-18
2021,43,CHAMAN ZAR COLONY,0,2021-10-25
2021,44,CHAMAN ZAR COLONY,0,2021-11-01
2021,45,CHAMAN ZAR COLONY,0,2021-11-08
2021,46,CHAMAN ZAR COLONY,0,2021-11-15
2021,47,CHAMAN ZAR COLONY,0,2021-11-22
2021,48,CHAMAN ZAR COLONY,0,2021-11-29
2021,49,CHAMAN ZAR COLONY,0,2021-12-06
2021,50,CHAMAN ZAR COLONY,0,2021-12-13
2021,51,CHAMAN ZAR COLONY,0,2021-12-20
2021,52,CHAMAN ZAR COLONY,0,2021-12-27
2022,1,CHAMAN ZAR COLONY,0,2022-01-03
2022,2,CHAMAN ZAR COLONY,0,2022-01-10
2022,3,CHAMAN ZAR COLONY,0,2022-01-17
2022,4,CHAMAN ZAR COLONY,0,2022-01-24
2022,5,CHAMAN ZAR COLONY,0,2022-01-31
2022,6,CHAMAN ZAR COLONY,0,2022-02-07
2022,7,CHAMAN ZAR COLONY,0,2022-02-14
2022,8,CHAMAN ZAR COLONY,0,2022-02-21
2022,9,CHAMAN ZAR COLONY,0,2022-02-28
2022,10,CHAMAN ZAR COLONY,0,2022-03-07
2022,11,CHAMAN ZAR COLONY,0,2022-03-14
2022,12,CHAMAN ZAR COLONY,0,2022-03-21
2022,13,CHAMAN ZAR COLONY,0,2022-03-28
2022,14,CHAMAN ZAR COLONY,0,2022-04-04
2022,15,CHAMAN ZAR COLONY,0,2022-04-11
2022,16,CHAMAN ZAR COLONY,0,2022-04-18
2022,17,CHAMAN ZAR COLONY,0,2022-04-25
2022,18,CHAMAN ZAR COLONY,0,2022-05-02
2022,19,CHAMAN ZAR COLONY,0,2022-05-09
2022,20,CHAMAN ZAR COLONY,0,2022-05-16
2022,21,CHAMAN ZAR COLONY,0,2022-05-23
2022,22,CHAMAN ZAR COLONY,0,2022-05-30
2022,23,CHAMAN ZAR COLONY,0,2022-06-06
2022,24,CHAMAN ZAR COLONY,0,2022-06-13
2022,25,CHAMAN ZAR COLONY,0,2022-06-20
2022,26,CHAMAN ZAR COLONY,0,2022-06-27
2022,27,CHAMAN ZAR COLONY,0,2022-07-04
2022,28,CHAMAN ZAR COLONY,0,2022-07-11
2022,29,CHAMAN ZAR COLONY,0,2022-07-18
2022,30,CHAMAN ZAR COLONY,0,2022-07-25
2022,31,CHAMAN ZAR COLONY,0,2022-08-01
2022,32,CHAMAN ZAR COLONY,0,2022-08-08
2022,33,CHAMAN ZAR COLONY,0,2022-08-15
2022,34,CHAMAN ZAR COLONY,0,2022-08-22
2022,35,CHAMAN ZAR COLONY,0,2022-08-29
2022,36,CHAMAN ZAR COLONY,0,2022-09-05
2022,37,CHAMAN ZAR COLONY,0,2022-09-12
2022,38,CHAMAN ZAR COLONY,0,2022-09-19
2022,39,CHAMAN ZAR COLONY,0,2022-09-26
2022,40,CHAMAN ZAR COLONY,0,2022-10-03
2022,41,CHAMAN ZAR COLONY,0,2022-10-10
2022,42,CHAMAN ZAR COLONY,0,2022-10-17
2022,43,CHAMAN ZAR COLONY,0,2022-10-24
2022,44,CHAMAN ZAR COLONY,0,2022-10-31
2022,45,CHAMAN ZAR COLONY,0,2022-11-07
2022,46,CHAMAN ZAR COLONY,0,2022-11-14
2022,47,CHAMAN ZAR COLONY,0,2022-11-21
2022,48,CHAMAN ZAR COLONY,0,2022-11-28
2022,49,CHAMAN ZAR COLONY,0,2022-12-05
2022,50,CHAMAN ZAR COLONY,0,2022-12-12
2022,51,CHAMAN ZAR COLONY,0,2022-12-19
2022,52,CHAMAN ZAR COLONY,0,2022-12-26
2023,1,CHAMAN ZAR COLONY,0,2023-01-02
2023,2,CHAMAN ZAR COLONY,0,2023-01-09
2023,3,CHAMAN ZAR COLONY,0,2023-01-16
2023,4,CHAMAN ZAR COLONY,0,2023-01-23
2023,5,CHAMAN ZAR COLONY,0,2023-01-30
2023,6,CHAMAN ZAR COLONY,0,2023-02-06
2023,7,CHAMAN ZAR COLONY,0,2023-02-13
2023,8,CHAMAN ZAR COLONY,0,2023-02-20
2023,9,CHAMAN ZAR COLONY,0,2023-02-27
2023,10,CHAMAN ZAR COLONY,0,2023-03-06
2023,11,CHAMAN ZAR COLONY,0,2023-03-13
2023,12,CHAMAN ZAR COLONY,0,2023-03-20
2023,13,CHAMAN ZAR COLONY,0,2023-03-27
2023,14,CHAMAN ZAR COLONY,0,2023-04-03
2023,15,CHAMAN ZAR COLONY,0,2023-04-10
2023,16,CHAMAN ZAR COLONY,0,2023-04-17
2023,17,CHAMAN ZAR COLONY,0,2023-04-24
2023,18,CHAMAN ZAR COLONY,0,2023-05-01
2023,19,CHAMAN ZAR COLONY,0,2023-05-08
2023,20,CHAMAN ZAR COLONY,0,2023-05-15
2023,21,CHAMAN ZAR COLONY,0,2023-05-22
2023,22,CHAMAN ZAR COLONY,0,2023-05-29
2023,23,CHAMAN ZAR COLONY,0,2023-06-05
2023,24,CHAMAN ZAR COLONY,0,2023-06-12
2023,25,CHAMAN ZAR COLONY,0,2023-06-19
2023,26,CHAMAN ZAR COLONY,0,2023-06-26
2023,27,CHAMAN ZAR COLONY,0,2023-07-03
2023,28,CHAMAN ZAR COLONY,0,2023-07-10
2023,29,CHAMAN ZAR COLONY,0,2023-07-17
2023,30,CHAMAN ZAR COLONY,0,2023-07-24
2023,31,CHAMAN ZAR COLONY,0,2023-07-31
2023,32,CHAMAN ZAR COLONY,0,2023-08-07
2023,33,CHAMAN ZAR COLONY,0,2023-08-14
2023,34,CHAMAN ZAR COLONY,0,2023-08-21
2023,35,CHAMAN ZAR COLONY,0,2023-08-28
2023,36,CHAMAN ZAR COLONY,0,2023-09-04
2023,37,CHAMAN ZAR COLONY,0,2023-09-11
2023,38,CHAMAN ZAR COLONY,0,2023-09-18
2023,39,CHAMAN ZAR COLONY,0,2023-09-25
2023,40,CHAMAN ZAR COLONY,0,2023-10-02
2023,41,CHAMAN ZAR COLONY,0,2023-10-09
2023,42,CHAMAN ZAR COLONY,0,2023-10-16
2023,43,CHAMAN ZAR COLONY,0,2023-10-23
2023,44,CHAMAN ZAR COLONY,0,2023-10-30
2023,45,CHAMAN ZAR COLONY,0,2023-11-06
2023,46,CHAMAN ZAR COLONY,0,2023-11-13
2023,47,CHAMAN ZAR COLONY,0,2023-11-20
2023,48,CHAMAN ZAR COLONY,0,2023-11-27
2023,49,CHAMAN ZAR COLONY,0,2023-12-04
2023,50,CHAMAN ZAR COLONY,0,2023-12-11
2023,51,CHAMAN ZAR COLONY,0,2023-12-18
2023,52,CHAMAN ZAR COLONY,0,2023-12-25
2024,1,CHAMAN ZAR COLONY,0,2024-01-01
2024,2,CHAMAN ZAR COLONY,0,2024-01-08
2024,3,CHAMAN ZAR COLONY,0,2024-01-15
2024,4,CHAMAN ZAR COLONY,0,2024-01-22
2024,5,CHAMAN ZAR COLONY,0,2024-01-29
2024,6,CHAMAN ZAR COLONY,0,2024-02-05
2024,7,CHAMAN ZAR COLONY,0,2024-02-12
2024,8,CHAMAN ZAR COLONY,0,2024-02-19
2024,9,CHAMAN ZAR COLONY,0,2024-02-26
2024,10,CHAMAN ZAR COLONY,0,2024-03-04
2024,11,CHAMAN ZAR COLONY,0,2024-03-11
2024,12,CHAMAN ZAR COLONY,0,2024-03-18
2024,13,CHAMAN ZAR COLONY,0,2024-03-25
2024,14,CHAMAN ZAR COLONY,0,2024-04-01
2024,15,CHAMAN ZAR COLONY,0,2024-04-08
2024,16,CHAMAN ZAR COLONY,0,2024-04-15
2024,17,CHAMAN ZAR COLONY,0,2024-04-22
2024,18,CHAMAN ZAR COLONY,0,2024-04-29
2024,19,CHAMAN ZAR COLONY,0,2024-05-06
2024,20,CHAMAN ZAR COLONY,0,2024-05-13
2024,21,CHAMAN ZAR COLONY,0,2024-05-20
2024,22,CHAMAN ZAR COLONY,0,2024-05-27
2024,23,CHAMAN ZAR COLONY,0,2024-06-03
2024,24,CHAMAN ZAR COLONY,0,2024-06-10
2024,25,CHAMAN ZAR COLONY,0,2024-06-17
2024,26,CHAMAN ZAR COLONY,0,2024-06-24
2024,27,CHAMAN ZAR COLONY,0,2024-07-01
2024,28,CHAMAN ZAR COLONY,0,2024-07-08
2024,29,CHAMAN ZAR COLONY,0,2024-07-15
2024,30,CHAMAN ZAR COLONY,0,2024-07-22
2024,31,CHAMAN ZAR COLONY,0,2024-07-29
2024,32,CHAMAN ZAR COLONY,0,2024-08-05
2024,33,CHAMAN ZAR COLONY,0,2024-08-12
2024,34,CHAMAN ZAR COLONY,0,2024-08-19
2024,35,CHAMAN ZAR COLONY,0,2024-08-26
2024,36,CHAMAN ZAR COLONY,0,2024-09-02
2024,37,CHAMAN ZAR COLONY,0,2024-09-09
2024,38,CHAMAN ZAR COLONY,0,2024-09-16
2024,39,CHAMAN ZAR COLONY,0,2024-09-23
2024,40,CHAMAN ZAR COLONY,0,2024-09-30
2024,41,CHAMAN ZAR COLONY,0,2024-10-07
2024,42,CHAMAN ZAR COLONY,0,2024-10-14
2024,43,CHAMAN ZAR COLONY,0,2024-10-21
2024,44,CHAMAN ZAR COLONY,0,2024-10-28
2024,45,CHAMAN ZAR COLONY,0,2024-11-04
2024,46,CHAMAN ZAR COLONY,0,2024-11-11
2024,47,CHAMAN ZAR COLONY,0,2024-11-18
2024,48,CHAMAN ZAR COLONY,0,2024-11-25
2024,49,CHAMAN ZAR COLONY,0,2024-12-02
2024,50,CHAMAN ZAR COLONY,0,2024-12-09
2024,51,CHAMAN ZAR COLONY,0,2024-12-16
2024,52,CHAMAN ZAR COLONY,0,2024-12-23
2021,1,CITY-46,0,2021-01-04
2021,2,CITY-46,0,2021-01-11
2021,3,CITY-46,0,2021-01-18
2021,4,CITY-46,0,2021-01-25
2021,5,CITY-46,0,2021-02-01
2021,6,CITY-46,0,2021-02-08
2021,7,CITY-46,0,2021-02-15
2021,8,CITY-46,0,2021-02-22
2021,9,CITY-46,0,2021-03-01
2021,10,CITY-46,0,2021-03-08
2021,11,CITY-46,0,2021-03-15
2021,12,CITY-46,0,2021-03-22
2021,13,CITY-46,0,2021-03-29
2021,14,CITY-46,0,2021-04-05
2021,15,CITY-46,0,2021-04-12
2021,16,CITY-46,0,2021-04-19
2021,17,CITY-46,0,2021-04-26
2021,18,CITY-46,0,2021-05-03
2021,19,CITY-46,0,2021-05-10
2021,20,CITY-46,0,2021-05-17
2021,21,CITY-46,0,2021-05-24
2021,22,CITY-46,0,2021-05-31
2021,23,CITY-46,0,2021-06-07
2021,24,CITY-46,0,2021-06-14
2021,25,CITY-46,0,2021-06-21
2021,26,CITY-46,0,2021-06-28
2021,27,CITY-46,0,2021-07-05
2021,28,CITY-46,0,2021-07-12
2021,29,CITY-46,0,2021-07-19
2021,30,CITY-46,0,2021-07-26
2021,31,CITY-46,0,2021-08-02
2021,32,CITY-46,0,2021-08-09
2021,33,CITY-46,0,2021-08-16
2021,34,CITY-46,0,2021-08-23
2021,35,CITY-46,0,2021-08-30
2021,36,CITY-46,0,2021-09-06
2021,37,CITY-46,0,2021-09-13
2021,38,CITY-46,0,2021-09-20
2021,39,CITY-46,0,2021-09-27
2021,40,CITY-46,0,2021-10-04
2021,41,CITY-46,0,2021-10-11
2021,42,CITY-46,0,2021-10-18
2021,43,CITY-46,0,2021-10-25
2021,44,CITY-46,0,2021-11-01
2021,45,CITY-46,0,2021-11-08
2021,46,CITY-46,0,2021-11-15
2021,47,CITY-46,0,2021-11-22
2021,48,CITY-46,0,2021-11-29
2021,49,CITY-46,0,2021-12-06
2021,50,CITY-46,0,2021-12-13
2021,51,CITY-46,0,2021-12-20
2021,52,CITY-46,0,2021-12-27
2022,1,CITY-46,0,2022-01-03
2022,2,CITY-46,0,2022-01-10
2022,3,CITY-46,0,2022-01-17
2022,4,CITY-46,0,2022-01-24
2022,5,CITY-46,0,2022-01-31
2022,6,CITY-46,0,2022-02-07
2022,7,CITY-46,0,2022-02-14
2022,8,CITY-46,0,2022-02-21
2022,9,CITY-46,0,2022-02-28
2022,10,CITY-46,0,2022-03-07
2022,11,CITY-46,0,2022-03-14
2022,12,CITY-46,0,2022-03-21
2022,13,CITY-46,0,2022-03-28
2022,14,CITY-46,0,2022-04-04
2022,15,CITY-46,0,2022-04-11
2022,16,CITY-46,0,2022-04-18
2022,17,CITY-46,0,2022-04-25
2022,18,CITY-46,0,2022-05-02
2022,19,CITY-46,0,2022-05-09
2022,20,CITY-46,0,2022-05-16
2022,21,CITY-46,0,2022-05-23
2022,22,CITY-46,0,2022-05-30
2022,23,CITY-46,0,2022-06-06
2022,24,CITY-46,0,2022-06-13
2022,25,CITY-46,0,2022-06-20
2022,26,CITY-46,0,2022-06-27
2022,27,CITY-46,0,2022-07-04
2022,28,CITY-46,0,2022-07-11
2022,29,CITY-46,0,2022-07-18
2022,30,CITY-46,0,2022-07-25
2022,31,CITY-46,0,2022-08-01
2022,32,CITY-46,0,2022-08-08
2022,33,CITY-46,0,2022-08-15
2022,34,CITY-46,0,2022-08-22
2022,35,CITY-46,0,2022-08-29
2022,36,CITY-46,0,2022-09-05
2022,37,CITY-46,0,2022-09-12
2022,38,CITY-46,0,2022-09-19
2022,39,CITY-46,0,2022-09-26
2022,40,CITY-46,0,2022-10-03
2022,41,CITY-46,0,2022-10-10
2022,42,CITY-46,0,2022-10-17
2022,43,CITY-46,0,2022-10-24
2022,44,CITY-46,0,2022-10-31
2022,45,CITY-46,0,2022-11-07
2022,46,CITY-46,0,2022-11-14
2022,47,CITY-46,0,2022-11-21
2022,48,CITY-46,0,2022-11-28
2022,49,CITY-46,0,2022-12-05
2022,50,CITY-46,0,2022-12-12
2022,51,CITY-46,0,2022-12-19
2022,52,CITY-46,0,2022-12-26
2023,1,CITY-46,0,2023-01-02
2023,2,CITY-46,0,2023-01-09
2023,3,CITY-46,0,2023-01-16
2023,4,CITY-46,0,2023-01-23
2023,5,CITY-46,0,2023-01-30
2023,6,CITY-46,0,2023-02-06
2023,7,CITY-46,0,2023-02-13
2023,8,CITY-46,0,2023-02-20
2023,9,CITY-46,0,2023-02-27
2023,10,CITY-46,0,2023-03-06
2023,11,CITY-46,0,2023-03-13
2023,12,CITY-46,0,2023-03-20
2023,13,CITY-46,0,2023-03-27
2023,14,CITY-46,0,2023-04-03
2023,15,CITY-46,0,2023-04-10
2023,16,CITY-46,0,2023-04-17
2023,17,CITY-46,0,2023-04-24
2023,18,CITY-46,0,2023-05-01
2023,19,CITY-46,0,2023-05-08
2023,20,CITY-46,0,2023-05-15
2023,21,CITY-46,0,2023-05-22
2023,22,CITY-46,0,2023-05-29
2023,23,CITY-46,0,2023-06-05
2023,24,CITY-46,0,2023-06-12
2023,25,CITY-46,0,2023-06-19
2023,26,CITY-46,0,2023-06-26
2023,27,CITY-46,0,2023-07-03
2023,28,CITY-46,0,2023-07-10
2023,29,CITY-46,0,2023-07-17
2023,30,CITY-46,0,2023-07-24
2023,31,CITY-46,0,2023-07-31
2023,32,CITY-46,0,2023-08-07
2023,33,CITY-46,0,2023-08-14
2023,34,CITY-46,0,2023-08-21
2023,35,CITY-46,0,2023-08-28
2023,36,CITY-46,0,2023-09-04
2023,37,CITY-46,0,2023-09-11
2023,38,CITY-46,0,2023-09-18
2023,39,CITY-46,0,2023-09-25
2023,40,CITY-46,0,2023-10-02
2023,41,CITY-46,0,2023-10-09
2023,42,CITY-46,0,2023-10-16
2023,43,CITY-46,0,2023-10-23
2023,44,CITY-46,0,2023-10-30
2023,45,CITY-46,0,2023-11-06
2023,46,CITY-46,0,2023-11-13
2023,47,CITY-46,0,2023-11-20
2023,48,CITY-46,0,2023-11-27
2023,49,CITY-46,0,2023-12-04
2023,50,CITY-46,0,2023-12-11
2023,51,CITY-46,0,2023-12-18
2023,52,CITY-46,0,2023-12-25
2024,1,CITY-46,0,2024-01-01
2024,2,CITY-46,0,2024-01-08
2024,3,CITY-46,0,2024-01-15
2024,4,CITY-46,0,2024-01-22
2024,5,CITY-46,0,2024-01-29
2024,6,CITY-46,0,2024-02-05
2024,7,CITY-46,0,2024-02-12
2024,8,CITY-46,0,2024-02-19
2024,9,CITY-46,0,2024-02-26
2024,10,CITY-46,0,2024-03-04
2024,11,CITY-46,0,2024-03-11
2024,12,CITY-46,0,2024-03-18
2024,13,CITY-46,0,2024-03-25
2024,14,CITY-46,0,2024-04-01
2024,15,CITY-46,0,2024-04-08
2024,16,CITY-46,0,2024-04-15
2024,17,CITY-46,0,2024-04-22
2024,18,CITY-46,0,2024-04-29
2024,19,CITY-46,0,2024-05-06
2024,20,CITY-46,0,2024-05-13
2024,21,CITY-46,0,2024-05-20
2024,22,CITY-46,0,2024-05-27
2024,23,CITY-46,0,2024-06-03
2024,24,CITY-46,0,2024-06-10
2024,25,CITY-46,0,2024-06-17
2024,26,CITY-46,0,2024-06-24
2024,27,CITY-46,0,2024-07-01
2024,28,CITY-46,0,2024-07-08
2024,29,CITY-46,0,2024-07-15
2024,30,CITY-46,0,2024-07-22
2024,31,CITY-46,0,2024-07-29
2024,32,CITY-46,0,2024-08-05
2024,33,CITY-46,0,2024-08-12
2024,34,CITY-46,1,2024-08-19
2024,35,CITY-46,0,2024-08-26
2024,36,CITY-46,0,2024-09-02
2024,37,CITY-46,0,2024-09-09
2024,38,CITY-46,0,2024-09-16
2024,39,CITY-46,0,2024-09-23
2024,40,CITY-46,0,2024-09-30
2024,41,CITY-46,0,2024-10-07
2024,42,CITY-46,0,2024-10-14
2024,43,CITY-46,1,2024-10-21
2024,44,CITY-46,0,2024-10-28
2024,45,CITY-46,0,2024-11-04
2024,46,CITY-46,0,2024-11-11
2024,47,CITY-46,0,2024-11-18
2024,48,CITY-46,0,2024-11-25
2024,49,CITY-46,0,2024-12-02
2024,50,CITY-46,0,2024-12-09
2024,51,CITY-46,0,2024-12-16
2024,52,CITY-46,0,2024-12-23
2021,1,Chakri,0,2021-01-04
2021,2,Chakri,0,2021-01-11
2021,3,Chakri,0,2021-01-18
2021,4,Chakri,0,2021-01-25
2021,5,Chakri,0,2021-02-01
2021,6,Chakri,0,2021-02-08
2021,7,Chakri,0,2021-02-15
2021,8,Chakri,0,2021-02-22
2021,9,Chakri,0,2021-03-01
2021,10,Chakri,0,2021-03-08
2021,11,Chakri,0,2021-03-15
2021,12,Chakri,0,2021-03-22
2021,13,Chakri,0,2021-03-29
2021,14,Chakri,0,2021-04-05
2021,15,Chakri,0,2021-04-12
2021,16,Chakri,0,2021-04-19
2021,17,Chakri,0,2021-04-26
2021,18,Chakri,0,2021-05-03
2021,19,Chakri,0,2021-05-10
2021,20,Chakri,0,2021-05-17
2021,21,Chakri,0,2021-05-24
2021,22,Chakri,0,2021-05-31
2021,23,Chakri,0,2021-06-07
2021,24,Chakri,0,2021-06-14
2021,25,Chakri,0,2021-06-21
2021,26,Chakri,0,2021-06-28
2021,27,Chakri,0,2021-07-05
2021,28,Chakri,0,2021-07-12
2021,29,Chakri,0,2021-07-19
2021,30,Chakri,0,2021-07-26
2021,31,Chakri,0,2021-08-02
2021,32,Chakri,0,2021-08-09
2021,33,Chakri,0,2021-08-16
2021,34,Chakri,0,2021-08-23
2021,35,Chakri,0,2021-08-30
2021,36,Chakri,0,2021-09-06
2021,37,Chakri,0,2021-09-13
2021,38,Chakri,0,2021-09-20
2021,39,Chakri,0,2021-09-27
2021,40,Chakri,0,2021-10-04
2021,41,Chakri,0,2021-10-11
2021,42,Chakri,0,2021-10-18
2021,43,Chakri,0,2021-10-25
2021,44,Chakri,0,2021-11-01
2021,45,Chakri,0,2021-11-08
2021,46,Chakri,0,2021-11-15
2021,47,Chakri,0,2021-11-22
2021,48,Chakri,0,2021-11-29
2021,49,Chakri,0,2021-12-06
2021,50,Chakri,0,2021-12-13
2021,51,Chakri,0,2021-12-20
2021,52,Chakri,0,2021-12-27
2022,1,Chakri,0,2022-01-03
2022,2,Chakri,0,2022-01-10
2022,3,Chakri,0,2022-01-17
2022,4,Chakri,0,2022-01-24
2022,5,Chakri,0,2022-01-31
2022,6,Chakri,0,2022-02-07
2022,7,Chakri,0,2022-02-14
2022,8,Chakri,0,2022-02-21
2022,9,Chakri,0,2022-02-28
2022,10,Chakri,0,2022-03-07
2022,11,Chakri,0,2022-03-14
2022,12,Chakri,0,2022-03-21
2022,13,Chakri,0,2022-03-28
2022,14,Chakri,0,2022-04-04
2022,15,Chakri,0,2022-04-11
2022,16,Chakri,0,2022-04-18
2022,17,Chakri,0,2022-04-25
2022,18,Chakri,0,2022-05-02
2022,19,Chakri,0,2022-05-09
2022,20,Chakri,0,2022-05-16
2022,21,Chakri,0,2022-05-23
2022,22,Chakri,0,2022-05-30
2022,23,Chakri,0,2022-06-06
2022,24,Chakri,0,2022-06-13
2022,25,Chakri,0,2022-06-20
2022,26,Chakri,0,2022-06-27
2022,27,Chakri,0,2022-07-04
2022,28,Chakri,0,2022-07-11
2022,29,Chakri,0,2022-07-18
2022,30,Chakri,0,2022-07-25
2022,31,Chakri,0,2022-08-01
2022,32,Chakri,0,2022-08-08
2022,33,Chakri,0,2022-08-15
2022,34,Chakri,0,2022-08-22
2022,35,Chakri,0,2022-08-29
2022,36,Chakri,0,2022-09-05
2022,37,Chakri,0,2022-09-12
2022,38,Chakri,0,2022-09-19
2022,39,Chakri,0,2022-09-26
2022,40,Chakri,0,2022-10-03
2022,41,Chakri,0,2022-10-10
2022,42,Chakri,0,2022-10-17
2022,43,Chakri,0,2022-10-24
2022,44,Chakri,0,2022-10-31
2022,45,Chakri,0,2022-11-07
2022,46,Chakri,0,2022-11-14
2022,47,Chakri,0,2022-11-21
2022,48,Chakri,0,2022-11-28
2022,49,Chakri,0,2022-12-05
2022,50,Chakri,0,2022-12-12
2022,51,Chakri,0,2022-12-19
2022,52,Chakri,0,2022-12-26
2023,1,Chakri,0,2023-01-02
2023,2,Chakri,0,2023-01-09
2023,3,Chakri,0,2023-01-16
2023,4,Chakri,0,2023-01-23
2023,5,Chakri,0,2023-01-30
2023,6,Chakri,0,2023-02-06
2023,7,Chakri,0,2023-02-13
2023,8,Chakri,0,2023-02-20
2023,9,Chakri,0,2023-02-27
2023,10,Chakri,0,2023-03-06
2023,11,Chakri,0,2023-03-13
2023,12,Chakri,0,2023-03-20
2023,13,Chakri,0,2023-03-27
2023,14,Chakri,0,2023-04-03
2023,15,Chakri,0,2023-04-10
2023,16,Chakri,0,2023-04-17
2023,17,Chakri,0,2023-04-24
2023,18,Chakri,0,2023-05-01
2023,19,Chakri,0,2023-05-08
2023,20,Chakri,0,2023-05-15
2023,21,Chakri,0,2023-05-22
2023,22,Chakri,0,2023-05-29
2023,23,Chakri,0,2023-06-05
2023,24,Chakri,0,2023-06-12
2023,25,Chakri,0,2023-06-19
2023,26,Chakri,0,2023-06-26
2023,27,Chakri,0,2023-07-03
2023,28,Chakri,0,2023-07-10
2023,29,Chakri,0,2023-07-17
2023,30,Chakri,0,2023-07-24
2023,31,Chakri,0,2023-07-31
2023,32,Chakri,0,2023-08-07
2023,33,Chakri,0,2023-08-14
2023,34,Chakri,0,2023-08-21
2023,35,Chakri,0,2023-08-28
2023,36,Chakri,0,2023-09-04
2023,37,Chakri,0,2023-09-11
2023,38,Chakri,0,2023-09-18
2023,39,Chakri,0,2023-09-25
2023,40,Chakri,0,2023-10-02
2023,41,Chakri,0,2023-10-09
2023,42,Chakri,0,2023-10-16
2023,43,Chakri,0,2023-10-23
2023,44,Chakri,0,2023-10-30
2023,45,Chakri,0,2023-11-06
2023,46,Chakri,0,2023-11-13
2023,47,Chakri,0,2023-11-20
2023,48,Chakri,0,2023-11-27
2023,49,Chakri,0,2023-12-04
2023,50,Chakri,0,2023-12-11
2023,51,Chakri,0,2023-12-18
2023,52,Chakri,0,2023-12-25
2024,1,Chakri,0,2024-01-01
2024,2,Chakri,0,2024-01-08
2024,3,Chakri,0,2024-01-15
2024,4,Chakri,0,2024-01-22
2024,5,Chakri,0,2024-01-29
2024,6,Chakri,0,2024-02-05
2024,7,Chakri,0,2024-02-12
2024,8,Chakri,0,2024-02-19
2024,9,Chakri,0,2024-02-26
2024,10,Chakri,0,2024-03-04
2024,11,Chakri,0,2024-03-11
2024,12,Chakri,0,2024-03-18
2024,13,Chakri,0,2024-03-25
2024,14,Chakri,0,2024-04-01
2024,15,Chakri,0,2024-04-08
2024,16,Chakri,0,2024-04-15
2024,17,Chakri,0,2024-04-22
2024,18,Chakri,0,2024-04-29
2024,19,Chakri,0,2024-05-06
2024,20,Chakri,0,2024-05-13
2024,21,Chakri,0,2024-05-20
2024,22,Chakri,0,2024-05-27
2024,23,Chakri,0,2024-06-03
2024,24,Chakri,0,2024-06-10
2024,25,Chakri,0,2024-06-17
2024,26,Chakri,0,2024-06-24
2024,27,Chakri,0,2024-07-01
2024,28,Chakri,0,2024-07-08
2024,29,Chakri,0,2024-07-15
2024,30,Chakri,0,2024-07-22
2024,31,Chakri,0,2024-07-29
2024,32,Chakri,0,2024-08-05
2024,33,Chakri,0,2024-08-12
2024,34,Chakri,0,2024-08-19
2024,35,Chakri,0,2024-08-26
2024,36,Chakri,0,2024-09-02
2024,37,Chakri,0,2024-09-09
2024,38,Chakri,0,2024-09-16
2024,39,Chakri,0,2024-09-23
2024,40,Chakri,0,2024-09-30
2024,41,Chakri,0,2024-10-07
2024,42,Chakri,2,2024-10-14
2024,43,Chakri,0,2024-10-21
2024,44,Chakri,1,2024-10-28
2024,45,Chakri,2,2024-11-04
2024,46,Chakri,1,2024-11-11
2024,47,Chakri,1,2024-11-18
2024,48,Chakri,0,2024-11-25
2024,49,Chakri,0,2024-12-02
2024,50,Chakri,0,2024-12-09
2024,51,Chakri,0,2024-12-16
2024,52,Chakri,0,2024-12-23
2021,1,Chauntra,0,2021-01-04
2021,2,Chauntra,0,2021-01-11
2021,3,Chauntra,0,2021-01-18
2021,4,Chauntra,0,2021-01-25
2021,5,Chauntra,0,2021-02-01
2021,6,Chauntra,0,2021-02-08
2021,7,Chauntra,0,2021-02-15
2021,8,Chauntra,0,2021-02-22
2021,9,Chauntra,0,2021-03-01
2021,10,Chauntra,0,2021-03-08
2021,11,Chauntra,0,2021-03-15
2021,12,Chauntra,0,2021-03-22
2021,13,Chauntra,0,2021-03-29
2021,14,Chauntra,0,2021-04-05
2021,15,Chauntra,0,2021-04-12
2021,16,Chauntra,0,2021-04-19
2021,17,Chauntra,0,2021-04-26
2021,18,Chauntra,0,2021-05-03
2021,19,Chauntra,0,2021-05-10
2021,20,Chauntra,0,2021-05-17
2021,21,Chauntra,0,2021-05-24
2021,22,Chauntra,0,2021-05-31
2021,23,Chauntra,0,2021-06-07
2021,24,Chauntra,0,2021-06-14
2021,25,Chauntra,0,2021-06-21
2021,26,Chauntra,0,2021-06-28
2021,27,Chauntra,0,2021-07-05
2021,28,Chauntra,0,2021-07-12
2021,29,Chauntra,0,2021-07-19
2021,30,Chauntra,0,2021-07-26
2021,31,Chauntra,0,2021-08-02
2021,32,Chauntra,0,2021-08-09
2021,33,Chauntra,0,2021-08-16
2021,34,Chauntra,0,2021-08-23
2021,35,Chauntra,0,2021-08-30
2021,36,Chauntra,0,2021-09-06
2021,37,Chauntra,0,2021-09-13
2021,38,Chauntra,0,2021-09-20
2021,39,Chauntra,0,2021-09-27
2021,40,Chauntra,0,2021-10-04
2021,41,Chauntra,1,2021-10-11
2021,42,Chauntra,0,2021-10-18
2021,43,Chauntra,1,2021-10-25
2021,44,Chauntra,5,2021-11-01
2021,45,Chauntra,0,2021-11-08
2021,46,Chauntra,0,2021-11-15
2021,47,Chauntra,0,2021-11-22
2021,48,Chauntra,0,2021-11-29
2021,49,Chauntra,0,2021-12-06
2021,50,Chauntra,0,2021-12-13
2021,51,Chauntra,0,2021-12-20
2021,52,Chauntra,0,2021-12-27
2022,1,Chauntra,0,2022-01-03
2022,2,Chauntra,0,2022-01-10
2022,3,Chauntra,0,2022-01-17
2022,4,Chauntra,0,2022-01-24
2022,5,Chauntra,0,2022-01-31
2022,6,Chauntra,0,2022-02-07
2022,7,Chauntra,0,2022-02-14
2022,8,Chauntra,0,2022-02-21
2022,9,Chauntra,0,2022-02-28
2022,10,Chauntra,0,2022-03-07
2022,11,Chauntra,0,2022-03-14
2022,12,Chauntra,0,2022-03-21
2022,13,Chauntra,0,2022-03-28
2022,14,Chauntra,0,2022-04-04
2022,15,Chauntra,0,2022-04-11
2022,16,Chauntra,0,2022-04-18
2022,17,Chauntra,0,2022-04-25
2022,18,Chauntra,0,2022-05-02
2022,19,Chauntra,0,2022-05-09
2022,20,Chauntra,0,2022-05-16
2022,21,Chauntra,0,2022-05-23
2022,22,Chauntra,0,2022-05-30
2022,23,Chauntra,0,2022-06-06
2022,24,Chauntra,0,2022-06-13
2022,25,Chauntra,0,2022-06-20
2022,26,Chauntra,0,2022-06-27
2022,27,Chauntra,0,2022-07-04
2022,28,Chauntra,0,2022-07-11
2022,29,Chauntra,0,2022-07-18
2022,30,Chauntra,0,2022-07-25
2022,31,Chauntra,0,2022-08-01
2022,32,Chauntra,0,2022-08-08
2022,33,Chauntra,0,2022-08-15
2022,34,Chauntra,1,2022-08-22
2022,35,Chauntra,0,2022-08-29
2022,36,Chauntra,1,2022-09-05
2022,37,Chauntra,1,2022-09-12
2022,38,Chauntra,3,2022-09-19
2022,39,Chauntra,1,2022-09-26
2022,40,Chauntra,3,2022-10-03
2022,41,Chauntra,2,2022-10-10
2022,42,Chauntra,0,2022-10-17
2022,43,Chauntra,4,2022-10-24
2022,44,Chauntra,1,2022-10-31
2022,45,Chauntra,0,2022-11-07
2022,46,Chauntra,0,2022-11-14
2022,47,Chauntra,0,2022-11-21
2022,48,Chauntra,1,2022-11-28
2022,49,Chauntra,0,2022-12-05
2022,50,Chauntra,0,2022-12-12
2022,51,Chauntra,0,2022-12-19
2022,52,Chauntra,0,2022-12-26
2023,1,Chauntra,0,2023-01-02
2023,2,Chauntra,0,2023-01-09
2023,3,Chauntra,0,2023-01-16
2023,4,Chauntra,0,2023-01-23
2023,5,Chauntra,0,2023-01-30
2023,6,Chauntra,0,2023-02-06
2023,7,Chauntra,0,2023-02-13
2023,8,Chauntra,0,2023-02-20
2023,9,Chauntra,0,2023-02-27
2023,10,Chauntra,0,2023-03-06
2023,11,Chauntra,0,2023-03-13
2023,12,Chauntra,0,2023-03-20
2023,13,Chauntra,0,2023-03-27
2023,14,Chauntra,0,2023-04-03
2023,15,Chauntra,0,2023-04-10
2023,16,Chauntra,0,2023-04-17
2023,17,Chauntra,0,2023-04-24
2023,18,Chauntra,0,2023-05-01
2023,19,Chauntra,0,2023-05-08
2023,20,Chauntra,0,2023-05-15
2023,21,Chauntra,0,2023-05-22
2023,22,Chauntra,0,2023-05-29
2023,23,Chauntra,0,2023-06-05
2023,24,Chauntra,0,2023-06-12
2023,25,Chauntra,0,2023-06-19
2023,26,Chauntra,0,2023-06-26
2023,27,Chauntra,0,2023-07-03
2023,28,Chauntra,0,2023-07-10
2023,29,Chauntra,0,2023-07-17
2023,30,Chauntra,0,2023-07-24
2023,31,Chauntra,0,2023-07-31
2023,32,Chauntra,0,2023-08-07
2023,33,Chauntra,0,2023-08-14
2023,34,Chauntra,0,2023-08-21
2023,35,Chauntra,1,2023-08-28
2023,36,Chauntra,3,2023-09-04
2023,37,Chauntra,0,2023-09-11
2023,38,Chauntra,1,2023-09-18
2023,39,Chauntra,0,2023-09-25
2023,40,Chauntra,0,2023-10-02
2023,41,Chauntra,0,2023-10-09
2023,42,Chauntra,0,2023-10-16
2023,43,Chauntra,0,2023-10-23
2023,44,Chauntra,0,2023-10-30
2023,45,Chauntra,1,2023-11-06
2023,46,Chauntra,0,2023-11-13
2023,47,Chauntra,0,2023-11-20
2023,48,Chauntra,0,2023-11-27
2023,49,Chauntra,0,2023-12-04
2023,50,Chauntra,0,2023-12-11
2023,51,Chauntra,0,2023-12-18
2023,52,Chauntra,0,2023-12-25
2024,1,Chauntra,0,2024-01-01
2024,2,Chauntra,0,2024-01-08
2024,3,Chauntra,0,2024-01-15
2024,4,Chauntra,0,2024-01-22
2024,5,Chauntra,0,2024-01-29
2024,6,Chauntra,0,2024-02-05
2024,7,Chauntra,0,2024-02-12
2024,8,Chauntra,0,2024-02-19
2024,9,Chauntra,0,2024-02-26
2024,10,Chauntra,0,2024-03-04
2024,11,Chauntra,0,2024-03-11
2024,12,Chauntra,0,2024-03-18
2024,13,Chauntra,0,2024-03-25
2024,14,Chauntra,0,2024-04-01
2024,15,Chauntra,0,2024-04-08
2024,16,Chauntra,0,2024-04-15
2024,17,Chauntra,0,2024-04-22
2024,18,Chauntra,0,2024-04-29
2024,19,Chauntra,0,2024-05-06
2024,20,Chauntra,0,2024-05-13
2024,21,Chauntra,0,2024-05-20
2024,22,Chauntra,0,2024-05-27
2024,23,Chauntra,0,2024-06-03
2024,24,Chauntra,0,2024-06-10
2024,25,Chauntra,0,2024-06-17
2024,26,Chauntra,0,2024-06-24
2024,27,Chauntra,0,2024-07-01
2024,28,Chauntra,0,2024-07-08
2024,29,Chauntra,0,2024-07-15
2024,30,Chauntra,0,2024-07-22
2024,31,Chauntra,0,2024-07-29
2024,32,Chauntra,0,2024-08-05
2024,33,Chauntra,0,2024-08-12
2024,34,Chauntra,0,2024-08-19
2024,35,Chauntra,0,2024-08-26
2024,36,Chauntra,0,2024-09-02
2024,37,Chauntra,0,2024-09-09
2024,38,Chauntra,0,2024-09-16
2024,39,Chauntra,1,2024-09-23
2024,40,Chauntra,0,2024-09-30
2024,41,Chauntra,1,2024-10-07
2024,42,Chauntra,0,2024-10-14
2024,43,Chauntra,1,2024-10-21
2024,44,Chauntra,1,2024-10-28
2024,45,Chauntra,0,2024-11-04
2024,46,Chauntra,0,2024-11-11
2024,47,Chauntra,2,2024-11-18
2024,48,Chauntra,0,2024-11-25
2024,49,Chauntra,0,2024-12-02
2024,50,Chauntra,0,2024-12-09
2024,51,Chauntra,0,2024-12-16
2024,52,Chauntra,0,2024-12-23
2021,1,Chhappar,0,2021-01-04
2021,2,Chhappar,0,2021-01-11
2021,3,Chhappar,0,2021-01-18
2021,4,Chhappar,0,2021-01-25
2021,5,Chhappar,0,2021-02-01
2021,6,Chhappar,0,2021-02-08
2021,7,Chhappar,0,2021-02-15
2021,8,Chhappar,0,2021-02-22
2021,9,Chhappar,0,2021-03-01
2021,10,Chhappar,0,2021-03-08
2021,11,Chhappar,0,2021-03-15
2021,12,Chhappar,0,2021-03-22
2021,13,Chhappar,0,2021-03-29
2021,14,Chhappar,0,2021-04-05
2021,15,Chhappar,0,2021-04-12
2021,16,Chhappar,0,2021-04-19
2021,17,Chhappar,0,2021-04-26
2021,18,Chhappar,0,2021-05-03
2021,19,Chhappar,0,2021-05-10
2021,20,Chhappar,0,2021-05-17
2021,21,Chhappar,0,2021-05-24
2021,22,Chhappar,0,2021-05-31
2021,23,Chhappar,0,2021-06-07
2021,24,Chhappar,0,2021-06-14
2021,25,Chhappar,0,2021-06-21
2021,26,Chhappar,0,2021-06-28
2021,27,Chhappar,0,2021-07-05
2021,28,Chhappar,0,2021-07-12
2021,29,Chhappar,0,2021-07-19
2021,30,Chhappar,0,2021-07-26
2021,31,Chhappar,0,2021-08-02
2021,32,Chhappar,0,2021-08-09
2021,33,Chhappar,0,2021-08-16
2021,34,Chhappar,0,2021-08-23
2021,35,Chhappar,0,2021-08-30
2021,36,Chhappar,0,2021-09-06
2021,37,Chhappar,0,2021-09-13
2021,38,Chhappar,0,2021-09-20
2021,39,Chhappar,0,2021-09-27
2021,40,Chhappar,0,2021-10-04
2021,41,Chhappar,0,2021-10-11
2021,42,Chhappar,0,2021-10-18
2021,43,Chhappar,1,2021-10-25
2021,44,Chhappar,0,2021-11-01
2021,45,Chhappar,0,2021-11-08
2021,46,Chhappar,0,2021-11-15
2021,47,Chhappar,0,2021-11-22
2021,48,Chhappar,0,2021-11-29
2021,49,Chhappar,0,2021-12-06
2021,50,Chhappar,0,2021-12-13
2021,51,Chhappar,0,2021-12-20
2021,52,Chhappar,0,2021-12-27
2022,1,Chhappar,0,2022-01-03
2022,2,Chhappar,0,2022-01-10
2022,3,Chhappar,0,2022-01-17
2022,4,Chhappar,0,2022-01-24
2022,5,Chhappar,0,2022-01-31
2022,6,Chhappar,0,2022-02-07
2022,7,Chhappar,0,2022-02-14
2022,8,Chhappar,0,2022-02-21
2022,9,Chhappar,0,2022-02-28
2022,10,Chhappar,0,2022-03-07
2022,11,Chhappar,0,2022-03-14
2022,12,Chhappar,0,2022-03-21
2022,13,Chhappar,0,2022-03-28
2022,14,Chhappar,0,2022-04-04
2022,15,Chhappar,0,2022-04-11
2022,16,Chhappar,0,2022-04-18
2022,17,Chhappar,0,2022-04-25
2022,18,Chhappar,0,2022-05-02
2022,19,Chhappar,0,2022-05-09
2022,20,Chhappar,0,2022-05-16
2022,21,Chhappar,0,2022-05-23
2022,22,Chhappar,0,2022-05-30
2022,23,Chhappar,0,2022-06-06
2022,24,Chhappar,0,2022-06-13
2022,25,Chhappar,0,2022-06-20
2022,26,Chhappar,0,2022-06-27
2022,27,Chhappar,0,2022-07-04
2022,28,Chhappar,0,2022-07-11
2022,29,Chhappar,0,2022-07-18
2022,30,Chhappar,0,2022-07-25
2022,31,Chhappar,0,2022-08-01
2022,32,Chhappar,0,2022-08-08
2022,33,Chhappar,0,2022-08-15
2022,34,Chhappar,1,2022-08-22
2022,35,Chhappar,0,2022-08-29
2022,36,Chhappar,0,2022-09-05
2022,37,Chhappar,0,2022-09-12
2022,38,Chhappar,3,2022-09-19
2022,39,Chhappar,0,2022-09-26
2022,40,Chhappar,4,2022-10-03
2022,41,Chhappar,2,2022-10-10
2022,42,Chhappar,1,2022-10-17
2022,43,Chhappar,5,2022-10-24
2022,44,Chhappar,0,2022-10-31
2022,45,Chhappar,1,2022-11-07
2022,46,Chhappar,0,2022-11-14
2022,47,Chhappar,0,2022-11-21
2022,48,Chhappar,0,2022-11-28
2022,49,Chhappar,0,2022-12-05
2022,50,Chhappar,0,2022-12-12
2022,51,Chhappar,0,2022-12-19
2022,52,Chhappar,0,2022-12-26
2023,1,Chhappar,0,2023-01-02
2023,2,Chhappar,0,2023-01-09
2023,3,Chhappar,0,2023-01-16
2023,4,Chhappar,0,2023-01-23
2023,5,Chhappar,0,2023-01-30
2023,6,Chhappar,0,2023-02-06
2023,7,Chhappar,0,2023-02-13
2023,8,Chhappar,0,2023-02-20
2023,9,Chhappar,0,2023-02-27
2023,10,Chhappar,0,2023-03-06
2023,11,Chhappar,0,2023-03-13
2023,12,Chhappar,0,2023-03-20
2023,13,Chhappar,0,2023-03-27
2023,14,Chhappar,0,2023-04-03
2023,15,Chhappar,0,2023-04-10
2023,16,Chhappar,0,2023-04-17
2023,17,Chhappar,0,2023-04-24
2023,18,Chhappar,0,2023-05-01
2023,19,Chhappar,0,2023-05-08
2023,20,Chhappar,0,2023-05-15
2023,21,Chhappar,0,2023-05-22
2023,22,Chhappar,0,2023-05-29
2023,23,Chhappar,0,2023-06-05
2023,24,Chhappar,0,2023-06-12
2023,25,Chhappar,0,2023-06-19
2023,26,Chhappar,0,2023-06-26
2023,27,Chhappar,0,2023-07-03
2023,28,Chhappar,0,2023-07-10
2023,29,Chhappar,0,2023-07-17
2023,30,Chhappar,0,2023-07-24
2023,31,Chhappar,0,2023-07-31
2023,32,Chhappar,0,2023-08-07
2023,33,Chhappar,0,2023-08-14
2023,34,Chhappar,0,2023-08-21
2023,35,Chhappar,0,2023-08-28
2023,36,Chhappar,0,2023-09-04
2023,37,Chhappar,0,2023-09-11
2023,38,Chhappar,0,2023-09-18
2023,39,Chhappar,1,2023-09-25
2023,40,Chhappar,2,2023-10-02
2023,41,Chhappar,0,2023-10-09
2023,42,Chhappar,1,2023-10-16
2023,43,Chhappar,0,2023-10-23
2023,44,Chhappar,0,2023-10-30
2023,45,Chhappar,0,2023-11-06
2023,46,Chhappar,0,2023-11-13
2023,47,Chhappar,0,2023-11-20
2023,48,Chhappar,0,2023-11-27
2023,49,Chhappar,0,2023-12-04
2023,50,Chhappar,0,2023-12-11
2023,51,Chhappar,0,2023-12-18
2023,52,Chhappar,0,2023-12-25
2024,1,Chhappar,0,2024-01-01
2024,2,Chhappar,0,2024-01-08
2024,3,Chhappar,0,2024-01-15
2024,4,Chhappar,0,2024-01-22
2024,5,Chhappar,0,2024-01-29
2024,6,Chhappar,0,2024-02-05
2024,7,Chhappar,0,2024-02-12
2024,8,Chhappar,0,2024-02-19
2024,9,Chhappar,0,2024-02-26
2024,10,Chhappar,0,2024-03-04
2024,11,Chhappar,0,2024-03-11
2024,12,Chhappar,0,2024-03-18
2024,13,Chhappar,0,2024-03-25
2024,14,Chhappar,0,2024-04-01
2024,15,Chhappar,0,2024-04-08
2024,16,Chhappar,0,2024-04-15
2024,17,Chhappar,0,2024-04-22
2024,18,Chhappar,0,2024-04-29
2024,19,Chhappar,0,2024-05-06
2024,20,Chhappar,0,2024-05-13
2024,21,Chhappar,0,2024-05-20
2024,22,Chhappar,0,2024-05-27
2024,23,Chhappar,0,2024-06-03
2024,24,Chhappar,0,2024-06-10
2024,25,Chhappar,0,2024-06-17
2024,26,Chhappar,0,2024-06-24
2024,27,Chhappar,0,2024-07-01
2024,28,Chhappar,0,2024-07-08
2024,29,Chhappar,0,2024-07-15
2024,30,Chhappar,0,2024-07-22
2024,31,Chhappar,0,2024-07-29
2024,32,Chhappar,0,2024-08-05
2024,33,Chhappar,0,2024-08-12
2024,34,Chhappar,0,2024-08-19
2024,35,Chhappar,0,2024-08-26
2024,36,Chhappar,0,2024-09-02
2024,37,Chhappar,0,2024-09-09
2024,38,Chhappar,0,2024-09-16
2024,39,Chhappar,1,2024-09-23
2024,40,Chhappar,0,2024-09-30
2024,41,Chhappar,0,2024-10-07
2024,42,Chhappar,1,2024-10-14
2024,43,Chhappar,2,2024-10-21
2024,44,Chhappar,1,2024-10-28
2024,45,Chhappar,2,2024-11-04
2024,46,Chhappar,0,2024-11-11
2024,47,Chhappar,0,2024-11-18
2024,48,Chhappar,0,2024-11-25
2024,49,Chhappar,0,2024-12-02
2024,50,Chhappar,0,2024-12-09
2024,51,Chhappar,0,2024-12-16
2024,52,Chhappar,0,2024-12-23
2021,1,DHOK ALI AKBAR,0,2021-01-04
2021,2,DHOK ALI AKBAR,0,2021-01-11
2021,3,DHOK ALI AKBAR,0,2021-01-18
2021,4,DHOK ALI AKBAR,0,2021-01-25
2021,5,DHOK ALI AKBAR,0,2021-02-01
2021,6,DHOK ALI AKBAR,0,2021-02-08
2021,7,DHOK ALI AKBAR,0,2021-02-15
2021,8,DHOK ALI AKBAR,0,2021-02-22
2021,9,DHOK ALI AKBAR,0,2021-03-01
2021,10,DHOK ALI AKBAR,0,2021-03-08
2021,11,DHOK ALI AKBAR,0,2021-03-15
2021,12,DHOK ALI AKBAR,0,2021-03-22
2021,13,DHOK ALI AKBAR,0,2021-03-29
2021,14,DHOK ALI AKBAR,0,2021-04-05
2021,15,DHOK ALI AKBAR,0,2021-04-12
2021,16,DHOK ALI AKBAR,0,2021-04-19
2021,17,DHOK ALI AKBAR,0,2021-04-26
2021,18,DHOK ALI AKBAR,0,2021-05-03
2021,19,DHOK ALI AKBAR,0,2021-05-10
2021,20,DHOK ALI AKBAR,0,2021-05-17
2021,21,DHOK ALI AKBAR,0,2021-05-24
2021,22,DHOK ALI AKBAR,0,2021-05-31
2021,23,DHOK ALI AKBAR,0,2021-06-07
2021,24,DHOK ALI AKBAR,0,2021-06-14
2021,25,DHOK ALI AKBAR,0,2021-06-21
2021,26,DHOK ALI AKBAR,0,2021-06-28
2021,27,DHOK ALI AKBAR,0,2021-07-05
2021,28,DHOK ALI AKBAR,0,2021-07-12
2021,29,DHOK ALI AKBAR,0,2021-07-19
2021,30,DHOK ALI AKBAR,0,2021-07-26
2021,31,DHOK ALI AKBAR,0,2021-08-02
2021,32,DHOK ALI AKBAR,0,2021-08-09
2021,33,DHOK ALI AKBAR,0,2021-08-16
2021,34,DHOK ALI AKBAR,0,2021-08-23
2021,35,DHOK ALI AKBAR,0,2021-08-30
2021,36,DHOK ALI AKBAR,0,2021-09-06
2021,37,DHOK ALI AKBAR,0,2021-09-13
2021,38,DHOK ALI AKBAR,0,2021-09-20
2021,39,DHOK ALI AKBAR,6,2021-09-27
2021,40,DHOK ALI AKBAR,5,2021-10-04
2021,41,DHOK ALI AKBAR,4,2021-10-11
2021,42,DHOK ALI AKBAR,7,2021-10-18
2021,43,DHOK ALI AKBAR,6,2021-10-25
2021,44,DHOK ALI AKBAR,6,2021-11-01
2021,45,DHOK ALI AKBAR,4,2021-11-08
2021,46,DHOK ALI AKBAR,2,2021-11-15
2021,47,DHOK ALI AKBAR,1,2021-11-22
2021,48,DHOK ALI AKBAR,1,2021-11-29
2021,49,DHOK ALI AKBAR,0,2021-12-06
2021,50,DHOK ALI AKBAR,0,2021-12-13
2021,51,DHOK ALI AKBAR,0,2021-12-20
2021,52,DHOK ALI AKBAR,0,2021-12-27
2022,1,DHOK ALI AKBAR,0,2022-01-03
2022,2,DHOK ALI AKBAR,0,2022-01-10
2022,3,DHOK ALI AKBAR,0,2022-01-17
2022,4,DHOK ALI AKBAR,0,2022-01-24
2022,5,DHOK ALI AKBAR,0,2022-01-31
2022,6,DHOK ALI AKBAR,0,2022-02-07
2022,7,DHOK ALI AKBAR,0,2022-02-14
2022,8,DHOK ALI AKBAR,0,2022-02-21
2022,9,DHOK ALI AKBAR,0,2022-02-28
2022,10,DHOK ALI AKBAR,0,2022-03-07
2022,11,DHOK ALI AKBAR,0,2022-03-14
2022,12,DHOK ALI AKBAR,0,2022-03-21
2022,13,DHOK ALI AKBAR,0,2022-03-28
2022,14,DHOK ALI AKBAR,0,2022-04-04
2022,15,DHOK ALI AKBAR,0,2022-04-11
2022,16,DHOK ALI AKBAR,0,2022-04-18
2022,17,DHOK ALI AKBAR,0,2022-04-25
2022,18,DHOK ALI AKBAR,0,2022-05-02
2022,19,DHOK ALI AKBAR,0,2022-05-09
2022,20,DHOK ALI AKBAR,0,2022-05-16
2022,21,DHOK ALI AKBAR,0,2022-05-23
2022,22,DHOK ALI AKBAR,0,2022-05-30
2022,23,DHOK ALI AKBAR,0,2022-06-06
2022,24,DHOK ALI AKBAR,0,2022-06-13
2022,25,DHOK ALI AKBAR,0,2022-06-20
2022,26,DHOK ALI AKBAR,0,2022-06-27
2022,27,DHOK ALI AKBAR,0,2022-07-04
2022,28,DHOK ALI AKBAR,0,2022-07-11
2022,29,DHOK ALI AKBAR,0,2022-07-18
2022,30,DHOK ALI AKBAR,0,2022-07-25
2022,31,DHOK ALI AKBAR,1,2022-08-01
2022,32,DHOK ALI AKBAR,0,2022-08-08
2022,33,DHOK ALI AKBAR,1,2022-08-15
2022,34,DHOK ALI AKBAR,4,2022-08-22
2022,35,DHOK ALI AKBAR,2,2022-08-29
2022,36,DHOK ALI AKBAR,8,2022-09-05
2022,37,DHOK ALI AKBAR,21,2022-09-12
2022,38,DHOK ALI AKBAR,14,2022-09-19
2022,39,DHOK ALI AKBAR,15,2022-09-26
2022,40,DHOK ALI AKBAR,21,2022-10-03
2022,41,DHOK ALI AKBAR,27,2022-10-10
2022,42,DHOK ALI AKBAR,11,2022-10-17
2022,43,DHOK ALI AKBAR,8,2022-10-24
2022,44,DHOK ALI AKBAR,9,2022-10-31
2022,45,DHOK ALI AKBAR,4,2022-11-07
2022,46,DHOK ALI AKBAR,2,2022-11-14
2022,47,DHOK ALI AKBAR,1,2022-11-21
2022,48,DHOK ALI AKBAR,1,2022-11-28
2022,49,DHOK ALI AKBAR,0,2022-12-05
2022,50,DHOK ALI AKBAR,0,2022-12-12
2022,51,DHOK ALI AKBAR,0,2022-12-19
2022,52,DHOK ALI AKBAR,0,2022-12-26
2023,1,DHOK ALI AKBAR,0,2023-01-02
2023,2,DHOK ALI AKBAR,0,2023-01-09
2023,3,DHOK ALI AKBAR,0,2023-01-16
2023,4,DHOK ALI AKBAR,0,2023-01-23
2023,5,DHOK ALI AKBAR,0,2023-01-30
2023,6,DHOK ALI AKBAR,0,2023-02-06
2023,7,DHOK ALI AKBAR,0,2023-02-13
2023,8,DHOK ALI AKBAR,0,2023-02-20
2023,9,DHOK ALI AKBAR,0,2023-02-27
2023,10,DHOK ALI AKBAR,0,2023-03-06
2023,11,DHOK ALI AKBAR,0,2023-03-13
2023,12,DHOK ALI AKBAR,0,2023-03-20
2023,13,DHOK ALI AKBAR,0,2023-03-27
2023,14,DHOK ALI AKBAR,0,2023-04-03
2023,15,DHOK ALI AKBAR,0,2023-04-10
2023,16,DHOK ALI AKBAR,0,2023-04-17
2023,17,DHOK ALI AKBAR,0,2023-04-24
2023,18,DHOK ALI AKBAR,0,2023-05-01
2023,19,DHOK ALI AKBAR,0,2023-05-08
2023,20,DHOK ALI AKBAR,0,2023-05-15
2023,21,DHOK ALI AKBAR,0,2023-05-22
2023,22,DHOK ALI AKBAR,0,2023-05-29
2023,23,DHOK ALI AKBAR,0,2023-06-05
2023,24,DHOK ALI AKBAR,0,2023-06-12
2023,25,DHOK ALI AKBAR,0,2023-06-19
2023,26,DHOK ALI AKBAR,0,2023-06-26
2023,27,DHOK ALI AKBAR,0,2023-07-03
2023,28,DHOK ALI AKBAR,0,2023-07-10
2023,29,DHOK ALI AKBAR,0,2023-07-17
2023,30,DHOK ALI AKBAR,0,2023-07-24
2023,31,DHOK ALI AKBAR,0,2023-07-31
2023,32,DHOK ALI AKBAR,0,2023-08-07
2023,33,DHOK ALI AKBAR,1,2023-08-14
2023,34,DHOK ALI AKBAR,0,2023-08-21
2023,35,DHOK ALI AKBAR,2,2023-08-28
2023,36,DHOK ALI AKBAR,2,2023-09-04
2023,37,DHOK ALI AKBAR,3,2023-09-11
2023,38,DHOK ALI AKBAR,6,2023-09-18
2023,39,DHOK ALI AKBAR,6,2023-09-25
2023,40,DHOK ALI AKBAR,13,2023-10-02
2023,41,DHOK ALI AKBAR,9,2023-10-09
2023,42,DHOK ALI AKBAR,5,2023-10-16
2023,43,DHOK ALI AKBAR,3,2023-10-23
2023,44,DHOK ALI AKBAR,6,2023-10-30
2023,45,DHOK ALI AKBAR,5,2023-11-06
2023,46,DHOK ALI AKBAR,3,2023-11-13
2023,47,DHOK ALI AKBAR,2,2023-11-20
2023,48,DHOK ALI AKBAR,3,2023-11-27
2023,49,DHOK ALI AKBAR,0,2023-12-04
2023,50,DHOK ALI AKBAR,0,2023-12-11
2023,51,DHOK ALI AKBAR,0,2023-12-18
2023,52,DHOK ALI AKBAR,0,2023-12-25
2024,1,DHOK ALI AKBAR,0,2024-01-01
2024,2,DHOK ALI AKBAR,0,2024-01-08
2024,3,DHOK ALI AKBAR,0,2024-01-15
2024,4,DHOK ALI AKBAR,0,2024-01-22
2024,5,DHOK ALI AKBAR,0,2024-01-29
2024,6,DHOK ALI AKBAR,0,2024-02-05
2024,7,DHOK ALI AKBAR,0,2024-02-12
2024,8,DHOK ALI AKBAR,0,2024-02-19
2024,9,DHOK ALI AKBAR,0,2024-02-26
2024,10,DHOK ALI AKBAR,0,2024-03-04
2024,11,DHOK ALI AKBAR,0,2024-03-11
2024,12,DHOK ALI AKBAR,0,2024-03-18
2024,13,DHOK ALI AKBAR,0,2024-03-25
2024,14,DHOK ALI AKBAR,0,2024-04-01
2024,15,DHOK ALI AKBAR,0,2024-04-08
2024,16,DHOK ALI AKBAR,0,2024-04-15
2024,17,DHOK ALI AKBAR,0,2024-04-22
2024,18,DHOK ALI AKBAR,0,2024-04-29
2024,19,DHOK ALI AKBAR,0,2024-05-06
2024,20,DHOK ALI AKBAR,0,2024-05-13
2024,21,DHOK ALI AKBAR,0,2024-05-20
2024,22,DHOK ALI AKBAR,0,2024-05-27
2024,23,DHOK ALI AKBAR,0,2024-06-03
2024,24,DHOK ALI AKBAR,0,2024-06-10
2024,25,DHOK ALI AKBAR,0,2024-06-17
2024,26,DHOK ALI AKBAR,0,2024-06-24
2024,27,DHOK ALI AKBAR,0,2024-07-01
2024,28,DHOK ALI AKBAR,0,2024-07-08
2024,29,DHOK ALI AKBAR,0,2024-07-15
2024,30,DHOK ALI AKBAR,0,2024-07-22
2024,31,DHOK ALI AKBAR,0,2024-07-29
2024,32,DHOK ALI AKBAR,0,2024-08-05
2024,33,DHOK ALI AKBAR,0,2024-08-12
2024,34,DHOK ALI AKBAR,0,2024-08-19
2024,35,DHOK ALI AKBAR,1,2024-08-26
2024,36,DHOK ALI AKBAR,5,2024-09-02
2024,37,DHOK ALI AKBAR,2,2024-09-09
2024,38,DHOK ALI AKBAR,10,2024-09-16
2024,39,DHOK ALI AKBAR,14,2024-09-23
2024,40,DHOK ALI AKBAR,22,2024-09-30
2024,41,DHOK ALI AKBAR,13,2024-10-07
2024,42,DHOK ALI AKBAR,22,2024-10-14
2024,43,DHOK ALI AKBAR,12,2024-10-21
2024,44,DHOK ALI AKBAR,18,2024-10-28
2024,45,DHOK ALI AKBAR,11,2024-11-04
2024,46,DHOK ALI AKBAR,6,2024-11-11
2024,47,DHOK ALI AKBAR,5,2024-11-18
2024,48,DHOK ALI AKBAR,3,2024-11-25
2024,49,DHOK ALI AKBAR,0,2024-12-02
2024,50,DHOK ALI AKBAR,0,2024-12-09
2024,51,DHOK ALI AKBAR,0,2024-12-16
2024,52,DHOK ALI AKBAR,0,2024-12-23
2021,1,DHOK BABU IRFAN,0,2021-01-04
2021,2,DHOK BABU IRFAN,0,2021-01-11
2021,3,DHOK BABU IRFAN,0,2021-01-18
2021,4,DHOK BABU IRFAN,0,2021-01-25
2021,5,DHOK BABU IRFAN,0,2021-02-01
2021,6,DHOK BABU IRFAN,0,2021-02-08
2021,7,DHOK BABU IRFAN,0,2021-02-15
2021,8,DHOK BABU IRFAN,0,2021-02-22
2021,9,DHOK BABU IRFAN,0,2021-03-01
2021,10,DHOK BABU IRFAN,0,2021-03-08
2021,11,DHOK BABU IRFAN,0,2021-03-15
2021,12,DHOK BABU IRFAN,0,2021-03-22
2021,13,DHOK BABU IRFAN,0,2021-03-29
2021,14,DHOK BABU IRFAN,0,2021-04-05
2021,15,DHOK BABU IRFAN,0,2021-04-12
2021,16,DHOK BABU IRFAN,0,2021-04-19
2021,17,DHOK BABU IRFAN,0,2021-04-26
2021,18,DHOK BABU IRFAN,0,2021-05-03
2021,19,DHOK BABU IRFAN,0,2021-05-10
2021,20,DHOK BABU IRFAN,0,2021-05-17
2021,21,DHOK BABU IRFAN,0,2021-05-24
2021,22,DHOK BABU IRFAN,0,2021-05-31
2021,23,DHOK BABU IRFAN,0,2021-06-07
2021,24,DHOK BABU IRFAN,0,2021-06-14
2021,25,DHOK BABU IRFAN,0,2021-06-21
2021,26,DHOK BABU IRFAN,0,2021-06-28
2021,27,DHOK BABU IRFAN,0,2021-07-05
2021,28,DHOK BABU IRFAN,0,2021-07-12
2021,29,DHOK BABU IRFAN,0,2021-07-19
2021,30,DHOK BABU IRFAN,0,2021-07-26
2021,31,DHOK BABU IRFAN,0,2021-08-02
2021,32,DHOK BABU IRFAN,0,2021-08-09
2021,33,DHOK BABU IRFAN,0,2021-08-16
2021,34,DHOK BABU IRFAN,0,2021-08-23
2021,35,DHOK BABU IRFAN,1,2021-08-30
2021,36,DHOK BABU IRFAN,0,2021-09-06
2021,37,DHOK BABU IRFAN,0,2021-09-13
2021,38,DHOK BABU IRFAN,1,2021-09-20
2021,39,DHOK BABU IRFAN,0,2021-09-27
2021,40,DHOK BABU IRFAN,1,2021-10-04
2021,41,DHOK BABU IRFAN,2,2021-10-11
2021,42,DHOK BABU IRFAN,4,2021-10-18
2021,43,DHOK BABU IRFAN,1,2021-10-25
2021,44,DHOK BABU IRFAN,4,2021-11-01
2021,45,DHOK BABU IRFAN,1,2021-11-08
2021,46,DHOK BABU IRFAN,0,2021-11-15
2021,47,DHOK BABU IRFAN,1,2021-11-22
2021,48,DHOK BABU IRFAN,0,2021-11-29
2021,49,DHOK BABU IRFAN,0,2021-12-06
2021,50,DHOK BABU IRFAN,0,2021-12-13
2021,51,DHOK BABU IRFAN,0,2021-12-20
2021,52,DHOK BABU IRFAN,0,2021-12-27
2022,1,DHOK BABU IRFAN,0,2022-01-03
2022,2,DHOK BABU IRFAN,0,2022-01-10
2022,3,DHOK BABU IRFAN,0,2022-01-17
2022,4,DHOK BABU IRFAN,0,2022-01-24
2022,5,DHOK BABU IRFAN,0,2022-01-31
2022,6,DHOK BABU IRFAN,0,2022-02-07
2022,7,DHOK BABU IRFAN,0,2022-02-14
2022,8,DHOK BABU IRFAN,0,2022-02-21
2022,9,DHOK BABU IRFAN,0,2022-02-28
2022,10,DHOK BABU IRFAN,0,2022-03-07
2022,11,DHOK BABU IRFAN,0,2022-03-14
2022,12,DHOK BABU IRFAN,0,2022-03-21
2022,13,DHOK BABU IRFAN,0,2022-03-28
2022,14,DHOK BABU IRFAN,0,2022-04-04
2022,15,DHOK BABU IRFAN,0,2022-04-11
2022,16,DHOK BABU IRFAN,0,2022-04-18
2022,17,DHOK BABU IRFAN,0,2022-04-25
2022,18,DHOK BABU IRFAN,0,2022-05-02
2022,19,DHOK BABU IRFAN,0,2022-05-09
2022,20,DHOK BABU IRFAN,0,2022-05-16
2022,21,DHOK BABU IRFAN,0,2022-05-23
2022,22,DHOK BABU IRFAN,0,2022-05-30
2022,23,DHOK BABU IRFAN,0,2022-06-06
2022,24,DHOK BABU IRFAN,0,2022-06-13
2022,25,DHOK BABU IRFAN,0,2022-06-20
2022,26,DHOK BABU IRFAN,0,2022-06-27
2022,27,DHOK BABU IRFAN,0,2022-07-04
2022,28,DHOK BABU IRFAN,0,2022-07-11
2022,29,DHOK BABU IRFAN,0,2022-07-18
2022,30,DHOK BABU IRFAN,0,2022-07-25
2022,31,DHOK BABU IRFAN,0,2022-08-01
2022,32,DHOK BABU IRFAN,0,2022-08-08
2022,33,DHOK BABU IRFAN,0,2022-08-15
2022,34,DHOK BABU IRFAN,1,2022-08-22
2022,35,DHOK BABU IRFAN,0,2022-08-29
2022,36,DHOK BABU IRFAN,4,2022-09-05
2022,37,DHOK BABU IRFAN,2,2022-09-12
2022,38,DHOK BABU IRFAN,0,2022-09-19
2022,39,DHOK BABU IRFAN,0,2022-09-26
2022,40,DHOK BABU IRFAN,2,2022-10-03
2022,41,DHOK BABU IRFAN,4,2022-10-10
2022,42,DHOK BABU IRFAN,0,2022-10-17
2022,43,DHOK BABU IRFAN,1,2022-10-24
2022,44,DHOK BABU IRFAN,0,2022-10-31
2022,45,DHOK BABU IRFAN,2,2022-11-07
2022,46,DHOK BABU IRFAN,0,2022-11-14
2022,47,DHOK BABU IRFAN,0,2022-11-21
2022,48,DHOK BABU IRFAN,0,2022-11-28
2022,49,DHOK BABU IRFAN,0,2022-12-05
2022,50,DHOK BABU IRFAN,0,2022-12-12
2022,51,DHOK BABU IRFAN,0,2022-12-19
2022,52,DHOK BABU IRFAN,0,2022-12-26
2023,1,DHOK BABU IRFAN,0,2023-01-02
2023,2,DHOK BABU IRFAN,0,2023-01-09
2023,3,DHOK BABU IRFAN,0,2023-01-16
2023,4,DHOK BABU IRFAN,0,2023-01-23
2023,5,DHOK BABU IRFAN,0,2023-01-30
2023,6,DHOK BABU IRFAN,0,2023-02-06
2023,7,DHOK BABU IRFAN,0,2023-02-13
2023,8,DHOK BABU IRFAN,0,2023-02-20
2023,9,DHOK BABU IRFAN,0,2023-02-27
2023,10,DHOK BABU IRFAN,0,2023-03-06
2023,11,DHOK BABU IRFAN,0,2023-03-13
2023,12,DHOK BABU IRFAN,0,2023-03-20
2023,13,DHOK BABU IRFAN,0,2023-03-27
2023,14,DHOK BABU IRFAN,0,2023-04-03
2023,15,DHOK BABU IRFAN,0,2023-04-10
2023,16,DHOK BABU IRFAN,0,2023-04-17
2023,17,DHOK BABU IRFAN,0,2023-04-24
2023,18,DHOK BABU IRFAN,0,2023-05-01
2023,19,DHOK BABU IRFAN,0,2023-05-08
2023,20,DHOK BABU IRFAN,0,2023-05-15
2023,21,DHOK BABU IRFAN,0,2023-05-22
2023,22,DHOK BABU IRFAN,0,2023-05-29
2023,23,DHOK BABU IRFAN,0,2023-06-05
2023,24,DHOK BABU IRFAN,0,2023-06-12
2023,25,DHOK BABU IRFAN,0,2023-06-19
2023,26,DHOK BABU IRFAN,0,2023-06-26
2023,27,DHOK BABU IRFAN,0,2023-07-03
2023,28,DHOK BABU IRFAN,0,2023-07-10
2023,29,DHOK BABU IRFAN,1,2023-07-17
2023,30,DHOK BABU IRFAN,0,2023-07-24
2023,31,DHOK BABU IRFAN,0,2023-07-31
2023,32,DHOK BABU IRFAN,0,2023-08-07
2023,33,DHOK BABU IRFAN,0,2023-08-14
2023,34,DHOK BABU IRFAN,0,2023-08-21
2023,35,DHOK BABU IRFAN,0,2023-08-28
2023,36,DHOK BABU IRFAN,0,2023-09-04
2023,37,DHOK BABU IRFAN,0,2023-09-11
2023,38,DHOK BABU IRFAN,0,2023-09-18
2023,39,DHOK BABU IRFAN,1,2023-09-25
2023,40,DHOK BABU IRFAN,0,2023-10-02
2023,41,DHOK BABU IRFAN,0,2023-10-09
2023,42,DHOK BABU IRFAN,0,2023-10-16
2023,43,DHOK BABU IRFAN,0,2023-10-23
2023,44,DHOK BABU IRFAN,0,2023-10-30
2023,45,DHOK BABU IRFAN,0,2023-11-06
2023,46,DHOK BABU IRFAN,0,2023-11-13
2023,47,DHOK BABU IRFAN,0,2023-11-20
2023,48,DHOK BABU IRFAN,0,2023-11-27
2023,49,DHOK BABU IRFAN,0,2023-12-04
2023,50,DHOK BABU IRFAN,0,2023-12-11
2023,51,DHOK BABU IRFAN,0,2023-12-18
2023,52,DHOK BABU IRFAN,0,2023-12-25
2024,1,DHOK BABU IRFAN,0,2024-01-01
2024,2,DHOK BABU IRFAN,0,2024-01-08
2024,3,DHOK BABU IRFAN,0,2024-01-15
2024,4,DHOK BABU IRFAN,0,2024-01-22
2024,5,DHOK BABU IRFAN,0,2024-01-29
2024,6,DHOK BABU IRFAN,0,2024-02-05
2024,7,DHOK BABU IRFAN,0,2024-02-12
2024,8,DHOK BABU IRFAN,0,2024-02-19
2024,9,DHOK BABU IRFAN,0,2024-02-26
2024,10,DHOK BABU IRFAN,0,2024-03-04
2024,11,DHOK BABU IRFAN,0,2024-03-11
2024,12,DHOK BABU IRFAN,0,2024-03-18
2024,13,DHOK BABU IRFAN,0,2024-03-25
2024,14,DHOK BABU IRFAN,0,2024-04-01
2024,15,DHOK BABU IRFAN,0,2024-04-08
2024,16,DHOK BABU IRFAN,0,2024-04-15
2024,17,DHOK BABU IRFAN,0,2024-04-22
2024,18,DHOK BABU IRFAN,0,2024-04-29
2024,19,DHOK BABU IRFAN,0,2024-05-06
2024,20,DHOK BABU IRFAN,0,2024-05-13
2024,21,DHOK BABU IRFAN,0,2024-05-20
2024,22,DHOK BABU IRFAN,0,2024-05-27
2024,23,DHOK BABU IRFAN,0,2024-06-03
2024,24,DHOK BABU IRFAN,0,2024-06-10
2024,25,DHOK BABU IRFAN,0,2024-06-17
2024,26,DHOK BABU IRFAN,0,2024-06-24
2024,27,DHOK BABU IRFAN,0,2024-07-01
2024,28,DHOK BABU IRFAN,0,2024-07-08
2024,29,DHOK BABU IRFAN,0,2024-07-15
2024,30,DHOK BABU IRFAN,0,2024-07-22
2024,31,DHOK BABU IRFAN,0,2024-07-29
2024,32,DHOK BABU IRFAN,0,2024-08-05
2024,33,DHOK BABU IRFAN,0,2024-08-12
2024,34,DHOK BABU IRFAN,0,2024-08-19
2024,35,DHOK BABU IRFAN,0,2024-08-26
2024,36,DHOK BABU IRFAN,0,2024-09-02
2024,37,DHOK BABU IRFAN,3,2024-09-09
2024,38,DHOK BABU IRFAN,0,2024-09-16
2024,39,DHOK BABU IRFAN,1,2024-09-23
2024,40,DHOK BABU IRFAN,1,2024-09-30
2024,41,DHOK BABU IRFAN,2,2024-10-07
2024,42,DHOK BABU IRFAN,3,2024-10-14
2024,43,DHOK BABU IRFAN,1,2024-10-21
2024,44,DHOK BABU IRFAN,1,2024-10-28
2024,45,DHOK BABU IRFAN,3,2024-11-04
2024,46,DHOK BABU IRFAN,0,2024-11-11
2024,47,DHOK BABU IRFAN,0,2024-11-18
2024,48,DHOK BABU IRFAN,0,2024-11-25
2024,49,DHOK BABU IRFAN,0,2024-12-02
2024,50,DHOK BABU IRFAN,0,2024-12-09
2024,51,DHOK BABU IRFAN,0,2024-12-16
2024,52,DHOK BABU IRFAN,0,2024-12-23
2021,1,DHOK DALAL,0,2021-01-04
2021,2,DHOK DALAL,0,2021-01-11
2021,3,DHOK DALAL,0,2021-01-18
2021,4,DHOK DALAL,0,2021-01-25
2021,5,DHOK DALAL,0,2021-02-01
2021,6,DHOK DALAL,0,2021-02-08
2021,7,DHOK DALAL,0,2021-02-15
2021,8,DHOK DALAL,0,2021-02-22
2021,9,DHOK DALAL,0,2021-03-01
2021,10,DHOK DALAL,0,2021-03-08
2021,11,DHOK DALAL,0,2021-03-15
2021,12,DHOK DALAL,0,2021-03-22
2021,13,DHOK DALAL,0,2021-03-29
2021,14,DHOK DALAL,0,2021-04-05
2021,15,DHOK DALAL,0,2021-04-12
2021,16,DHOK DALAL,0,2021-04-19
2021,17,DHOK DALAL,0,2021-04-26
2021,18,DHOK DALAL,0,2021-05-03
2021,19,DHOK DALAL,0,2021-05-10
2021,20,DHOK DALAL,0,2021-05-17
2021,21,DHOK DALAL,0,2021-05-24
2021,22,DHOK DALAL,0,2021-05-31
2021,23,DHOK DALAL,0,2021-06-07
2021,24,DHOK DALAL,0,2021-06-14
2021,25,DHOK DALAL,0,2021-06-21
2021,26,DHOK DALAL,0,2021-06-28
2021,27,DHOK DALAL,0,2021-07-05
2021,28,DHOK DALAL,0,2021-07-12
2021,29,DHOK DALAL,0,2021-07-19
2021,30,DHOK DALAL,0,2021-07-26
2021,31,DHOK DALAL,0,2021-08-02
2021,32,DHOK DALAL,0,2021-08-09
2021,33,DHOK DALAL,0,2021-08-16
2021,34,DHOK DALAL,0,2021-08-23
2021,35,DHOK DALAL,0,2021-08-30
2021,36,DHOK DALAL,0,2021-09-06
2021,37,DHOK DALAL,2,2021-09-13
2021,38,DHOK DALAL,0,2021-09-20
2021,39,DHOK DALAL,3,2021-09-27
2021,40,DHOK DALAL,1,2021-10-04
2021,41,DHOK DALAL,2,2021-10-11
2021,42,DHOK DALAL,1,2021-10-18
2021,43,DHOK DALAL,4,2021-10-25
2021,44,DHOK DALAL,0,2021-11-01
2021,45,DHOK DALAL,0,2021-11-08
2021,46,DHOK DALAL,0,2021-11-15
2021,47,DHOK DALAL,0,2021-11-22
2021,48,DHOK DALAL,0,2021-11-29
2021,49,DHOK DALAL,0,2021-12-06
2021,50,DHOK DALAL,0,2021-12-13
2021,51,DHOK DALAL,0,2021-12-20
2021,52,DHOK DALAL,0,2021-12-27
2022,1,DHOK DALAL,0,2022-01-03
2022,2,DHOK DALAL,0,2022-01-10
2022,3,DHOK DALAL,0,2022-01-17
2022,4,DHOK DALAL,0,2022-01-24
2022,5,DHOK DALAL,0,2022-01-31
2022,6,DHOK DALAL,0,2022-02-07
2022,7,DHOK DALAL,0,2022-02-14
2022,8,DHOK DALAL,0,2022-02-21
2022,9,DHOK DALAL,0,2022-02-28
2022,10,DHOK DALAL,0,2022-03-07
2022,11,DHOK DALAL,0,2022-03-14
2022,12,DHOK DALAL,0,2022-03-21
2022,13,DHOK DALAL,0,2022-03-28
2022,14,DHOK DALAL,0,2022-04-04
2022,15,DHOK DALAL,0,2022-04-11
2022,16,DHOK DALAL,0,2022-04-18
2022,17,DHOK DALAL,0,2022-04-25
2022,18,DHOK DALAL,0,2022-05-02
2022,19,DHOK DALAL,0,2022-05-09
2022,20,DHOK DALAL,0,2022-05-16
2022,21,DHOK DALAL,0,2022-05-23
2022,22,DHOK DALAL,0,2022-05-30
2022,23,DHOK DALAL,0,2022-06-06
2022,24,DHOK DALAL,0,2022-06-13
2022,25,DHOK DALAL,0,2022-06-20
2022,26,DHOK DALAL,0,2022-06-27
2022,27,DHOK DALAL,0,2022-07-04
2022,28,DHOK DALAL,0,2022-07-11
2022,29,DHOK DALAL,0,2022-07-18
2022,30,DHOK DALAL,0,2022-07-25
2022,31,DHOK DALAL,0,2022-08-01
2022,32,DHOK DALAL,0,2022-08-08
2022,33,DHOK DALAL,0,2022-08-15
2022,34,DHOK DALAL,0,2022-08-22
2022,35,DHOK DALAL,0,2022-08-29
2022,36,DHOK DALAL,1,2022-09-05
2022,37,DHOK DALAL,1,2022-09-12
2022,38,DHOK DALAL,1,2022-09-19
2022,39,DHOK DALAL,1,2022-09-26
2022,40,DHOK DALAL,1,2022-10-03
2022,41,DHOK DALAL,2,2022-10-10
2022,42,DHOK DALAL,5,2022-10-17
2022,43,DHOK DALAL,1,2022-10-24
2022,44,DHOK DALAL,1,2022-10-31
2022,45,DHOK DALAL,0,2022-11-07
2022,46,DHOK DALAL,0,2022-11-14
2022,47,DHOK DALAL,0,2022-11-21
2022,48,DHOK DALAL,0,2022-11-28
2022,49,DHOK DALAL,0,2022-12-05
2022,50,DHOK DALAL,0,2022-12-12
2022,51,DHOK DALAL,0,2022-12-19
2022,52,DHOK DALAL,0,2022-12-26
2023,1,DHOK DALAL,0,2023-01-02
2023,2,DHOK DALAL,0,2023-01-09
2023,3,DHOK DALAL,0,2023-01-16
2023,4,DHOK DALAL,0,2023-01-23
2023,5,DHOK DALAL,0,2023-01-30
2023,6,DHOK DALAL,0,2023-02-06
2023,7,DHOK DALAL,0,2023-02-13
2023,8,DHOK DALAL,0,2023-02-20
2023,9,DHOK DALAL,0,2023-02-27
2023,10,DHOK DALAL,0,2023-03-06
2023,11,DHOK DALAL,0,2023-03-13
2023,12,DHOK DALAL,0,2023-03-20
2023,13,DHOK DALAL,0,2023-03-27
2023,14,DHOK DALAL,0,2023-04-03
2023,15,DHOK DALAL,0,2023-04-10
2023,16,DHOK DALAL,0,2023-04-17
2023,17,DHOK DALAL,0,2023-04-24
2023,18,DHOK DALAL,0,2023-05-01
2023,19,DHOK DALAL,0,2023-05-08
2023,20,DHOK DALAL,0,2023-05-15
2023,21,DHOK DALAL,0,2023-05-22
2023,22,DHOK DALAL,0,2023-05-29
2023,23,DHOK DALAL,0,2023-06-05
2023,24,DHOK DALAL,0,2023-06-12
2023,25,DHOK DALAL,0,2023-06-19
2023,26,DHOK DALAL,0,2023-06-26
2023,27,DHOK DALAL,0,2023-07-03
2023,28,DHOK DALAL,0,2023-07-10
2023,29,DHOK DALAL,0,2023-07-17
2023,30,DHOK DALAL,0,2023-07-24
2023,31,DHOK DALAL,0,2023-07-31
2023,32,DHOK DALAL,0,2023-08-07
2023,33,DHOK DALAL,0,2023-08-14
2023,34,DHOK DALAL,0,2023-08-21
2023,35,DHOK DALAL,0,2023-08-28
2023,36,DHOK DALAL,0,2023-09-04
2023,37,DHOK DALAL,0,2023-09-11
2023,38,DHOK DALAL,0,2023-09-18
2023,39,DHOK DALAL,2,2023-09-25
2023,40,DHOK DALAL,0,2023-10-02
2023,41,DHOK DALAL,1,2023-10-09
2023,42,DHOK DALAL,1,2023-10-16
2023,43,DHOK DALAL,0,2023-10-23
2023,44,DHOK DALAL,0,2023-10-30
2023,45,DHOK DALAL,0,2023-11-06
2023,46,DHOK DALAL,0,2023-11-13
2023,47,DHOK DALAL,1,2023-11-20
2023,48,DHOK DALAL,0,2023-11-27
2023,49,DHOK DALAL,0,2023-12-04
2023,50,DHOK DALAL,0,2023-12-11
2023,51,DHOK DALAL,0,2023-12-18
2023,52,DHOK DALAL,0,2023-12-25
2024,1,DHOK DALAL,0,2024-01-01
2024,2,DHOK DALAL,0,2024-01-08
2024,3,DHOK DALAL,0,2024-01-15
2024,4,DHOK DALAL,0,2024-01-22
2024,5,DHOK DALAL,0,2024-01-29
2024,6,DHOK DALAL,0,2024-02-05
2024,7,DHOK DALAL,0,2024-02-12
2024,8,DHOK DALAL,0,2024-02-19
2024,9,DHOK DALAL,0,2024-02-26
2024,10,DHOK DALAL,0,2024-03-04
2024,11,DHOK DALAL,0,2024-03-11
2024,12,DHOK DALAL,0,2024-03-18
2024,13,DHOK DALAL,0,2024-03-25
2024,14,DHOK DALAL,0,2024-04-01
2024,15,DHOK DALAL,0,2024-04-08
2024,16,DHOK DALAL,0,2024-04-15
2024,17,DHOK DALAL,0,2024-04-22
2024,18,DHOK DALAL,0,2024-04-29
2024,19,DHOK DALAL,0,2024-05-06
2024,20,DHOK DALAL,0,2024-05-13
2024,21,DHOK DALAL,0,2024-05-20
2024,22,DHOK DALAL,0,2024-05-27
2024,23,DHOK DALAL,0,2024-06-03
2024,24,DHOK DALAL,0,2024-06-10
2024,25,DHOK DALAL,0,2024-06-17
2024,26,DHOK DALAL,0,2024-06-24
2024,27,DHOK DALAL,0,2024-07-01
2024,28,DHOK DALAL,0,2024-07-08
2024,29,DHOK DALAL,0,2024-07-15
2024,30,DHOK DALAL,0,2024-07-22
2024,31,DHOK DALAL,0,2024-07-29
2024,32,DHOK DALAL,0,2024-08-05
2024,33,DHOK DALAL,0,2024-08-12
2024,34,DHOK DALAL,0,2024-08-19
2024,35,DHOK DALAL,0,2024-08-26
2024,36,DHOK DALAL,0,2024-09-02
2024,37,DHOK DALAL,0,2024-09-09
2024,38,DHOK DALAL,0,2024-09-16
2024,39,DHOK DALAL,1,2024-09-23
2024,40,DHOK DALAL,3,2024-09-30
2024,41,DHOK DALAL,1,2024-10-07
2024,42,DHOK DALAL,1,2024-10-14
2024,43,DHOK DALAL,2,2024-10-21
2024,44,DHOK DALAL,4,2024-10-28
2024,45,DHOK DALAL,0,2024-11-04
2024,46,DHOK DALAL,1,2024-11-11
2024,47,DHOK DALAL,2,2024-11-18
2024,48,DHOK DALAL,0,2024-11-25
2024,49,DHOK DALAL,0,2024-12-02
2024,50,DHOK DALAL,0,2024-12-09
2024,51,DHOK DALAL,1,2024-12-16
2024,52,DHOK DALAL,0,2024-12-23
2021,1,DHOK FARMAN ALI,0,2021-01-04
2021,2,DHOK FARMAN ALI,0,2021-01-11
2021,3,DHOK FARMAN ALI,0,2021-01-18
2021,4,DHOK FARMAN ALI,0,2021-01-25
2021,5,DHOK FARMAN ALI,0,2021-02-01
2021,6,DHOK FARMAN ALI,0,2021-02-08
2021,7,DHOK FARMAN ALI,0,2021-02-15
2021,8,DHOK FARMAN ALI,0,2021-02-22
2021,9,DHOK FARMAN ALI,0,2021-03-01
2021,10,DHOK FARMAN ALI,0,2021-03-08
2021,11,DHOK FARMAN ALI,0,2021-03-15
2021,12,DHOK FARMAN ALI,0,2021-03-22
2021,13,DHOK FARMAN ALI,0,2021-03-29
2021,14,DHOK FARMAN ALI,0,2021-04-05
2021,15,DHOK FARMAN ALI,0,2021-04-12
2021,16,DHOK FARMAN ALI,0,2021-04-19
2021,17,DHOK FARMAN ALI,0,2021-04-26
2021,18,DHOK FARMAN ALI,0,2021-05-03
2021,19,DHOK FARMAN ALI,0,2021-05-10
2021,20,DHOK FARMAN ALI,0,2021-05-17
2021,21,DHOK FARMAN ALI,0,2021-05-24
2021,22,DHOK FARMAN ALI,0,2021-05-31
2021,23,DHOK FARMAN ALI,0,2021-06-07
2021,24,DHOK FARMAN ALI,0,2021-06-14
2021,25,DHOK FARMAN ALI,0,2021-06-21
2021,26,DHOK FARMAN ALI,0,2021-06-28
2021,27,DHOK FARMAN ALI,0,2021-07-05
2021,28,DHOK FARMAN ALI,0,2021-07-12
2021,29,DHOK FARMAN ALI,0,2021-07-19
2021,30,DHOK FARMAN ALI,0,2021-07-26
2021,31,DHOK FARMAN ALI,0,2021-08-02
2021,32,DHOK FARMAN ALI,0,2021-08-09
2021,33,DHOK FARMAN ALI,0,2021-08-16
2021,34,DHOK FARMAN ALI,0,2021-08-23
2021,35,DHOK FARMAN ALI,0,2021-08-30
2021,36,DHOK FARMAN ALI,0,2021-09-06
2021,37,DHOK FARMAN ALI,0,2021-09-13
2021,38,DHOK FARMAN ALI,0,2021-09-20
2021,39,DHOK FARMAN ALI,0,2021-09-27
2021,40,DHOK FARMAN ALI,0,2021-10-04
2021,41,DHOK FARMAN ALI,0,2021-10-11
2021,42,DHOK FARMAN ALI,1,2021-10-18
2021,43,DHOK FARMAN ALI,1,2021-10-25
2021,44,DHOK FARMAN ALI,0,2021-11-01
2021,45,DHOK FARMAN ALI,0,2021-11-08
2021,46,DHOK FARMAN ALI,0,2021-11-15
2021,47,DHOK FARMAN ALI,0,2021-11-22
2021,48,DHOK FARMAN ALI,0,2021-11-29
2021,49,DHOK FARMAN ALI,0,2021-12-06
2021,50,DHOK FARMAN ALI,0,2021-12-13
2021,51,DHOK FARMAN ALI,0,2021-12-20
2021,52,DHOK FARMAN ALI,0,2021-12-27
2022,1,DHOK FARMAN ALI,0,2022-01-03
2022,2,DHOK FARMAN ALI,0,2022-01-10
2022,3,DHOK FARMAN ALI,0,2022-01-17
2022,4,DHOK FARMAN ALI,0,2022-01-24
2022,5,DHOK FARMAN ALI,0,2022-01-31
2022,6,DHOK FARMAN ALI,0,2022-02-07
2022,7,DHOK FARMAN ALI,0,2022-02-14
2022,8,DHOK FARMAN ALI,0,2022-02-21
2022,9,DHOK FARMAN ALI,0,2022-02-28
2022,10,DHOK FARMAN ALI,0,2022-03-07
2022,11,DHOK FARMAN ALI,0,2022-03-14
2022,12,DHOK FARMAN ALI,0,2022-03-21
2022,13,DHOK FARMAN ALI,0,2022-03-28
2022,14,DHOK FARMAN ALI,0,2022-04-04
2022,15,DHOK FARMAN ALI,0,2022-04-11
2022,16,DHOK FARMAN ALI,0,2022-04-18
2022,17,DHOK FARMAN ALI,0,2022-04-25
2022,18,DHOK FARMAN ALI,0,2022-05-02
2022,19,DHOK FARMAN ALI,0,2022-05-09
2022,20,DHOK FARMAN ALI,0,2022-05-16
2022,21,DHOK FARMAN ALI,0,2022-05-23
2022,22,DHOK FARMAN ALI,0,2022-05-30
2022,23,DHOK FARMAN ALI,0,2022-06-06
2022,24,DHOK FARMAN ALI,0,2022-06-13
2022,25,DHOK FARMAN ALI,0,2022-06-20
2022,26,DHOK FARMAN ALI,0,2022-06-27
2022,27,DHOK FARMAN ALI,0,2022-07-04
2022,28,DHOK FARMAN ALI,0,2022-07-11
2022,29,DHOK FARMAN ALI,0,2022-07-18
2022,30,DHOK FARMAN ALI,0,2022-07-25
2022,31,DHOK FARMAN ALI,0,2022-08-01
2022,32,DHOK FARMAN ALI,0,2022-08-08
2022,33,DHOK FARMAN ALI,0,2022-08-15
2022,34,DHOK FARMAN ALI,0,2022-08-22
2022,35,DHOK FARMAN ALI,0,2022-08-29
2022,36,DHOK FARMAN ALI,1,2022-09-05
2022,37,DHOK FARMAN ALI,1,2022-09-12
2022,38,DHOK FARMAN ALI,7,2022-09-19
2022,39,DHOK FARMAN ALI,1,2022-09-26
2022,40,DHOK FARMAN ALI,9,2022-10-03
2022,41,DHOK FARMAN ALI,6,2022-10-10
2022,42,DHOK FARMAN ALI,0,2022-10-17
2022,43,DHOK FARMAN ALI,0,2022-10-24
2022,44,DHOK FARMAN ALI,0,2022-10-31
2022,45,DHOK FARMAN ALI,0,2022-11-07
2022,46,DHOK FARMAN ALI,0,2022-11-14
2022,47,DHOK FARMAN ALI,0,2022-11-21
2022,48,DHOK FARMAN ALI,0,2022-11-28
2022,49,DHOK FARMAN ALI,0,2022-12-05
2022,50,DHOK FARMAN ALI,0,2022-12-12
2022,51,DHOK FARMAN ALI,0,2022-12-19
2022,52,DHOK FARMAN ALI,0,2022-12-26
2023,1,DHOK FARMAN ALI,0,2023-01-02
2023,2,DHOK FARMAN ALI,0,2023-01-09
2023,3,DHOK FARMAN ALI,0,2023-01-16
2023,4,DHOK FARMAN ALI,0,2023-01-23
2023,5,DHOK FARMAN ALI,0,2023-01-30
2023,6,DHOK FARMAN ALI,0,2023-02-06
2023,7,DHOK FARMAN ALI,0,2023-02-13
2023,8,DHOK FARMAN ALI,0,2023-02-20
2023,9,DHOK FARMAN ALI,0,2023-02-27
2023,10,DHOK FARMAN ALI,0,2023-03-06
2023,11,DHOK FARMAN ALI,0,2023-03-13
2023,12,DHOK FARMAN ALI,0,2023-03-20
2023,13,DHOK FARMAN ALI,0,2023-03-27
2023,14,DHOK FARMAN ALI,0,2023-04-03
2023,15,DHOK FARMAN ALI,0,2023-04-10
2023,16,DHOK FARMAN ALI,0,2023-04-17
2023,17,DHOK FARMAN ALI,0,2023-04-24
2023,18,DHOK FARMAN ALI,0,2023-05-01
2023,19,DHOK FARMAN ALI,0,2023-05-08
2023,20,DHOK FARMAN ALI,0,2023-05-15
2023,21,DHOK FARMAN ALI,0,2023-05-22
2023,22,DHOK FARMAN ALI,0,2023-05-29
2023,23,DHOK FARMAN ALI,0,2023-06-05
2023,24,DHOK FARMAN ALI,0,2023-06-12
2023,25,DHOK FARMAN ALI,0,2023-06-19
2023,26,DHOK FARMAN ALI,0,2023-06-26
2023,27,DHOK FARMAN ALI,0,2023-07-03
2023,28,DHOK FARMAN ALI,0,2023-07-10
2023,29,DHOK FARMAN ALI,0,2023-07-17
2023,30,DHOK FARMAN ALI,0,2023-07-24
2023,31,DHOK FARMAN ALI,0,2023-07-31
2023,32,DHOK FARMAN ALI,0,2023-08-07
2023,33,DHOK FARMAN ALI,0,2023-08-14
2023,34,DHOK FARMAN ALI,0,2023-08-21
2023,35,DHOK FARMAN ALI,0,2023-08-28
2023,36,DHOK FARMAN ALI,0,2023-09-04
2023,37,DHOK FARMAN ALI,0,2023-09-11
2023,38,DHOK FARMAN ALI,0,2023-09-18
2023,39,DHOK FARMAN ALI,0,2023-09-25
2023,40,DHOK FARMAN ALI,1,2023-10-02
2023,41,DHOK FARMAN ALI,0,2023-10-09
2023,42,DHOK FARMAN ALI,0,2023-10-16
2023,43,DHOK FARMAN ALI,0,2023-10-23
2023,44,DHOK FARMAN ALI,0,2023-10-30
2023,45,DHOK FARMAN ALI,1,2023-11-06
2023,46,DHOK FARMAN ALI,2,2023-11-13
2023,47,DHOK FARMAN ALI,0,2023-11-20
2023,48,DHOK FARMAN ALI,0,2023-11-27
2023,49,DHOK FARMAN ALI,0,2023-12-04
2023,50,DHOK FARMAN ALI,0,2023-12-11
2023,51,DHOK FARMAN ALI,0,2023-12-18
2023,52,DHOK FARMAN ALI,0,2023-12-25
2024,1,DHOK FARMAN ALI,0,2024-01-01
2024,2,DHOK FARMAN ALI,0,2024-01-08
2024,3,DHOK FARMAN ALI,0,2024-01-15
2024,4,DHOK FARMAN ALI,0,2024-01-22
2024,5,DHOK FARMAN ALI,0,2024-01-29
2024,6,DHOK FARMAN ALI,0,2024-02-05
2024,7,DHOK FARMAN ALI,0,2024-02-12
2024,8,DHOK FARMAN ALI,0,2024-02-19
2024,9,DHOK FARMAN ALI,0,2024-02-26
2024,10,DHOK FARMAN ALI,0,2024-03-04
2024,11,DHOK FARMAN ALI,0,2024-03-11
2024,12,DHOK FARMAN ALI,0,2024-03-18
2024,13,DHOK FARMAN ALI,0,2024-03-25
2024,14,DHOK FARMAN ALI,0,2024-04-01
2024,15,DHOK FARMAN ALI,0,2024-04-08
2024,16,DHOK FARMAN ALI,0,2024-04-15
2024,17,DHOK FARMAN ALI,0,2024-04-22
2024,18,DHOK FARMAN ALI,0,2024-04-29
2024,19,DHOK FARMAN ALI,0,2024-05-06
2024,20,DHOK FARMAN ALI,0,2024-05-13
2024,21,DHOK FARMAN ALI,0,2024-05-20
2024,22,DHOK FARMAN ALI,0,2024-05-27
2024,23,DHOK FARMAN ALI,0,2024-06-03
2024,24,DHOK FARMAN ALI,0,2024-06-10
2024,25,DHOK FARMAN ALI,0,2024-06-17
2024,26,DHOK FARMAN ALI,0,2024-06-24
2024,27,DHOK FARMAN ALI,0,2024-07-01
2024,28,DHOK FARMAN ALI,0,2024-07-08
2024,29,DHOK FARMAN ALI,0,2024-07-15
2024,30,DHOK FARMAN ALI,0,2024-07-22
2024,31,DHOK FARMAN ALI,0,2024-07-29
2024,32,DHOK FARMAN ALI,0,2024-08-05
2024,33,DHOK FARMAN ALI,0,2024-08-12
2024,34,DHOK FARMAN ALI,0,2024-08-19
2024,35,DHOK FARMAN ALI,0,2024-08-26
2024,36,DHOK FARMAN ALI,0,2024-09-02
2024,37,DHOK FARMAN ALI,2,2024-09-09
2024,38,DHOK FARMAN ALI,5,2024-09-16
2024,39,DHOK FARMAN ALI,3,2024-09-23
2024,40,DHOK FARMAN ALI,6,2024-09-30
2024,41,DHOK FARMAN ALI,8,2024-10-07
2024,42,DHOK FARMAN ALI,6,2024-10-14
2024,43,DHOK FARMAN ALI,7,2024-10-21
2024,44,DHOK FARMAN ALI,6,2024-10-28
2024,45,DHOK FARMAN ALI,4,2024-11-04
2024,46,DHOK FARMAN ALI,2,2024-11-11
2024,47,DHOK FARMAN ALI,0,2024-11-18
2024,48,DHOK FARMAN ALI,0,2024-11-25
2024,49,DHOK FARMAN ALI,0,2024-12-02
2024,50,DHOK FARMAN ALI,0,2024-12-09
2024,51,DHOK FARMAN ALI,0,2024-12-16
2024,52,DHOK FARMAN ALI,0,2024-12-23
2021,1,DHOK HASSU(NORTH),0,2021-01-04
2021,2,DHOK HASSU(NORTH),0,2021-01-11
2021,3,DHOK HASSU(NORTH),0,2021-01-18
2021,4,DHOK HASSU(NORTH),0,2021-01-25
2021,5,DHOK HASSU(NORTH),0,2021-02-01
2021,6,DHOK HASSU(NORTH),0,2021-02-08
2021,7,DHOK HASSU(NORTH),0,2021-02-15
2021,8,DHOK HASSU(NORTH),0,2021-02-22
2021,9,DHOK HASSU(NORTH),0,2021-03-01
2021,10,DHOK HASSU(NORTH),0,2021-03-08
2021,11,DHOK HASSU(NORTH),0,2021-03-15
2021,12,DHOK HASSU(NORTH),0,2021-03-22
2021,13,DHOK HASSU(NORTH),0,2021-03-29
2021,14,DHOK HASSU(NORTH),0,2021-04-05
2021,15,DHOK HASSU(NORTH),0,2021-04-12
2021,16,DHOK HASSU(NORTH),0,2021-04-19
2021,17,DHOK HASSU(NORTH),0,2021-04-26
2021,18,DHOK HASSU(NORTH),0,2021-05-03
2021,19,DHOK HASSU(NORTH),0,2021-05-10
2021,20,DHOK HASSU(NORTH),0,2021-05-17
2021,21,DHOK HASSU(NORTH),0,2021-05-24
2021,22,DHOK HASSU(NORTH),0,2021-05-31
2021,23,DHOK HASSU(NORTH),0,2021-06-07
2021,24,DHOK HASSU(NORTH),0,2021-06-14
2021,25,DHOK HASSU(NORTH),0,2021-06-21
2021,26,DHOK HASSU(NORTH),0,2021-06-28
2021,27,DHOK HASSU(NORTH),0,2021-07-05
2021,28,DHOK HASSU(NORTH),0,2021-07-12
2021,29,DHOK HASSU(NORTH),0,2021-07-19
2021,30,DHOK HASSU(NORTH),0,2021-07-26
2021,31,DHOK HASSU(NORTH),0,2021-08-02
2021,32,DHOK HASSU(NORTH),0,2021-08-09
2021,33,DHOK HASSU(NORTH),0,2021-08-16
2021,34,DHOK HASSU(NORTH),0,2021-08-23
2021,35,DHOK HASSU(NORTH),0,2021-08-30
2021,36,DHOK HASSU(NORTH),0,2021-09-06
2021,37,DHOK HASSU(NORTH),0,2021-09-13
2021,38,DHOK HASSU(NORTH),0,2021-09-20
2021,39,DHOK HASSU(NORTH),0,2021-09-27
2021,40,DHOK HASSU(NORTH),0,2021-10-04
2021,41,DHOK HASSU(NORTH),0,2021-10-11
2021,42,DHOK HASSU(NORTH),0,2021-10-18
2021,43,DHOK HASSU(NORTH),0,2021-10-25
2021,44,DHOK HASSU(NORTH),0,2021-11-01
2021,45,DHOK HASSU(NORTH),0,2021-11-08
2021,46,DHOK HASSU(NORTH),0,2021-11-15
2021,47,DHOK HASSU(NORTH),0,2021-11-22
2021,48,DHOK HASSU(NORTH),0,2021-11-29
2021,49,DHOK HASSU(NORTH),0,2021-12-06
2021,50,DHOK HASSU(NORTH),0,2021-12-13
2021,51,DHOK HASSU(NORTH),0,2021-12-20
2021,52,DHOK HASSU(NORTH),0,2021-12-27
2022,1,DHOK HASSU(NORTH),0,2022-01-03
2022,2,DHOK HASSU(NORTH),0,2022-01-10
2022,3,DHOK HASSU(NORTH),0,2022-01-17
2022,4,DHOK HASSU(NORTH),0,2022-01-24
2022,5,DHOK HASSU(NORTH),0,2022-01-31
2022,6,DHOK HASSU(NORTH),0,2022-02-07
2022,7,DHOK HASSU(NORTH),0,2022-02-14
2022,8,DHOK HASSU(NORTH),0,2022-02-21
2022,9,DHOK HASSU(NORTH),0,2022-02-28
2022,10,DHOK HASSU(NORTH),0,2022-03-07
2022,11,DHOK HASSU(NORTH),0,2022-03-14
2022,12,DHOK HASSU(NORTH),0,2022-03-21
2022,13,DHOK HASSU(NORTH),0,2022-03-28
2022,14,DHOK HASSU(NORTH),0,2022-04-04
2022,15,DHOK HASSU(NORTH),0,2022-04-11
2022,16,DHOK HASSU(NORTH),0,2022-04-18
2022,17,DHOK HASSU(NORTH),0,2022-04-25
2022,18,DHOK HASSU(NORTH),0,2022-05-02
2022,19,DHOK HASSU(NORTH),0,2022-05-09
2022,20,DHOK HASSU(NORTH),0,2022-05-16
2022,21,DHOK HASSU(NORTH),0,2022-05-23
2022,22,DHOK HASSU(NORTH),0,2022-05-30
2022,23,DHOK HASSU(NORTH),0,2022-06-06
2022,24,DHOK HASSU(NORTH),0,2022-06-13
2022,25,DHOK HASSU(NORTH),0,2022-06-20
2022,26,DHOK HASSU(NORTH),0,2022-06-27
2022,27,DHOK HASSU(NORTH),0,2022-07-04
2022,28,DHOK HASSU(NORTH),0,2022-07-11
2022,29,DHOK HASSU(NORTH),0,2022-07-18
2022,30,DHOK HASSU(NORTH),0,2022-07-25
2022,31,DHOK HASSU(NORTH),0,2022-08-01
2022,32,DHOK HASSU(NORTH),0,2022-08-08
2022,33,DHOK HASSU(NORTH),0,2022-08-15
2022,34,DHOK HASSU(NORTH),0,2022-08-22
2022,35,DHOK HASSU(NORTH),0,2022-08-29
2022,36,DHOK HASSU(NORTH),0,2022-09-05
2022,37,DHOK HASSU(NORTH),0,2022-09-12
2022,38,DHOK HASSU(NORTH),0,2022-09-19
2022,39,DHOK HASSU(NORTH),0,2022-09-26
2022,40,DHOK HASSU(NORTH),0,2022-10-03
2022,41,DHOK HASSU(NORTH),0,2022-10-10
2022,42,DHOK HASSU(NORTH),0,2022-10-17
2022,43,DHOK HASSU(NORTH),0,2022-10-24
2022,44,DHOK HASSU(NORTH),0,2022-10-31
2022,45,DHOK HASSU(NORTH),0,2022-11-07
2022,46,DHOK HASSU(NORTH),0,2022-11-14
2022,47,DHOK HASSU(NORTH),0,2022-11-21
2022,48,DHOK HASSU(NORTH),0,2022-11-28
2022,49,DHOK HASSU(NORTH),0,2022-12-05
2022,50,DHOK HASSU(NORTH),0,2022-12-12
2022,51,DHOK HASSU(NORTH),0,2022-12-19
2022,52,DHOK HASSU(NORTH),0,2022-12-26
2023,1,DHOK HASSU(NORTH),0,2023-01-02
2023,2,DHOK HASSU(NORTH),0,2023-01-09
2023,3,DHOK HASSU(NORTH),0,2023-01-16
2023,4,DHOK HASSU(NORTH),0,2023-01-23
2023,5,DHOK HASSU(NORTH),0,2023-01-30
2023,6,DHOK HASSU(NORTH),0,2023-02-06
2023,7,DHOK HASSU(NORTH),0,2023-02-13
2023,8,DHOK HASSU(NORTH),0,2023-02-20
2023,9,DHOK HASSU(NORTH),0,2023-02-27
2023,10,DHOK HASSU(NORTH),0,2023-03-06
2023,11,DHOK HASSU(NORTH),0,2023-03-13
2023,12,DHOK HASSU(NORTH),0,2023-03-20
2023,13,DHOK HASSU(NORTH),0,2023-03-27
2023,14,DHOK HASSU(NORTH),0,2023-04-03
2023,15,DHOK HASSU(NORTH),0,2023-04-10
2023,16,DHOK HASSU(NORTH),0,2023-04-17
2023,17,DHOK HASSU(NORTH),0,2023-04-24
2023,18,DHOK HASSU(NORTH),0,2023-05-01
2023,19,DHOK HASSU(NORTH),0,2023-05-08
2023,20,DHOK HASSU(NORTH),0,2023-05-15
2023,21,DHOK HASSU(NORTH),0,2023-05-22
2023,22,DHOK HASSU(NORTH),0,2023-05-29
2023,23,DHOK HASSU(NORTH),0,2023-06-05
2023,24,DHOK HASSU(NORTH),0,2023-06-12
2023,25,DHOK HASSU(NORTH),0,2023-06-19
2023,26,DHOK HASSU(NORTH),0,2023-06-26
2023,27,DHOK HASSU(NORTH),0,2023-07-03
2023,28,DHOK HASSU(NORTH),0,2023-07-10
2023,29,DHOK HASSU(NORTH),0,2023-07-17
2023,30,DHOK HASSU(NORTH),0,2023-07-24
2023,31,DHOK HASSU(NORTH),0,2023-07-31
2023,32,DHOK HASSU(NORTH),0,2023-08-07
2023,33,DHOK HASSU(NORTH),0,2023-08-14
2023,34,DHOK HASSU(NORTH),0,2023-08-21
2023,35,DHOK HASSU(NORTH),0,2023-08-28
2023,36,DHOK HASSU(NORTH),0,2023-09-04
2023,37,DHOK HASSU(NORTH),0,2023-09-11
2023,38,DHOK HASSU(NORTH),0,2023-09-18
2023,39,DHOK HASSU(NORTH),0,2023-09-25
2023,40,DHOK HASSU(NORTH),0,2023-10-02
2023,41,DHOK HASSU(NORTH),0,2023-10-09
2023,42,DHOK HASSU(NORTH),0,2023-10-16
2023,43,DHOK HASSU(NORTH),0,2023-10-23
2023,44,DHOK HASSU(NORTH),0,2023-10-30
2023,45,DHOK HASSU(NORTH),0,2023-11-06
2023,46,DHOK HASSU(NORTH),0,2023-11-13
2023,47,DHOK HASSU(NORTH),0,2023-11-20
2023,48,DHOK HASSU(NORTH),0,2023-11-27
2023,49,DHOK HASSU(NORTH),0,2023-12-04
2023,50,DHOK HASSU(NORTH),0,2023-12-11
2023,51,DHOK HASSU(NORTH),0,2023-12-18
2023,52,DHOK HASSU(NORTH),0,2023-12-25
2024,1,DHOK HASSU(NORTH),0,2024-01-01
2024,2,DHOK HASSU(NORTH),0,2024-01-08
2024,3,DHOK HASSU(NORTH),0,2024-01-15
2024,4,DHOK HASSU(NORTH),0,2024-01-22
2024,5,DHOK HASSU(NORTH),0,2024-01-29
2024,6,DHOK HASSU(NORTH),0,2024-02-05
2024,7,DHOK HASSU(NORTH),0,2024-02-12
2024,8,DHOK HASSU(NORTH),0,2024-02-19
2024,9,DHOK HASSU(NORTH),0,2024-02-26
2024,10,DHOK HASSU(NORTH),0,2024-03-04
2024,11,DHOK HASSU(NORTH),0,2024-03-11
2024,12,DHOK HASSU(NORTH),0,2024-03-18
2024,13,DHOK HASSU(NORTH),0,2024-03-25
2024,14,DHOK HASSU(NORTH),0,2024-04-01
2024,15,DHOK HASSU(NORTH),0,2024-04-08
2024,16,DHOK HASSU(NORTH),0,2024-04-15
2024,17,DHOK HASSU(NORTH),0,2024-04-22
2024,18,DHOK HASSU(NORTH),0,2024-04-29
2024,19,DHOK HASSU(NORTH),0,2024-05-06
2024,20,DHOK HASSU(NORTH),0,2024-05-13
2024,21,DHOK HASSU(NORTH),0,2024-05-20
2024,22,DHOK HASSU(NORTH),0,2024-05-27
2024,23,DHOK HASSU(NORTH),0,2024-06-03
2024,24,DHOK HASSU(NORTH),0,2024-06-10
2024,25,DHOK HASSU(NORTH),0,2024-06-17
2024,26,DHOK HASSU(NORTH),0,2024-06-24
2024,27,DHOK HASSU(NORTH),0,2024-07-01
2024,28,DHOK HASSU(NORTH),0,2024-07-08
2024,29,DHOK HASSU(NORTH),0,2024-07-15
2024,30,DHOK HASSU(NORTH),0,2024-07-22
2024,31,DHOK HASSU(NORTH),0,2024-07-29
2024,32,DHOK HASSU(NORTH),0,2024-08-05
2024,33,DHOK HASSU(NORTH),0,2024-08-12
2024,34,DHOK HASSU(NORTH),0,2024-08-19
2024,35,DHOK HASSU(NORTH),0,2024-08-26
2024,36,DHOK HASSU(NORTH),0,2024-09-02
2024,37,DHOK HASSU(NORTH),0,2024-09-09
2024,38,DHOK HASSU(NORTH),0,2024-09-16
2024,39,DHOK HASSU(NORTH),0,2024-09-23
2024,40,DHOK HASSU(NORTH),0,2024-09-30
2024,41,DHOK HASSU(NORTH),0,2024-10-07
2024,42,DHOK HASSU(NORTH),0,2024-10-14
2024,43,DHOK HASSU(NORTH),0,2024-10-21
2024,44,DHOK HASSU(NORTH),0,2024-10-28
2024,45,DHOK HASSU(NORTH),0,2024-11-04
2024,46,DHOK HASSU(NORTH),0,2024-11-11
2024,47,DHOK HASSU(NORTH),0,2024-11-18
2024,48,DHOK HASSU(NORTH),0,2024-11-25
2024,49,DHOK HASSU(NORTH),0,2024-12-02
2024,50,DHOK HASSU(NORTH),0,2024-12-09
2024,51,DHOK HASSU(NORTH),0,2024-12-16
2024,52,DHOK HASSU(NORTH),0,2024-12-23
2021,1,DHOK HASSU(SOUTH),0,2021-01-04
2021,2,DHOK HASSU(SOUTH),0,2021-01-11
2021,3,DHOK HASSU(SOUTH),0,2021-01-18
2021,4,DHOK HASSU(SOUTH),0,2021-01-25
2021,5,DHOK HASSU(SOUTH),0,2021-02-01
2021,6,DHOK HASSU(SOUTH),0,2021-02-08
2021,7,DHOK HASSU(SOUTH),0,2021-02-15
2021,8,DHOK HASSU(SOUTH),0,2021-02-22
2021,9,DHOK HASSU(SOUTH),0,2021-03-01
2021,10,DHOK HASSU(SOUTH),0,2021-03-08
2021,11,DHOK HASSU(SOUTH),0,2021-03-15
2021,12,DHOK HASSU(SOUTH),0,2021-03-22
2021,13,DHOK HASSU(SOUTH),0,2021-03-29
2021,14,DHOK HASSU(SOUTH),0,2021-04-05
2021,15,DHOK HASSU(SOUTH),0,2021-04-12
2021,16,DHOK HASSU(SOUTH),0,2021-04-19
2021,17,DHOK HASSU(SOUTH),0,2021-04-26
2021,18,DHOK HASSU(SOUTH),0,2021-05-03
2021,19,DHOK HASSU(SOUTH),0,2021-05-10
2021,20,DHOK HASSU(SOUTH),0,2021-05-17
2021,21,DHOK HASSU(SOUTH),0,2021-05-24
2021,22,DHOK HASSU(SOUTH),0,2021-05-31
2021,23,DHOK HASSU(SOUTH),0,2021-06-07
2021,24,DHOK HASSU(SOUTH),0,2021-06-14
2021,25,DHOK HASSU(SOUTH),0,2021-06-21
2021,26,DHOK HASSU(SOUTH),0,2021-06-28
2021,27,DHOK HASSU(SOUTH),0,2021-07-05
2021,28,DHOK HASSU(SOUTH),0,2021-07-12
2021,29,DHOK HASSU(SOUTH),0,2021-07-19
2021,30,DHOK HASSU(SOUTH),0,2021-07-26
2021,31,DHOK HASSU(SOUTH),0,2021-08-02
2021,32,DHOK HASSU(SOUTH),0,2021-08-09
2021,33,DHOK HASSU(SOUTH),0,2021-08-16
2021,34,DHOK HASSU(SOUTH),0,2021-08-23
2021,35,DHOK HASSU(SOUTH),0,2021-08-30
2021,36,DHOK HASSU(SOUTH),0,2021-09-06
2021,37,DHOK HASSU(SOUTH),0,2021-09-13
2021,38,DHOK HASSU(SOUTH),0,2021-09-20
2021,39,DHOK HASSU(SOUTH),0,2021-09-27
2021,40,DHOK HASSU(SOUTH),0,2021-10-04
2021,41,DHOK HASSU(SOUTH),0,2021-10-11
2021,42,DHOK HASSU(SOUTH),0,2021-10-18
2021,43,DHOK HASSU(SOUTH),0,2021-10-25
2021,44,DHOK HASSU(SOUTH),0,2021-11-01
2021,45,DHOK HASSU(SOUTH),0,2021-11-08
2021,46,DHOK HASSU(SOUTH),0,2021-11-15
2021,47,DHOK HASSU(SOUTH),0,2021-11-22
2021,48,DHOK HASSU(SOUTH),0,2021-11-29
2021,49,DHOK HASSU(SOUTH),0,2021-12-06
2021,50,DHOK HASSU(SOUTH),0,2021-12-13
2021,51,DHOK HASSU(SOUTH),0,2021-12-20
2021,52,DHOK HASSU(SOUTH),0,2021-12-27
2022,1,DHOK HASSU(SOUTH),0,2022-01-03
2022,2,DHOK HASSU(SOUTH),0,2022-01-10
2022,3,DHOK HASSU(SOUTH),0,2022-01-17
2022,4,DHOK HASSU(SOUTH),0,2022-01-24
2022,5,DHOK HASSU(SOUTH),0,2022-01-31
2022,6,DHOK HASSU(SOUTH),0,2022-02-07
2022,7,DHOK HASSU(SOUTH),0,2022-02-14
2022,8,DHOK HASSU(SOUTH),0,2022-02-21
2022,9,DHOK HASSU(SOUTH),0,2022-02-28
2022,10,DHOK HASSU(SOUTH),0,2022-03-07
2022,11,DHOK HASSU(SOUTH),0,2022-03-14
2022,12,DHOK HASSU(SOUTH),0,2022-03-21
2022,13,DHOK HASSU(SOUTH),0,2022-03-28
2022,14,DHOK HASSU(SOUTH),0,2022-04-04
2022,15,DHOK HASSU(SOUTH),0,2022-04-11
2022,16,DHOK HASSU(SOUTH),0,2022-04-18
2022,17,DHOK HASSU(SOUTH),0,2022-04-25
2022,18,DHOK HASSU(SOUTH),0,2022-05-02
2022,19,DHOK HASSU(SOUTH),0,2022-05-09
2022,20,DHOK HASSU(SOUTH),0,2022-05-16
2022,21,DHOK HASSU(SOUTH),0,2022-05-23
2022,22,DHOK HASSU(SOUTH),0,2022-05-30
2022,23,DHOK HASSU(SOUTH),0,2022-06-06
2022,24,DHOK HASSU(SOUTH),0,2022-06-13
2022,25,DHOK HASSU(SOUTH),0,2022-06-20
2022,26,DHOK HASSU(SOUTH),0,2022-06-27
2022,27,DHOK HASSU(SOUTH),0,2022-07-04
2022,28,DHOK HASSU(SOUTH),0,2022-07-11
2022,29,DHOK HASSU(SOUTH),0,2022-07-18
2022,30,DHOK HASSU(SOUTH),0,2022-07-25
2022,31,DHOK HASSU(SOUTH),0,2022-08-01
2022,32,DHOK HASSU(SOUTH),0,2022-08-08
2022,33,DHOK HASSU(SOUTH),0,2022-08-15
2022,34,DHOK HASSU(SOUTH),0,2022-08-22
2022,35,DHOK HASSU(SOUTH),0,2022-08-29
2022,36,DHOK HASSU(SOUTH),0,2022-09-05
2022,37,DHOK HASSU(SOUTH),0,2022-09-12
2022,38,DHOK HASSU(SOUTH),0,2022-09-19
2022,39,DHOK HASSU(SOUTH),0,2022-09-26
2022,40,DHOK HASSU(SOUTH),0,2022-10-03
2022,41,DHOK HASSU(SOUTH),0,2022-10-10
2022,42,DHOK HASSU(SOUTH),0,2022-10-17
2022,43,DHOK HASSU(SOUTH),0,2022-10-24
2022,44,DHOK HASSU(SOUTH),0,2022-10-31
2022,45,DHOK HASSU(SOUTH),0,2022-11-07
2022,46,DHOK HASSU(SOUTH),0,2022-11-14
2022,47,DHOK HASSU(SOUTH),0,2022-11-21
2022,48,DHOK HASSU(SOUTH),0,2022-11-28
2022,49,DHOK HASSU(SOUTH),0,2022-12-05
2022,50,DHOK HASSU(SOUTH),0,2022-12-12
2022,51,DHOK HASSU(SOUTH),0,2022-12-19
2022,52,DHOK HASSU(SOUTH),0,2022-12-26
2023,1,DHOK HASSU(SOUTH),0,2023-01-02
2023,2,DHOK HASSU(SOUTH),0,2023-01-09
2023,3,DHOK HASSU(SOUTH),0,2023-01-16
2023,4,DHOK HASSU(SOUTH),0,2023-01-23
2023,5,DHOK HASSU(SOUTH),0,2023-01-30
2023,6,DHOK HASSU(SOUTH),0,2023-02-06
2023,7,DHOK HASSU(SOUTH),0,2023-02-13
2023,8,DHOK HASSU(SOUTH),0,2023-02-20
2023,9,DHOK HASSU(SOUTH),0,2023-02-27
2023,10,DHOK HASSU(SOUTH),0,2023-03-06
2023,11,DHOK HASSU(SOUTH),0,2023-03-13
2023,12,DHOK HASSU(SOUTH),0,2023-03-20
2023,13,DHOK HASSU(SOUTH),0,2023-03-27
2023,14,DHOK HASSU(SOUTH),0,2023-04-03
2023,15,DHOK HASSU(SOUTH),0,2023-04-10
2023,16,DHOK HASSU(SOUTH),0,2023-04-17
2023,17,DHOK HASSU(SOUTH),0,2023-04-24
2023,18,DHOK HASSU(SOUTH),0,2023-05-01
2023,19,DHOK HASSU(SOUTH),0,2023-05-08
2023,20,DHOK HASSU(SOUTH),0,2023-05-15
2023,21,DHOK HASSU(SOUTH),0,2023-05-22
2023,22,DHOK HASSU(SOUTH),0,2023-05-29
2023,23,DHOK HASSU(SOUTH),0,2023-06-05
2023,24,DHOK HASSU(SOUTH),0,2023-06-12
2023,25,DHOK HASSU(SOUTH),0,2023-06-19
2023,26,DHOK HASSU(SOUTH),0,2023-06-26
2023,27,DHOK HASSU(SOUTH),0,2023-07-03
2023,28,DHOK HASSU(SOUTH),0,2023-07-10
2023,29,DHOK HASSU(SOUTH),0,2023-07-17
2023,30,DHOK HASSU(SOUTH),0,2023-07-24
2023,31,DHOK HASSU(SOUTH),0,2023-07-31
2023,32,DHOK HASSU(SOUTH),0,2023-08-07
2023,33,DHOK HASSU(SOUTH),0,2023-08-14
2023,34,DHOK HASSU(SOUTH),0,2023-08-21
2023,35,DHOK HASSU(SOUTH),0,2023-08-28
2023,36,DHOK HASSU(SOUTH),0,2023-09-04
2023,37,DHOK HASSU(SOUTH),0,2023-09-11
2023,38,DHOK HASSU(SOUTH),0,2023-09-18
2023,39,DHOK HASSU(SOUTH),0,2023-09-25
2023,40,DHOK HASSU(SOUTH),0,2023-10-02
2023,41,DHOK HASSU(SOUTH),0,2023-10-09
2023,42,DHOK HASSU(SOUTH),0,2023-10-16
2023,43,DHOK HASSU(SOUTH),0,2023-10-23
2023,44,DHOK HASSU(SOUTH),0,2023-10-30
2023,45,DHOK HASSU(SOUTH),0,2023-11-06
2023,46,DHOK HASSU(SOUTH),0,2023-11-13
2023,47,DHOK HASSU(SOUTH),0,2023-11-20
2023,48,DHOK HASSU(SOUTH),0,2023-11-27
2023,49,DHOK HASSU(SOUTH),0,2023-12-04
2023,50,DHOK HASSU(SOUTH),0,2023-12-11
2023,51,DHOK HASSU(SOUTH),0,2023-12-18
2023,52,DHOK HASSU(SOUTH),0,2023-12-25
2024,1,DHOK HASSU(SOUTH),0,2024-01-01
2024,2,DHOK HASSU(SOUTH),0,2024-01-08
2024,3,DHOK HASSU(SOUTH),0,2024-01-15
2024,4,DHOK HASSU(SOUTH),0,2024-01-22
2024,5,DHOK HASSU(SOUTH),0,2024-01-29
2024,6,DHOK HASSU(SOUTH),0,2024-02-05
2024,7,DHOK HASSU(SOUTH),0,2024-02-12
2024,8,DHOK HASSU(SOUTH),0,2024-02-19
2024,9,DHOK HASSU(SOUTH),0,2024-02-26
2024,10,DHOK HASSU(SOUTH),0,2024-03-04
2024,11,DHOK HASSU(SOUTH),0,2024-03-11
2024,12,DHOK HASSU(SOUTH),0,2024-03-18
2024,13,DHOK HASSU(SOUTH),0,2024-03-25
2024,14,DHOK HASSU(SOUTH),0,2024-04-01
2024,15,DHOK HASSU(SOUTH),0,2024-04-08
2024,16,DHOK HASSU(SOUTH),0,2024-04-15
2024,17,DHOK HASSU(SOUTH),0,2024-04-22
2024,18,DHOK HASSU(SOUTH),0,2024-04-29
2024,19,DHOK HASSU(SOUTH),0,2024-05-06
2024,20,DHOK HASSU(SOUTH),0,2024-05-13
2024,21,DHOK HASSU(SOUTH),0,2024-05-20
2024,22,DHOK HASSU(SOUTH),0,2024-05-27
2024,23,DHOK HASSU(SOUTH),0,2024-06-03
2024,24,DHOK HASSU(SOUTH),0,2024-06-10
2024,25,DHOK HASSU(SOUTH),0,2024-06-17
2024,26,DHOK HASSU(SOUTH),0,2024-06-24
2024,27,DHOK HASSU(SOUTH),0,2024-07-01
2024,28,DHOK HASSU(SOUTH),0,2024-07-08
2024,29,DHOK HASSU(SOUTH),0,2024-07-15
2024,30,DHOK HASSU(SOUTH),0,2024-07-22
2024,31,DHOK HASSU(SOUTH),0,2024-07-29
2024,32,DHOK HASSU(SOUTH),0,2024-08-05
2024,33,DHOK HASSU(SOUTH),0,2024-08-12
2024,34,DHOK HASSU(SOUTH),0,2024-08-19
2024,35,DHOK HASSU(SOUTH),0,2024-08-26
2024,36,DHOK HASSU(SOUTH),0,2024-09-02
2024,37,DHOK HASSU(SOUTH),0,2024-09-09
2024,38,DHOK HASSU(SOUTH),0,2024-09-16
2024,39,DHOK HASSU(SOUTH),0,2024-09-23
2024,40,DHOK HASSU(SOUTH),0,2024-09-30
2024,41,DHOK HASSU(SOUTH),0,2024-10-07
2024,42,DHOK HASSU(SOUTH),0,2024-10-14
2024,43,DHOK HASSU(SOUTH),0,2024-10-21
2024,44,DHOK HASSU(SOUTH),0,2024-10-28
2024,45,DHOK HASSU(SOUTH),0,2024-11-04
2024,46,DHOK HASSU(SOUTH),0,2024-11-11
2024,47,DHOK HASSU(SOUTH),0,2024-11-18
2024,48,DHOK HASSU(SOUTH),0,2024-11-25
2024,49,DHOK HASSU(SOUTH),0,2024-12-02
2024,50,DHOK HASSU(SOUTH),0,2024-12-09
2024,51,DHOK HASSU(SOUTH),0,2024-12-16
2024,52,DHOK HASSU(SOUTH),0,2024-12-23
2021,1,DHOK HUKAM DAD,0,2021-01-04
2021,2,DHOK HUKAM DAD,0,2021-01-11
2021,3,DHOK HUKAM DAD,0,2021-01-18
2021,4,DHOK HUKAM DAD,0,2021-01-25
2021,5,DHOK HUKAM DAD,0,2021-02-01
2021,6,DHOK HUKAM DAD,0,2021-02-08
2021,7,DHOK HUKAM DAD,0,2021-02-15
2021,8,DHOK HUKAM DAD,0,2021-02-22
2021,9,DHOK HUKAM DAD,0,2021-03-01
2021,10,DHOK HUKAM DAD,0,2021-03-08
2021,11,DHOK HUKAM DAD,0,2021-03-15
2021,12,DHOK HUKAM DAD,0,2021-03-22
2021,13,DHOK HUKAM DAD,0,2021-03-29
2021,14,DHOK HUKAM DAD,0,2021-04-05
2021,15,DHOK HUKAM DAD,0,2021-04-12
2021,16,DHOK HUKAM DAD,0,2021-04-19
2021,17,DHOK HUKAM DAD,0,2021-04-26
2021,18,DHOK HUKAM DAD,0,2021-05-03
2021,19,DHOK HUKAM DAD,0,2021-05-10
2021,20,DHOK HUKAM DAD,0,2021-05-17
2021,21,DHOK HUKAM DAD,0,2021-05-24
2021,22,DHOK HUKAM DAD,0,2021-05-31
2021,23,DHOK HUKAM DAD,0,2021-06-07
2021,24,DHOK HUKAM DAD,0,2021-06-14
2021,25,DHOK HUKAM DAD,0,2021-06-21
2021,26,DHOK HUKAM DAD,0,2021-06-28
2021,27,DHOK HUKAM DAD,0,2021-07-05
2021,28,DHOK HUKAM DAD,0,2021-07-12
2021,29,DHOK HUKAM DAD,0,2021-07-19
2021,30,DHOK HUKAM DAD,0,2021-07-26
2021,31,DHOK HUKAM DAD,0,2021-08-02
2021,32,DHOK HUKAM DAD,0,2021-08-09
2021,33,DHOK HUKAM DAD,0,2021-08-16
2021,34,DHOK HUKAM DAD,0,2021-08-23
2021,35,DHOK HUKAM DAD,0,2021-08-30
2021,36,DHOK HUKAM DAD,0,2021-09-06
2021,37,DHOK HUKAM DAD,0,2021-09-13
2021,38,DHOK HUKAM DAD,0,2021-09-20
2021,39,DHOK HUKAM DAD,0,2021-09-27
2021,40,DHOK HUKAM DAD,0,2021-10-04
2021,41,DHOK HUKAM DAD,2,2021-10-11
2021,42,DHOK HUKAM DAD,4,2021-10-18
2021,43,DHOK HUKAM DAD,1,2021-10-25
2021,44,DHOK HUKAM DAD,2,2021-11-01
2021,45,DHOK HUKAM DAD,1,2021-11-08
2021,46,DHOK HUKAM DAD,1,2021-11-15
2021,47,DHOK HUKAM DAD,1,2021-11-22
2021,48,DHOK HUKAM DAD,0,2021-11-29
2021,49,DHOK HUKAM DAD,0,2021-12-06
2021,50,DHOK HUKAM DAD,0,2021-12-13
2021,51,DHOK HUKAM DAD,0,2021-12-20
2021,52,DHOK HUKAM DAD,0,2021-12-27
2022,1,DHOK HUKAM DAD,0,2022-01-03
2022,2,DHOK HUKAM DAD,0,2022-01-10
2022,3,DHOK HUKAM DAD,0,2022-01-17
2022,4,DHOK HUKAM DAD,0,2022-01-24
2022,5,DHOK HUKAM DAD,0,2022-01-31
2022,6,DHOK HUKAM DAD,0,2022-02-07
2022,7,DHOK HUKAM DAD,0,2022-02-14
2022,8,DHOK HUKAM DAD,0,2022-02-21
2022,9,DHOK HUKAM DAD,0,2022-02-28
2022,10,DHOK HUKAM DAD,0,2022-03-07
2022,11,DHOK HUKAM DAD,0,2022-03-14
2022,12,DHOK HUKAM DAD,0,2022-03-21
2022,13,DHOK HUKAM DAD,0,2022-03-28
2022,14,DHOK HUKAM DAD,0,2022-04-04
2022,15,DHOK HUKAM DAD,0,2022-04-11
2022,16,DHOK HUKAM DAD,0,2022-04-18
2022,17,DHOK HUKAM DAD,0,2022-04-25
2022,18,DHOK HUKAM DAD,0,2022-05-02
2022,19,DHOK HUKAM DAD,0,2022-05-09
2022,20,DHOK HUKAM DAD,0,2022-05-16
2022,21,DHOK HUKAM DAD,0,2022-05-23
2022,22,DHOK HUKAM DAD,0,2022-05-30
2022,23,DHOK HUKAM DAD,0,2022-06-06
2022,24,DHOK HUKAM DAD,0,2022-06-13
2022,25,DHOK HUKAM DAD,0,2022-06-20
2022,26,DHOK HUKAM DAD,0,2022-06-27
2022,27,DHOK HUKAM DAD,0,2022-07-04
2022,28,DHOK HUKAM DAD,0,2022-07-11
2022,29,DHOK HUKAM DAD,0,2022-07-18
2022,30,DHOK HUKAM DAD,0,2022-07-25
2022,31,DHOK HUKAM DAD,0,2022-08-01
2022,32,DHOK HUKAM DAD,0,2022-08-08
2022,33,DHOK HUKAM DAD,0,2022-08-15
2022,34,DHOK HUKAM DAD,0,2022-08-22
2022,35,DHOK HUKAM DAD,0,2022-08-29
2022,36,DHOK HUKAM DAD,0,2022-09-05
2022,37,DHOK HUKAM DAD,0,2022-09-12
2022,38,DHOK HUKAM DAD,0,2022-09-19
2022,39,DHOK HUKAM DAD,2,2022-09-26
2022,40,DHOK HUKAM DAD,6,2022-10-03
2022,41,DHOK HUKAM DAD,3,2022-10-10
2022,42,DHOK HUKAM DAD,1,2022-10-17
2022,43,DHOK HUKAM DAD,1,2022-10-24
2022,44,DHOK HUKAM DAD,1,2022-10-31
2022,45,DHOK HUKAM DAD,1,2022-11-07
2022,46,DHOK HUKAM DAD,0,2022-11-14
2022,47,DHOK HUKAM DAD,0,2022-11-21
2022,48,DHOK HUKAM DAD,0,2022-11-28
2022,49,DHOK HUKAM DAD,0,2022-12-05
2022,50,DHOK HUKAM DAD,0,2022-12-12
2022,51,DHOK HUKAM DAD,0,2022-12-19
2022,52,DHOK HUKAM DAD,0,2022-12-26
2023,1,DHOK HUKAM DAD,0,2023-01-02
2023,2,DHOK HUKAM DAD,0,2023-01-09
2023,3,DHOK HUKAM DAD,0,2023-01-16
2023,4,DHOK HUKAM DAD,0,2023-01-23
2023,5,DHOK HUKAM DAD,0,2023-01-30
2023,6,DHOK HUKAM DAD,0,2023-02-06
2023,7,DHOK HUKAM DAD,0,2023-02-13
2023,8,DHOK HUKAM DAD,0,2023-02-20
2023,9,DHOK HUKAM DAD,0,2023-02-27
2023,10,DHOK HUKAM DAD,0,2023-03-06
2023,11,DHOK HUKAM DAD,0,2023-03-13
2023,12,DHOK HUKAM DAD,0,2023-03-20
2023,13,DHOK HUKAM DAD,0,2023-03-27
2023,14,DHOK HUKAM DAD,0,2023-04-03
2023,15,DHOK HUKAM DAD,0,2023-04-10
2023,16,DHOK HUKAM DAD,0,2023-04-17
2023,17,DHOK HUKAM DAD,0,2023-04-24
2023,18,DHOK HUKAM DAD,0,2023-05-01
2023,19,DHOK HUKAM DAD,0,2023-05-08
2023,20,DHOK HUKAM DAD,0,2023-05-15
2023,21,DHOK HUKAM DAD,0,2023-05-22
2023,22,DHOK HUKAM DAD,0,2023-05-29
2023,23,DHOK HUKAM DAD,0,2023-06-05
2023,24,DHOK HUKAM DAD,0,2023-06-12
2023,25,DHOK HUKAM DAD,0,2023-06-19
2023,26,DHOK HUKAM DAD,0,2023-06-26
2023,27,DHOK HUKAM DAD,0,2023-07-03
2023,28,DHOK HUKAM DAD,0,2023-07-10
2023,29,DHOK HUKAM DAD,0,2023-07-17
2023,30,DHOK HUKAM DAD,0,2023-07-24
2023,31,DHOK HUKAM DAD,0,2023-07-31
2023,32,DHOK HUKAM DAD,0,2023-08-07
2023,33,DHOK HUKAM DAD,0,2023-08-14
2023,34,DHOK HUKAM DAD,0,2023-08-21
2023,35,DHOK HUKAM DAD,0,2023-08-28
2023,36,DHOK HUKAM DAD,1,2023-09-04
2023,37,DHOK HUKAM DAD,1,2023-09-11
2023,38,DHOK HUKAM DAD,0,2023-09-18
2023,39,DHOK HUKAM DAD,0,2023-09-25
2023,40,DHOK HUKAM DAD,0,2023-10-02
2023,41,DHOK HUKAM DAD,1,2023-10-09
2023,42,DHOK HUKAM DAD,0,2023-10-16
2023,43,DHOK HUKAM DAD,0,2023-10-23
2023,44,DHOK HUKAM DAD,1,2023-10-30
2023,45,DHOK HUKAM DAD,0,2023-11-06
2023,46,DHOK HUKAM DAD,0,2023-11-13
2023,47,DHOK HUKAM DAD,0,2023-11-20
2023,48,DHOK HUKAM DAD,0,2023-11-27
2023,49,DHOK HUKAM DAD,0,2023-12-04
2023,50,DHOK HUKAM DAD,0,2023-12-11
2023,51,DHOK HUKAM DAD,0,2023-12-18
2023,52,DHOK HUKAM DAD,0,2023-12-25
2024,1,DHOK HUKAM DAD,0,2024-01-01
2024,2,DHOK HUKAM DAD,0,2024-01-08
2024,3,DHOK HUKAM DAD,0,2024-01-15
2024,4,DHOK HUKAM DAD,0,2024-01-22
2024,5,DHOK HUKAM DAD,0,2024-01-29
2024,6,DHOK HUKAM DAD,0,2024-02-05
2024,7,DHOK HUKAM DAD,0,2024-02-12
2024,8,DHOK HUKAM DAD,0,2024-02-19
2024,9,DHOK HUKAM DAD,0,2024-02-26
2024,10,DHOK HUKAM DAD,0,2024-03-04
2024,11,DHOK HUKAM DAD,0,2024-03-11
2024,12,DHOK HUKAM DAD,0,2024-03-18
2024,13,DHOK HUKAM DAD,0,2024-03-25
2024,14,DHOK HUKAM DAD,0,2024-04-01
2024,15,DHOK HUKAM DAD,0,2024-04-08
2024,16,DHOK HUKAM DAD,0,2024-04-15
2024,17,DHOK HUKAM DAD,0,2024-04-22
2024,18,DHOK HUKAM DAD,0,2024-04-29
2024,19,DHOK HUKAM DAD,0,2024-05-06
2024,20,DHOK HUKAM DAD,0,2024-05-13
2024,21,DHOK HUKAM DAD,0,2024-05-20
2024,22,DHOK HUKAM DAD,0,2024-05-27
2024,23,DHOK HUKAM DAD,0,2024-06-03
2024,24,DHOK HUKAM DAD,0,2024-06-10
2024,25,DHOK HUKAM DAD,0,2024-06-17
2024,26,DHOK HUKAM DAD,0,2024-06-24
2024,27,DHOK HUKAM DAD,0,2024-07-01
2024,28,DHOK HUKAM DAD,0,2024-07-08
2024,29,DHOK HUKAM DAD,0,2024-07-15
2024,30,DHOK HUKAM DAD,0,2024-07-22
2024,31,DHOK HUKAM DAD,0,2024-07-29
2024,32,DHOK HUKAM DAD,0,2024-08-05
2024,33,DHOK HUKAM DAD,0,2024-08-12
2024,34,DHOK HUKAM DAD,0,2024-08-19
2024,35,DHOK HUKAM DAD,0,2024-08-26
2024,36,DHOK HUKAM DAD,0,2024-09-02
2024,37,DHOK HUKAM DAD,0,2024-09-09
2024,38,DHOK HUKAM DAD,2,2024-09-16
2024,39,DHOK HUKAM DAD,1,2024-09-23
2024,40,DHOK HUKAM DAD,2,2024-09-30
2024,41,DHOK HUKAM DAD,2,2024-10-07
2024,42,DHOK HUKAM DAD,1,2024-10-14
2024,43,DHOK HUKAM DAD,2,2024-10-21
2024,44,DHOK HUKAM DAD,0,2024-10-28
2024,45,DHOK HUKAM DAD,1,2024-11-04
2024,46,DHOK HUKAM DAD,1,2024-11-11
2024,47,DHOK HUKAM DAD,0,2024-11-18
2024,48,DHOK HUKAM DAD,0,2024-11-25
2024,49,DHOK HUKAM DAD,0,2024-12-02
2024,50,DHOK HUKAM DAD,0,2024-12-09
2024,51,DHOK HUKAM DAD,0,2024-12-16
2024,52,DHOK HUKAM DAD,0,2024-12-23
2021,1,DHOK KALA KHAN,0,2021-01-04
2021,2,DHOK KALA KHAN,0,2021-01-11
2021,3,DHOK KALA KHAN,0,2021-01-18
2021,4,DHOK KALA KHAN,0,2021-01-25
2021,5,DHOK KALA KHAN,0,2021-02-01
2021,6,DHOK KALA KHAN,0,2021-02-08
2021,7,DHOK KALA KHAN,0,2021-02-15
2021,8,DHOK KALA KHAN,0,2021-02-22
2021,9,DHOK KALA KHAN,0,2021-03-01
2021,10,DHOK KALA KHAN,0,2021-03-08
2021,11,DHOK KALA KHAN,0,2021-03-15
2021,12,DHOK KALA KHAN,0,2021-03-22
2021,13,DHOK KALA KHAN,0,2021-03-29
2021,14,DHOK KALA KHAN,0,2021-04-05
2021,15,DHOK KALA KHAN,0,2021-04-12
2021,16,DHOK KALA KHAN,0,2021-04-19
2021,17,DHOK KALA KHAN,0,2021-04-26
2021,18,DHOK KALA KHAN,0,2021-05-03
2021,19,DHOK KALA KHAN,0,2021-05-10
2021,20,DHOK KALA KHAN,0,2021-05-17
2021,21,DHOK KALA KHAN,0,2021-05-24
2021,22,DHOK KALA KHAN,0,2021-05-31
2021,23,DHOK KALA KHAN,0,2021-06-07
2021,24,DHOK KALA KHAN,0,2021-06-14
2021,25,DHOK KALA KHAN,0,2021-06-21
2021,26,DHOK KALA KHAN,0,2021-06-28
2021,27,DHOK KALA KHAN,0,2021-07-05
2021,28,DHOK KALA KHAN,0,2021-07-12
2021,29,DHOK KALA KHAN,0,2021-07-19
2021,30,DHOK KALA KHAN,0,2021-07-26
2021,31,DHOK KALA KHAN,0,2021-08-02
2021,32,DHOK KALA KHAN,0,2021-08-09
2021,33,DHOK KALA KHAN,1,2021-08-16
2021,34,DHOK KALA KHAN,0,2021-08-23
2021,35,DHOK KALA KHAN,0,2021-08-30
2021,36,DHOK KALA KHAN,0,2021-09-06
2021,37,DHOK KALA KHAN,0,2021-09-13
2021,38,DHOK KALA KHAN,2,2021-09-20
2021,39,DHOK KALA KHAN,0,2021-09-27
2021,40,DHOK KALA KHAN,1,2021-10-04
2021,41,DHOK KALA KHAN,2,2021-10-11
2021,42,DHOK KALA KHAN,2,2021-10-18
2021,43,DHOK KALA KHAN,0,2021-10-25
2021,44,DHOK KALA KHAN,0,2021-11-01
2021,45,DHOK KALA KHAN,0,2021-11-08
2021,46,DHOK KALA KHAN,1,2021-11-15
2021,47,DHOK KALA KHAN,0,2021-11-22
2021,48,DHOK KALA KHAN,0,2021-11-29
2021,49,DHOK KALA KHAN,0,2021-12-06
2021,50,DHOK KALA KHAN,0,2021-12-13
2021,51,DHOK KALA KHAN,0,2021-12-20
2021,52,DHOK KALA KHAN,0,2021-12-27
2022,1,DHOK KALA KHAN,0,2022-01-03
2022,2,DHOK KALA KHAN,0,2022-01-10
2022,3,DHOK KALA KHAN,0,2022-01-17
2022,4,DHOK KALA KHAN,0,2022-01-24
2022,5,DHOK KALA KHAN,0,2022-01-31
2022,6,DHOK KALA KHAN,0,2022-02-07
2022,7,DHOK KALA KHAN,0,2022-02-14
2022,8,DHOK KALA KHAN,0,2022-02-21
2022,9,DHOK KALA KHAN,0,2022-02-28
2022,10,DHOK KALA KHAN,0,2022-03-07
2022,11,DHOK KALA KHAN,0,2022-03-14
2022,12,DHOK KALA KHAN,0,2022-03-21
2022,13,DHOK KALA KHAN,0,2022-03-28
2022,14,DHOK KALA KHAN,0,2022-04-04
2022,15,DHOK KALA KHAN,0,2022-04-11
2022,16,DHOK KALA KHAN,0,2022-04-18
2022,17,DHOK KALA KHAN,0,2022-04-25
2022,18,DHOK KALA KHAN,0,2022-05-02
2022,19,DHOK KALA KHAN,0,2022-05-09
2022,20,DHOK KALA KHAN,0,2022-05-16
2022,21,DHOK KALA KHAN,0,2022-05-23
2022,22,DHOK KALA KHAN,0,2022-05-30
2022,23,DHOK KALA KHAN,0,2022-06-06
2022,24,DHOK KALA KHAN,0,2022-06-13
2022,25,DHOK KALA KHAN,0,2022-06-20
2022,26,DHOK KALA KHAN,0,2022-06-27
2022,27,DHOK KALA KHAN,0,2022-07-04
2022,28,DHOK KALA KHAN,0,2022-07-11
2022,29,DHOK KALA KHAN,0,2022-07-18
2022,30,DHOK KALA KHAN,0,2022-07-25
2022,31,DHOK KALA KHAN,0,2022-08-01
2022,32,DHOK KALA KHAN,0,2022-08-08
2022,33,DHOK KALA KHAN,0,2022-08-15
2022,34,DHOK KALA KHAN,1,2022-08-22
2022,35,DHOK KALA KHAN,0,2022-08-29
2022,36,DHOK KALA KHAN,0,2022-09-05
2022,37,DHOK KALA KHAN,0,2022-09-12
2022,38,DHOK KALA KHAN,3,2022-09-19
2022,39,DHOK KALA KHAN,3,2022-09-26
2022,40,DHOK KALA KHAN,1,2022-10-03
2022,41,DHOK KALA KHAN,7,2022-10-10
2022,42,DHOK KALA KHAN,3,2022-10-17
2022,43,DHOK KALA KHAN,1,2022-10-24
2022,44,DHOK KALA KHAN,2,2022-10-31
2022,45,DHOK KALA KHAN,2,2022-11-07
2022,46,DHOK KALA KHAN,0,2022-11-14
2022,47,DHOK KALA KHAN,0,2022-11-21
2022,48,DHOK KALA KHAN,0,2022-11-28
2022,49,DHOK KALA KHAN,0,2022-12-05
2022,50,DHOK KALA KHAN,0,2022-12-12
2022,51,DHOK KALA KHAN,0,2022-12-19
2022,52,DHOK KALA KHAN,0,2022-12-26
2023,1,DHOK KALA KHAN,0,2023-01-02
2023,2,DHOK KALA KHAN,0,2023-01-09
2023,3,DHOK KALA KHAN,0,2023-01-16
2023,4,DHOK KALA KHAN,0,2023-01-23
2023,5,DHOK KALA KHAN,0,2023-01-30
2023,6,DHOK KALA KHAN,0,2023-02-06
2023,7,DHOK KALA KHAN,0,2023-02-13
2023,8,DHOK KALA KHAN,0,2023-02-20
2023,9,DHOK KALA KHAN,0,2023-02-27
2023,10,DHOK KALA KHAN,0,2023-03-06
2023,11,DHOK KALA KHAN,0,2023-03-13
2023,12,DHOK KALA KHAN,0,2023-03-20
2023,13,DHOK KALA KHAN,0,2023-03-27
2023,14,DHOK KALA KHAN,0,2023-04-03
2023,15,DHOK KALA KHAN,0,2023-04-10
2023,16,DHOK KALA KHAN,0,2023-04-17
2023,17,DHOK KALA KHAN,0,2023-04-24
2023,18,DHOK KALA KHAN,0,2023-05-01
2023,19,DHOK KALA KHAN,0,2023-05-08
2023,20,DHOK KALA KHAN,0,2023-05-15
2023,21,DHOK KALA KHAN,0,2023-05-22
2023,22,DHOK KALA KHAN,0,2023-05-29
2023,23,DHOK KALA KHAN,0,2023-06-05
2023,24,DHOK KALA KHAN,0,2023-06-12
2023,25,DHOK KALA KHAN,0,2023-06-19
2023,26,DHOK KALA KHAN,0,2023-06-26
2023,27,DHOK KALA KHAN,0,2023-07-03
2023,28,DHOK KALA KHAN,0,2023-07-10
2023,29,DHOK KALA KHAN,0,2023-07-17
2023,30,DHOK KALA KHAN,0,2023-07-24
2023,31,DHOK KALA KHAN,0,2023-07-31
2023,32,DHOK KALA KHAN,0,2023-08-07
2023,33,DHOK KALA KHAN,0,2023-08-14
2023,34,DHOK KALA KHAN,0,2023-08-21
2023,35,DHOK KALA KHAN,0,2023-08-28
2023,36,DHOK KALA KHAN,0,2023-09-04
2023,37,DHOK KALA KHAN,0,2023-09-11
2023,38,DHOK KALA KHAN,0,2023-09-18
2023,39,DHOK KALA KHAN,2,2023-09-25
2023,40,DHOK KALA KHAN,5,2023-10-02
2023,41,DHOK KALA KHAN,0,2023-10-09
2023,42,DHOK KALA KHAN,0,2023-10-16
2023,43,DHOK KALA KHAN,2,2023-10-23
2023,44,DHOK KALA KHAN,0,2023-10-30
2023,45,DHOK KALA KHAN,3,2023-11-06
2023,46,DHOK KALA KHAN,4,2023-11-13
2023,47,DHOK KALA KHAN,1,2023-11-20
2023,48,DHOK KALA KHAN,0,2023-11-27
2023,49,DHOK KALA KHAN,0,2023-12-04
2023,50,DHOK KALA KHAN,0,2023-12-11
2023,51,DHOK KALA KHAN,0,2023-12-18
2023,52,DHOK KALA KHAN,0,2023-12-25
2024,1,DHOK KALA KHAN,1,2024-01-01
2024,2,DHOK KALA KHAN,0,2024-01-08
2024,3,DHOK KALA KHAN,0,2024-01-15
2024,4,DHOK KALA KHAN,0,2024-01-22
2024,5,DHOK KALA KHAN,0,2024-01-29
2024,6,DHOK KALA KHAN,0,2024-02-05
2024,7,DHOK KALA KHAN,0,2024-02-12
2024,8,DHOK KALA KHAN,0,2024-02-19
2024,9,DHOK KALA KHAN,0,2024-02-26
2024,10,DHOK KALA KHAN,0,2024-03-04
2024,11,DHOK KALA KHAN,0,2024-03-11
2024,12,DHOK KALA KHAN,0,2024-03-18
2024,13,DHOK KALA KHAN,0,2024-03-25
2024,14,DHOK KALA KHAN,0,2024-04-01
2024,15,DHOK KALA KHAN,0,2024-04-08
2024,16,DHOK KALA KHAN,0,2024-04-15
2024,17,DHOK KALA KHAN,0,2024-04-22
2024,18,DHOK KALA KHAN,0,2024-04-29
2024,19,DHOK KALA KHAN,0,2024-05-06
2024,20,DHOK KALA KHAN,0,2024-05-13
2024,21,DHOK KALA KHAN,0,2024-05-20
2024,22,DHOK KALA KHAN,0,2024-05-27
2024,23,DHOK KALA KHAN,0,2024-06-03
2024,24,DHOK KALA KHAN,0,2024-06-10
2024,25,DHOK KALA KHAN,0,2024-06-17
2024,26,DHOK KALA KHAN,0,2024-06-24
2024,27,DHOK KALA KHAN,0,2024-07-01
2024,28,DHOK KALA KHAN,0,2024-07-08
2024,29,DHOK KALA KHAN,0,2024-07-15
2024,30,DHOK KALA KHAN,0,2024-07-22
2024,31,DHOK KALA KHAN,0,2024-07-29
2024,32,DHOK KALA KHAN,0,2024-08-05
2024,33,DHOK KALA KHAN,0,2024-08-12
2024,34,DHOK KALA KHAN,0,2024-08-19
2024,35,DHOK KALA KHAN,0,2024-08-26
2024,36,DHOK KALA KHAN,0,2024-09-02
2024,37,DHOK KALA KHAN,1,2024-09-09
2024,38,DHOK KALA KHAN,0,2024-09-16
2024,39,DHOK KALA KHAN,1,2024-09-23
2024,40,DHOK KALA KHAN,2,2024-09-30
2024,41,DHOK KALA KHAN,4,2024-10-07
2024,42,DHOK KALA KHAN,4,2024-10-14
2024,43,DHOK KALA KHAN,4,2024-10-21
2024,44,DHOK KALA KHAN,4,2024-10-28
2024,45,DHOK KALA KHAN,2,2024-11-04
2024,46,DHOK KALA KHAN,1,2024-11-11
2024,47,DHOK KALA KHAN,1,2024-11-18
2024,48,DHOK KALA KHAN,0,2024-11-25
2024,49,DHOK KALA KHAN,0,2024-12-02
2024,50,DHOK KALA KHAN,0,2024-12-09
2024,51,DHOK KALA KHAN,0,2024-12-16
2024,52,DHOK KALA KHAN,0,2024-12-23
2021,1,DHOK KASHMIRIAN,0,2021-01-04
2021,2,DHOK KASHMIRIAN,0,2021-01-11
2021,3,DHOK KASHMIRIAN,0,2021-01-18
2021,4,DHOK KASHMIRIAN,0,2021-01-25
2021,5,DHOK KASHMIRIAN,0,2021-02-01
2021,6,DHOK KASHMIRIAN,0,2021-02-08
2021,7,DHOK KASHMIRIAN,0,2021-02-15
2021,8,DHOK KASHMIRIAN,0,2021-02-22
2021,9,DHOK KASHMIRIAN,0,2021-03-01
2021,10,DHOK KASHMIRIAN,0,2021-03-08
2021,11,DHOK KASHMIRIAN,0,2021-03-15
2021,12,DHOK KASHMIRIAN,0,2021-03-22
2021,13,DHOK KASHMIRIAN,0,2021-03-29
2021,14,DHOK KASHMIRIAN,0,2021-04-05
2021,15,DHOK KASHMIRIAN,0,2021-04-12
2021,16,DHOK KASHMIRIAN,0,2021-04-19
2021,17,DHOK KASHMIRIAN,0,2021-04-26
2021,18,DHOK KASHMIRIAN,0,2021-05-03
2021,19,DHOK KASHMIRIAN,0,2021-05-10
2021,20,DHOK KASHMIRIAN,0,2021-05-17
2021,21,DHOK KASHMIRIAN,0,2021-05-24
2021,22,DHOK KASHMIRIAN,0,2021-05-31
2021,23,DHOK KASHMIRIAN,0,2021-06-07
2021,24,DHOK KASHMIRIAN,0,2021-06-14
2021,25,DHOK KASHMIRIAN,0,2021-06-21
2021,26,DHOK KASHMIRIAN,0,2021-06-28
2021,27,DHOK KASHMIRIAN,0,2021-07-05
2021,28,DHOK KASHMIRIAN,0,2021-07-12
2021,29,DHOK KASHMIRIAN,0,2021-07-19
2021,30,DHOK KASHMIRIAN,0,2021-07-26
2021,31,DHOK KASHMIRIAN,0,2021-08-02
2021,32,DHOK KASHMIRIAN,0,2021-08-09
2021,33,DHOK KASHMIRIAN,0,2021-08-16
2021,34,DHOK KASHMIRIAN,0,2021-08-23
2021,35,DHOK KASHMIRIAN,0,2021-08-30
2021,36,DHOK KASHMIRIAN,0,2021-09-06
2021,37,DHOK KASHMIRIAN,0,2021-09-13
2021,38,DHOK KASHMIRIAN,0,2021-09-20
2021,39,DHOK KASHMIRIAN,0,2021-09-27
2021,40,DHOK KASHMIRIAN,0,2021-10-04
2021,41,DHOK KASHMIRIAN,0,2021-10-11
2021,42,DHOK KASHMIRIAN,0,2021-10-18
2021,43,DHOK KASHMIRIAN,0,2021-10-25
2021,44,DHOK KASHMIRIAN,0,2021-11-01
2021,45,DHOK KASHMIRIAN,0,2021-11-08
2021,46,DHOK KASHMIRIAN,0,2021-11-15
2021,47,DHOK KASHMIRIAN,0,2021-11-22
2021,48,DHOK KASHMIRIAN,0,2021-11-29
2021,49,DHOK KASHMIRIAN,0,2021-12-06
2021,50,DHOK KASHMIRIAN,0,2021-12-13
2021,51,DHOK KASHMIRIAN,0,2021-12-20
2021,52,DHOK KASHMIRIAN,0,2021-12-27
2022,1,DHOK KASHMIRIAN,0,2022-01-03
2022,2,DHOK KASHMIRIAN,0,2022-01-10
2022,3,DHOK KASHMIRIAN,0,2022-01-17
2022,4,DHOK KASHMIRIAN,0,2022-01-24
2022,5,DHOK KASHMIRIAN,0,2022-01-31
2022,6,DHOK KASHMIRIAN,0,2022-02-07
2022,7,DHOK KASHMIRIAN,0,2022-02-14
2022,8,DHOK KASHMIRIAN,0,2022-02-21
2022,9,DHOK KASHMIRIAN,0,2022-02-28
2022,10,DHOK KASHMIRIAN,0,2022-03-07
2022,11,DHOK KASHMIRIAN,0,2022-03-14
2022,12,DHOK KASHMIRIAN,0,2022-03-21
2022,13,DHOK KASHMIRIAN,0,2022-03-28
2022,14,DHOK KASHMIRIAN,0,2022-04-04
2022,15,DHOK KASHMIRIAN,0,2022-04-11
2022,16,DHOK KASHMIRIAN,0,2022-04-18
2022,17,DHOK KASHMIRIAN,0,2022-04-25
2022,18,DHOK KASHMIRIAN,0,2022-05-02
2022,19,DHOK KASHMIRIAN,0,2022-05-09
2022,20,DHOK KASHMIRIAN,0,2022-05-16
2022,21,DHOK KASHMIRIAN,0,2022-05-23
2022,22,DHOK KASHMIRIAN,0,2022-05-30
2022,23,DHOK KASHMIRIAN,0,2022-06-06
2022,24,DHOK KASHMIRIAN,0,2022-06-13
2022,25,DHOK KASHMIRIAN,0,2022-06-20
2022,26,DHOK KASHMIRIAN,0,2022-06-27
2022,27,DHOK KASHMIRIAN,0,2022-07-04
2022,28,DHOK KASHMIRIAN,0,2022-07-11
2022,29,DHOK KASHMIRIAN,0,2022-07-18
2022,30,DHOK KASHMIRIAN,0,2022-07-25
2022,31,DHOK KASHMIRIAN,0,2022-08-01
2022,32,DHOK KASHMIRIAN,0,2022-08-08
2022,33,DHOK KASHMIRIAN,0,2022-08-15
2022,34,DHOK KASHMIRIAN,0,2022-08-22
2022,35,DHOK KASHMIRIAN,0,2022-08-29
2022,36,DHOK KASHMIRIAN,0,2022-09-05
2022,37,DHOK KASHMIRIAN,0,2022-09-12
2022,38,DHOK KASHMIRIAN,0,2022-09-19
2022,39,DHOK KASHMIRIAN,0,2022-09-26
2022,40,DHOK KASHMIRIAN,0,2022-10-03
2022,41,DHOK KASHMIRIAN,0,2022-10-10
2022,42,DHOK KASHMIRIAN,0,2022-10-17
2022,43,DHOK KASHMIRIAN,0,2022-10-24
2022,44,DHOK KASHMIRIAN,0,2022-10-31
2022,45,DHOK KASHMIRIAN,0,2022-11-07
2022,46,DHOK KASHMIRIAN,0,2022-11-14
2022,47,DHOK KASHMIRIAN,0,2022-11-21
2022,48,DHOK KASHMIRIAN,0,2022-11-28
2022,49,DHOK KASHMIRIAN,0,2022-12-05
2022,50,DHOK KASHMIRIAN,0,2022-12-12
2022,51,DHOK KASHMIRIAN,0,2022-12-19
2022,52,DHOK KASHMIRIAN,0,2022-12-26
2023,1,DHOK KASHMIRIAN,0,2023-01-02
2023,2,DHOK KASHMIRIAN,0,2023-01-09
2023,3,DHOK KASHMIRIAN,0,2023-01-16
2023,4,DHOK KASHMIRIAN,0,2023-01-23
2023,5,DHOK KASHMIRIAN,0,2023-01-30
2023,6,DHOK KASHMIRIAN,0,2023-02-06
2023,7,DHOK KASHMIRIAN,0,2023-02-13
2023,8,DHOK KASHMIRIAN,0,2023-02-20
2023,9,DHOK KASHMIRIAN,0,2023-02-27
2023,10,DHOK KASHMIRIAN,0,2023-03-06
2023,11,DHOK KASHMIRIAN,0,2023-03-13
2023,12,DHOK KASHMIRIAN,0,2023-03-20
2023,13,DHOK KASHMIRIAN,0,2023-03-27
2023,14,DHOK KASHMIRIAN,0,2023-04-03
2023,15,DHOK KASHMIRIAN,0,2023-04-10
2023,16,DHOK KASHMIRIAN,0,2023-04-17
2023,17,DHOK KASHMIRIAN,0,2023-04-24
2023,18,DHOK KASHMIRIAN,0,2023-05-01
2023,19,DHOK KASHMIRIAN,0,2023-05-08
2023,20,DHOK KASHMIRIAN,0,2023-05-15
2023,21,DHOK KASHMIRIAN,0,2023-05-22
2023,22,DHOK KASHMIRIAN,0,2023-05-29
2023,23,DHOK KASHMIRIAN,0,2023-06-05
2023,24,DHOK KASHMIRIAN,0,2023-06-12
2023,25,DHOK KASHMIRIAN,0,2023-06-19
2023,26,DHOK KASHMIRIAN,0,2023-06-26
2023,27,DHOK KASHMIRIAN,0,2023-07-03
2023,28,DHOK KASHMIRIAN,0,2023-07-10
2023,29,DHOK KASHMIRIAN,0,2023-07-17
2023,30,DHOK KASHMIRIAN,0,2023-07-24
2023,31,DHOK KASHMIRIAN,0,2023-07-31
2023,32,DHOK KASHMIRIAN,0,2023-08-07
2023,33,DHOK KASHMIRIAN,0,2023-08-14
2023,34,DHOK KASHMIRIAN,0,2023-08-21
2023,35,DHOK KASHMIRIAN,0,2023-08-28
2023,36,DHOK KASHMIRIAN,0,2023-09-04
2023,37,DHOK KASHMIRIAN,0,2023-09-11
2023,38,DHOK KASHMIRIAN,0,2023-09-18
2023,39,DHOK KASHMIRIAN,0,2023-09-25
2023,40,DHOK KASHMIRIAN,0,2023-10-02
2023,41,DHOK KASHMIRIAN,0,2023-10-09
2023,42,DHOK KASHMIRIAN,0,2023-10-16
2023,43,DHOK KASHMIRIAN,0,2023-10-23
2023,44,DHOK KASHMIRIAN,0,2023-10-30
2023,45,DHOK KASHMIRIAN,0,2023-11-06
2023,46,DHOK KASHMIRIAN,0,2023-11-13
2023,47,DHOK KASHMIRIAN,0,2023-11-20
2023,48,DHOK KASHMIRIAN,0,2023-11-27
2023,49,DHOK KASHMIRIAN,0,2023-12-04
2023,50,DHOK KASHMIRIAN,0,2023-12-11
2023,51,DHOK KASHMIRIAN,0,2023-12-18
2023,52,DHOK KASHMIRIAN,0,2023-12-25
2024,1,DHOK KASHMIRIAN,0,2024-01-01
2024,2,DHOK KASHMIRIAN,0,2024-01-08
2024,3,DHOK KASHMIRIAN,0,2024-01-15
2024,4,DHOK KASHMIRIAN,0,2024-01-22
2024,5,DHOK KASHMIRIAN,0,2024-01-29
2024,6,DHOK KASHMIRIAN,0,2024-02-05
2024,7,DHOK KASHMIRIAN,0,2024-02-12
2024,8,DHOK KASHMIRIAN,0,2024-02-19
2024,9,DHOK KASHMIRIAN,0,2024-02-26
2024,10,DHOK KASHMIRIAN,0,2024-03-04
2024,11,DHOK KASHMIRIAN,0,2024-03-11
2024,12,DHOK KASHMIRIAN,0,2024-03-18
2024,13,DHOK KASHMIRIAN,0,2024-03-25
2024,14,DHOK KASHMIRIAN,0,2024-04-01
2024,15,DHOK KASHMIRIAN,0,2024-04-08
2024,16,DHOK KASHMIRIAN,0,2024-04-15
2024,17,DHOK KASHMIRIAN,0,2024-04-22
2024,18,DHOK KASHMIRIAN,0,2024-04-29
2024,19,DHOK KASHMIRIAN,0,2024-05-06
2024,20,DHOK KASHMIRIAN,0,2024-05-13
2024,21,DHOK KASHMIRIAN,0,2024-05-20
2024,22,DHOK KASHMIRIAN,0,2024-05-27
2024,23,DHOK KASHMIRIAN,0,2024-06-03
2024,24,DHOK KASHMIRIAN,0,2024-06-10
2024,25,DHOK KASHMIRIAN,0,2024-06-17
2024,26,DHOK KASHMIRIAN,0,2024-06-24
2024,27,DHOK KASHMIRIAN,0,2024-07-01
2024,28,DHOK KASHMIRIAN,0,2024-07-08
2024,29,DHOK KASHMIRIAN,0,2024-07-15
2024,30,DHOK KASHMIRIAN,0,2024-07-22
2024,31,DHOK KASHMIRIAN,0,2024-07-29
2024,32,DHOK KASHMIRIAN,0,2024-08-05
2024,33,DHOK KASHMIRIAN,0,2024-08-12
2024,34,DHOK KASHMIRIAN,0,2024-08-19
2024,35,DHOK KASHMIRIAN,0,2024-08-26
2024,36,DHOK KASHMIRIAN,0,2024-09-02
2024,37,DHOK KASHMIRIAN,0,2024-09-09
2024,38,DHOK KASHMIRIAN,1,2024-09-16
2024,39,DHOK KASHMIRIAN,0,2024-09-23
2024,40,DHOK KASHMIRIAN,0,2024-09-30
2024,41,DHOK KASHMIRIAN,0,2024-10-07
2024,42,DHOK KASHMIRIAN,1,2024-10-14
2024,43,DHOK KASHMIRIAN,1,2024-10-21
2024,44,DHOK KASHMIRIAN,0,2024-10-28
2024,45,DHOK KASHMIRIAN,0,2024-11-04
2024,46,DHOK KASHMIRIAN,0,2024-11-11
2024,47,DHOK KASHMIRIAN,0,2024-11-18
2024,48,DHOK KASHMIRIAN,0,2024-11-25
2024,49,DHOK KASHMIRIAN,0,2024-12-02
2024,50,DHOK KASHMIRIAN,0,2024-12-09
2024,51,DHOK KASHMIRIAN,0,2024-12-16
2024,52,DHOK KASHMIRIAN,0,2024-12-23
2021,1,DHOK KHABBA,0,2021-01-04
2021,2,DHOK KHABBA,0,2021-01-11
2021,3,DHOK KHABBA,0,2021-01-18
2021,4,DHOK KHABBA,0,2021-01-25
2021,5,DHOK KHABBA,0,2021-02-01
2021,6,DHOK KHABBA,0,2021-02-08
2021,7,DHOK KHABBA,0,2021-02-15
2021,8,DHOK KHABBA,0,2021-02-22
2021,9,DHOK KHABBA,0,2021-03-01
2021,10,DHOK KHABBA,0,2021-03-08
2021,11,DHOK KHABBA,0,2021-03-15
2021,12,DHOK KHABBA,0,2021-03-22
2021,13,DHOK KHABBA,0,2021-03-29
2021,14,DHOK KHABBA,0,2021-04-05
2021,15,DHOK KHABBA,0,2021-04-12
2021,16,DHOK KHABBA,0,2021-04-19
2021,17,DHOK KHABBA,0,2021-04-26
2021,18,DHOK KHABBA,0,2021-05-03
2021,19,DHOK KHABBA,0,2021-05-10
2021,20,DHOK KHABBA,0,2021-05-17
2021,21,DHOK KHABBA,0,2021-05-24
2021,22,DHOK KHABBA,0,2021-05-31
2021,23,DHOK KHABBA,0,2021-06-07
2021,24,DHOK KHABBA,0,2021-06-14
2021,25,DHOK KHABBA,0,2021-06-21
2021,26,DHOK KHABBA,0,2021-06-28
2021,27,DHOK KHABBA,0,2021-07-05
2021,28,DHOK KHABBA,0,2021-07-12
2021,29,DHOK KHABBA,0,2021-07-19
2021,30,DHOK KHABBA,0,2021-07-26
2021,31,DHOK KHABBA,0,2021-08-02
2021,32,DHOK KHABBA,0,2021-08-09
2021,33,DHOK KHABBA,0,2021-08-16
2021,34,DHOK KHABBA,0,2021-08-23
2021,35,DHOK KHABBA,0,2021-08-30
2021,36,DHOK KHABBA,0,2021-09-06
2021,37,DHOK KHABBA,1,2021-09-13
2021,38,DHOK KHABBA,1,2021-09-20
2021,39,DHOK KHABBA,0,2021-09-27
2021,40,DHOK KHABBA,1,2021-10-04
2021,41,DHOK KHABBA,0,2021-10-11
2021,42,DHOK KHABBA,0,2021-10-18
2021,43,DHOK KHABBA,0,2021-10-25
2021,44,DHOK KHABBA,2,2021-11-01
2021,45,DHOK KHABBA,0,2021-11-08
2021,46,DHOK KHABBA,0,2021-11-15
2021,47,DHOK KHABBA,0,2021-11-22
2021,48,DHOK KHABBA,0,2021-11-29
2021,49,DHOK KHABBA,0,2021-12-06
2021,50,DHOK KHABBA,0,2021-12-13
2021,51,DHOK KHABBA,0,2021-12-20
2021,52,DHOK KHABBA,0,2021-12-27
2022,1,DHOK KHABBA,0,2022-01-03
2022,2,DHOK KHABBA,0,2022-01-10
2022,3,DHOK KHABBA,0,2022-01-17
2022,4,DHOK KHABBA,0,2022-01-24
2022,5,DHOK KHABBA,0,2022-01-31
2022,6,DHOK KHABBA,0,2022-02-07
2022,7,DHOK KHABBA,0,2022-02-14
2022,8,DHOK KHABBA,0,2022-02-21
2022,9,DHOK KHABBA,0,2022-02-28
2022,10,DHOK KHABBA,0,2022-03-07
2022,11,DHOK KHABBA,0,2022-03-14
2022,12,DHOK KHABBA,0,2022-03-21
2022,13,DHOK KHABBA,0,2022-03-28
2022,14,DHOK KHABBA,0,2022-04-04
2022,15,DHOK KHABBA,0,2022-04-11
2022,16,DHOK KHABBA,0,2022-04-18
2022,17,DHOK KHABBA,0,2022-04-25
2022,18,DHOK KHABBA,0,2022-05-02
2022,19,DHOK KHABBA,0,2022-05-09
2022,20,DHOK KHABBA,0,2022-05-16
2022,21,DHOK KHABBA,0,2022-05-23
2022,22,DHOK KHABBA,0,2022-05-30
2022,23,DHOK KHABBA,0,2022-06-06
2022,24,DHOK KHABBA,0,2022-06-13
2022,25,DHOK KHABBA,0,2022-06-20
2022,26,DHOK KHABBA,0,2022-06-27
2022,27,DHOK KHABBA,0,2022-07-04
2022,28,DHOK KHABBA,0,2022-07-11
2022,29,DHOK KHABBA,0,2022-07-18
2022,30,DHOK KHABBA,0,2022-07-25
2022,31,DHOK KHABBA,0,2022-08-01
2022,32,DHOK KHABBA,0,2022-08-08
2022,33,DHOK KHABBA,0,2022-08-15
2022,34,DHOK KHABBA,1,2022-08-22
2022,35,DHOK KHABBA,0,2022-08-29
2022,36,DHOK KHABBA,1,2022-09-05
2022,37,DHOK KHABBA,1,2022-09-12
2022,38,DHOK KHABBA,2,2022-09-19
2022,39,DHOK KHABBA,4,2022-09-26
2022,40,DHOK KHABBA,3,2022-10-03
2022,41,DHOK KHABBA,2,2022-10-10
2022,42,DHOK KHABBA,0,2022-10-17
2022,43,DHOK KHABBA,0,2022-10-24
2022,44,DHOK KHABBA,0,2022-10-31
2022,45,DHOK KHABBA,0,2022-11-07
2022,46,DHOK KHABBA,0,2022-11-14
2022,47,DHOK KHABBA,0,2022-11-21
2022,48,DHOK KHABBA,0,2022-11-28
2022,49,DHOK KHABBA,0,2022-12-05
2022,50,DHOK KHABBA,0,2022-12-12
2022,51,DHOK KHABBA,0,2022-12-19
2022,52,DHOK KHABBA,0,2022-12-26
2023,1,DHOK KHABBA,0,2023-01-02
2023,2,DHOK KHABBA,0,2023-01-09
2023,3,DHOK KHABBA,0,2023-01-16
2023,4,DHOK KHABBA,0,2023-01-23
2023,5,DHOK KHABBA,0,2023-01-30
2023,6,DHOK KHABBA,0,2023-02-06
2023,7,DHOK KHABBA,0,2023-02-13
2023,8,DHOK KHABBA,0,2023-02-20
2023,9,DHOK KHABBA,0,2023-02-27
2023,10,DHOK KHABBA,0,2023-03-06
2023,11,DHOK KHABBA,0,2023-03-13
2023,12,DHOK KHABBA,0,2023-03-20
2023,13,DHOK KHABBA,0,2023-03-27
2023,14,DHOK KHABBA,0,2023-04-03
2023,15,DHOK KHABBA,0,2023-04-10
2023,16,DHOK KHABBA,0,2023-04-17
2023,17,DHOK KHABBA,0,2023-04-24
2023,18,DHOK KHABBA,0,2023-05-01
2023,19,DHOK KHABBA,0,2023-05-08
2023,20,DHOK KHABBA,0,2023-05-15
2023,21,DHOK KHABBA,0,2023-05-22
2023,22,DHOK KHABBA,0,2023-05-29
2023,23,DHOK KHABBA,0,2023-06-05
2023,24,DHOK KHABBA,0,2023-06-12
2023,25,DHOK KHABBA,0,2023-06-19
2023,26,DHOK KHABBA,0,2023-06-26
2023,27,DHOK KHABBA,0,2023-07-03
2023,28,DHOK KHABBA,0,2023-07-10
2023,29,DHOK KHABBA,0,2023-07-17
2023,30,DHOK KHABBA,0,2023-07-24
2023,31,DHOK KHABBA,0,2023-07-31
2023,32,DHOK KHABBA,0,2023-08-07
2023,33,DHOK KHABBA,0,2023-08-14
2023,34,DHOK KHABBA,0,2023-08-21
2023,35,DHOK KHABBA,0,2023-08-28
2023,36,DHOK KHABBA,0,2023-09-04
2023,37,DHOK KHABBA,0,2023-09-11
2023,38,DHOK KHABBA,0,2023-09-18
2023,39,DHOK KHABBA,0,2023-09-25
2023,40,DHOK KHABBA,0,2023-10-02
2023,41,DHOK KHABBA,2,2023-10-09
2023,42,DHOK KHABBA,0,2023-10-16
2023,43,DHOK KHABBA,1,2023-10-23
2023,44,DHOK KHABBA,1,2023-10-30
2023,45,DHOK KHABBA,0,2023-11-06
2023,46,DHOK KHABBA,0,2023-11-13
2023,47,DHOK KHABBA,1,2023-11-20
2023,48,DHOK KHABBA,0,2023-11-27
2023,49,DHOK KHABBA,0,2023-12-04
2023,50,DHOK KHABBA,0,2023-12-11
2023,51,DHOK KHABBA,0,2023-12-18
2023,52,DHOK KHABBA,0,2023-12-25
2024,1,DHOK KHABBA,0,2024-01-01
2024,2,DHOK KHABBA,0,2024-01-08
2024,3,DHOK KHABBA,0,2024-01-15
2024,4,DHOK KHABBA,0,2024-01-22
2024,5,DHOK KHABBA,0,2024-01-29
2024,6,DHOK KHABBA,0,2024-02-05
2024,7,DHOK KHABBA,0,2024-02-12
2024,8,DHOK KHABBA,0,2024-02-19
2024,9,DHOK KHABBA,0,2024-02-26
2024,10,DHOK KHABBA,0,2024-03-04
2024,11,DHOK KHABBA,0,2024-03-11
2024,12,DHOK KHABBA,0,2024-03-18
2024,13,DHOK KHABBA,0,2024-03-25
2024,14,DHOK KHABBA,0,2024-04-01
2024,15,DHOK KHABBA,0,2024-04-08
2024,16,DHOK KHABBA,0,2024-04-15
2024,17,DHOK KHABBA,0,2024-04-22
2024,18,DHOK KHABBA,0,2024-04-29
2024,19,DHOK KHABBA,0,2024-05-06
2024,20,DHOK KHABBA,0,2024-05-13
2024,21,DHOK KHABBA,0,2024-05-20
2024,22,DHOK KHABBA,0,2024-05-27
2024,23,DHOK KHABBA,0,2024-06-03
2024,24,DHOK KHABBA,0,2024-06-10
2024,25,DHOK KHABBA,0,2024-06-17
2024,26,DHOK KHABBA,0,2024-06-24
2024,27,DHOK KHABBA,0,2024-07-01
2024,28,DHOK KHABBA,0,2024-07-08
2024,29,DHOK KHABBA,0,2024-07-15
2024,30,DHOK KHABBA,0,2024-07-22
2024,31,DHOK KHABBA,0,2024-07-29
2024,32,DHOK KHABBA,0,2024-08-05
2024,33,DHOK KHABBA,0,2024-08-12
2024,34,DHOK KHABBA,0,2024-08-19
2024,35,DHOK KHABBA,0,2024-08-26
2024,36,DHOK KHABBA,1,2024-09-02
2024,37,DHOK KHABBA,2,2024-09-09
2024,38,DHOK KHABBA,6,2024-09-16
2024,39,DHOK KHABBA,7,2024-09-23
2024,40,DHOK KHABBA,10,2024-09-30
2024,41,DHOK KHABBA,11,2024-10-07
2024,42,DHOK KHABBA,7,2024-10-14
2024,43,DHOK KHABBA,4,2024-10-21
2024,44,DHOK KHABBA,7,2024-10-28
2024,45,DHOK KHABBA,5,2024-11-04
2024,46,DHOK KHABBA,1,2024-11-11
2024,47,DHOK KHABBA,0,2024-11-18
2024,48,DHOK KHABBA,1,2024-11-25
2024,49,DHOK KHABBA,0,2024-12-02
2024,50,DHOK KHABBA,0,2024-12-09
2024,51,DHOK KHABBA,0,2024-12-16
2024,52,DHOK KHABBA,0,2024-12-23
2021,1,DHOK MANGTAL,0,2021-01-04
2021,2,DHOK MANGTAL,0,2021-01-11
2021,3,DHOK MANGTAL,0,2021-01-18
2021,4,DHOK MANGTAL,0,2021-01-25
2021,5,DHOK MANGTAL,0,2021-02-01
2021,6,DHOK MANGTAL,0,2021-02-08
2021,7,DHOK MANGTAL,0,2021-02-15
2021,8,DHOK MANGTAL,0,2021-02-22
2021,9,DHOK MANGTAL,0,2021-03-01
2021,10,DHOK MANGTAL,0,2021-03-08
2021,11,DHOK MANGTAL,0,2021-03-15
2021,12,DHOK MANGTAL,0,2021-03-22
2021,13,DHOK MANGTAL,0,2021-03-29
2021,14,DHOK MANGTAL,0,2021-04-05
2021,15,DHOK MANGTAL,0,2021-04-12
2021,16,DHOK MANGTAL,0,2021-04-19
2021,17,DHOK MANGTAL,0,2021-04-26
2021,18,DHOK MANGTAL,0,2021-05-03
2021,19,DHOK MANGTAL,0,2021-05-10
2021,20,DHOK MANGTAL,0,2021-05-17
2021,21,DHOK MANGTAL,0,2021-05-24
2021,22,DHOK MANGTAL,0,2021-05-31
2021,23,DHOK MANGTAL,0,2021-06-07
2021,24,DHOK MANGTAL,0,2021-06-14
2021,25,DHOK MANGTAL,0,2021-06-21
2021,26,DHOK MANGTAL,0,2021-06-28
2021,27,DHOK MANGTAL,0,2021-07-05
2021,28,DHOK MANGTAL,0,2021-07-12
2021,29,DHOK MANGTAL,0,2021-07-19
2021,30,DHOK MANGTAL,0,2021-07-26
2021,31,DHOK MANGTAL,0,2021-08-02
2021,32,DHOK MANGTAL,0,2021-08-09
2021,33,DHOK MANGTAL,0,2021-08-16
2021,34,DHOK MANGTAL,0,2021-08-23
2021,35,DHOK MANGTAL,0,2021-08-30
2021,36,DHOK MANGTAL,0,2021-09-06
2021,37,DHOK MANGTAL,0,2021-09-13
2021,38,DHOK MANGTAL,0,2021-09-20
2021,39,DHOK MANGTAL,0,2021-09-27
2021,40,DHOK MANGTAL,0,2021-10-04
2021,41,DHOK MANGTAL,0,2021-10-11
2021,42,DHOK MANGTAL,0,2021-10-18
2021,43,DHOK MANGTAL,0,2021-10-25
2021,44,DHOK MANGTAL,0,2021-11-01
2021,45,DHOK MANGTAL,0,2021-11-08
2021,46,DHOK MANGTAL,0,2021-11-15
2021,47,DHOK MANGTAL,0,2021-11-22
2021,48,DHOK MANGTAL,0,2021-11-29
2021,49,DHOK MANGTAL,0,2021-12-06
2021,50,DHOK MANGTAL,0,2021-12-13
2021,51,DHOK MANGTAL,0,2021-12-20
2021,52,DHOK MANGTAL,0,2021-12-27
2022,1,DHOK MANGTAL,0,2022-01-03
2022,2,DHOK MANGTAL,0,2022-01-10
2022,3,DHOK MANGTAL,0,2022-01-17
2022,4,DHOK MANGTAL,0,2022-01-24
2022,5,DHOK MANGTAL,0,2022-01-31
2022,6,DHOK MANGTAL,0,2022-02-07
2022,7,DHOK MANGTAL,0,2022-02-14
2022,8,DHOK MANGTAL,0,2022-02-21
2022,9,DHOK MANGTAL,0,2022-02-28
2022,10,DHOK MANGTAL,0,2022-03-07
2022,11,DHOK MANGTAL,0,2022-03-14
2022,12,DHOK MANGTAL,0,2022-03-21
2022,13,DHOK MANGTAL,0,2022-03-28
2022,14,DHOK MANGTAL,0,2022-04-04
2022,15,DHOK MANGTAL,0,2022-04-11
2022,16,DHOK MANGTAL,0,2022-04-18
2022,17,DHOK MANGTAL,0,2022-04-25
2022,18,DHOK MANGTAL,0,2022-05-02
2022,19,DHOK MANGTAL,0,2022-05-09
2022,20,DHOK MANGTAL,0,2022-05-16
2022,21,DHOK MANGTAL,0,2022-05-23
2022,22,DHOK MANGTAL,0,2022-05-30
2022,23,DHOK MANGTAL,0,2022-06-06
2022,24,DHOK MANGTAL,0,2022-06-13
2022,25,DHOK MANGTAL,0,2022-06-20
2022,26,DHOK MANGTAL,0,2022-06-27
2022,27,DHOK MANGTAL,0,2022-07-04
2022,28,DHOK MANGTAL,0,2022-07-11
2022,29,DHOK MANGTAL,0,2022-07-18
2022,30,DHOK MANGTAL,0,2022-07-25
2022,31,DHOK MANGTAL,0,2022-08-01
2022,32,DHOK MANGTAL,0,2022-08-08
2022,33,DHOK MANGTAL,0,2022-08-15
2022,34,DHOK MANGTAL,0,2022-08-22
2022,35,DHOK MANGTAL,0,2022-08-29
2022,36,DHOK MANGTAL,0,2022-09-05
2022,37,DHOK MANGTAL,0,2022-09-12
2022,38,DHOK MANGTAL,0,2022-09-19
2022,39,DHOK MANGTAL,0,2022-09-26
2022,40,DHOK MANGTAL,0,2022-10-03
2022,41,DHOK MANGTAL,0,2022-10-10
2022,42,DHOK MANGTAL,0,2022-10-17
2022,43,DHOK MANGTAL,0,2022-10-24
2022,44,DHOK MANGTAL,0,2022-10-31
2022,45,DHOK MANGTAL,0,2022-11-07
2022,46,DHOK MANGTAL,0,2022-11-14
2022,47,DHOK MANGTAL,0,2022-11-21
2022,48,DHOK MANGTAL,0,2022-11-28
2022,49,DHOK MANGTAL,0,2022-12-05
2022,50,DHOK MANGTAL,0,2022-12-12
2022,51,DHOK MANGTAL,0,2022-12-19
2022,52,DHOK MANGTAL,0,2022-12-26
2023,1,DHOK MANGTAL,0,2023-01-02
2023,2,DHOK MANGTAL,0,2023-01-09
2023,3,DHOK MANGTAL,0,2023-01-16
2023,4,DHOK MANGTAL,0,2023-01-23
2023,5,DHOK MANGTAL,0,2023-01-30
2023,6,DHOK MANGTAL,0,2023-02-06
2023,7,DHOK MANGTAL,0,2023-02-13
2023,8,DHOK MANGTAL,0,2023-02-20
2023,9,DHOK MANGTAL,0,2023-02-27
2023,10,DHOK MANGTAL,0,2023-03-06
2023,11,DHOK MANGTAL,0,2023-03-13
2023,12,DHOK MANGTAL,0,2023-03-20
2023,13,DHOK MANGTAL,0,2023-03-27
2023,14,DHOK MANGTAL,0,2023-04-03
2023,15,DHOK MANGTAL,0,2023-04-10
2023,16,DHOK MANGTAL,0,2023-04-17
2023,17,DHOK MANGTAL,0,2023-04-24
2023,18,DHOK MANGTAL,0,2023-05-01
2023,19,DHOK MANGTAL,0,2023-05-08
2023,20,DHOK MANGTAL,0,2023-05-15
2023,21,DHOK MANGTAL,0,2023-05-22
2023,22,DHOK MANGTAL,0,2023-05-29
2023,23,DHOK MANGTAL,0,2023-06-05
2023,24,DHOK MANGTAL,0,2023-06-12
2023,25,DHOK MANGTAL,0,2023-06-19
2023,26,DHOK MANGTAL,0,2023-06-26
2023,27,DHOK MANGTAL,0,2023-07-03
2023,28,DHOK MANGTAL,0,2023-07-10
2023,29,DHOK MANGTAL,0,2023-07-17
2023,30,DHOK MANGTAL,0,2023-07-24
2023,31,DHOK MANGTAL,0,2023-07-31
2023,32,DHOK MANGTAL,0,2023-08-07
2023,33,DHOK MANGTAL,0,2023-08-14
2023,34,DHOK MANGTAL,0,2023-08-21
2023,35,DHOK MANGTAL,0,2023-08-28
2023,36,DHOK MANGTAL,0,2023-09-04
2023,37,DHOK MANGTAL,0,2023-09-11
2023,38,DHOK MANGTAL,0,2023-09-18
2023,39,DHOK MANGTAL,0,2023-09-25
2023,40,DHOK MANGTAL,0,2023-10-02
2023,41,DHOK MANGTAL,0,2023-10-09
2023,42,DHOK MANGTAL,0,2023-10-16
2023,43,DHOK MANGTAL,0,2023-10-23
2023,44,DHOK MANGTAL,0,2023-10-30
2023,45,DHOK MANGTAL,0,2023-11-06
2023,46,DHOK MANGTAL,0,2023-11-13
2023,47,DHOK MANGTAL,0,2023-11-20
2023,48,DHOK MANGTAL,0,2023-11-27
2023,49,DHOK MANGTAL,0,2023-12-04
2023,50,DHOK MANGTAL,0,2023-12-11
2023,51,DHOK MANGTAL,0,2023-12-18
2023,52,DHOK MANGTAL,0,2023-12-25
2024,1,DHOK MANGTAL,0,2024-01-01
2024,2,DHOK MANGTAL,0,2024-01-08
2024,3,DHOK MANGTAL,0,2024-01-15
2024,4,DHOK MANGTAL,0,2024-01-22
2024,5,DHOK MANGTAL,0,2024-01-29
2024,6,DHOK MANGTAL,0,2024-02-05
2024,7,DHOK MANGTAL,0,2024-02-12
2024,8,DHOK MANGTAL,0,2024-02-19
2024,9,DHOK MANGTAL,0,2024-02-26
2024,10,DHOK MANGTAL,0,2024-03-04
2024,11,DHOK MANGTAL,0,2024-03-11
2024,12,DHOK MANGTAL,0,2024-03-18
2024,13,DHOK MANGTAL,0,2024-03-25
2024,14,DHOK MANGTAL,0,2024-04-01
2024,15,DHOK MANGTAL,0,2024-04-08
2024,16,DHOK MANGTAL,0,2024-04-15
2024,17,DHOK MANGTAL,0,2024-04-22
2024,18,DHOK MANGTAL,0,2024-04-29
2024,19,DHOK MANGTAL,0,2024-05-06
2024,20,DHOK MANGTAL,0,2024-05-13
2024,21,DHOK MANGTAL,0,2024-05-20
2024,22,DHOK MANGTAL,0,2024-05-27
2024,23,DHOK MANGTAL,0,2024-06-03
2024,24,DHOK MANGTAL,0,2024-06-10
2024,25,DHOK MANGTAL,0,2024-06-17
2024,26,DHOK MANGTAL,0,2024-06-24
2024,27,DHOK MANGTAL,0,2024-07-01
2024,28,DHOK MANGTAL,0,2024-07-08
2024,29,DHOK MANGTAL,0,2024-07-15
2024,30,DHOK MANGTAL,0,2024-07-22
2024,31,DHOK MANGTAL,0,2024-07-29
2024,32,DHOK MANGTAL,0,2024-08-05
2024,33,DHOK MANGTAL,0,2024-08-12
2024,34,DHOK MANGTAL,0,2024-08-19
2024,35,DHOK MANGTAL,0,2024-08-26
2024,36,DHOK MANGTAL,0,2024-09-02
2024,37,DHOK MANGTAL,0,2024-09-09
2024,38,DHOK MANGTAL,0,2024-09-16
2024,39,DHOK MANGTAL,0,2024-09-23
2024,40,DHOK MANGTAL,0,2024-09-30
2024,41,DHOK MANGTAL,0,2024-10-07
2024,42,DHOK MANGTAL,0,2024-10-14
2024,43,DHOK MANGTAL,1,2024-10-21
2024,44,DHOK MANGTAL,0,2024-10-28
2024,45,DHOK MANGTAL,0,2024-11-04
2024,46,DHOK MANGTAL,0,2024-11-11
2024,47,DHOK MANGTAL,0,2024-11-18
2024,48,DHOK MANGTAL,0,2024-11-25
2024,49,DHOK MANGTAL,0,2024-12-02
2024,50,DHOK MANGTAL,0,2024-12-09
2024,51,DHOK MANGTAL,0,2024-12-16
2024,52,DHOK MANGTAL,0,2024-12-23
2021,1,DHOK MUNSHI KHAN,0,2021-01-04
2021,2,DHOK MUNSHI KHAN,0,2021-01-11
2021,3,DHOK MUNSHI KHAN,0,2021-01-18
2021,4,DHOK MUNSHI KHAN,0,2021-01-25
2021,5,DHOK MUNSHI KHAN,0,2021-02-01
2021,6,DHOK MUNSHI KHAN,0,2021-02-08
2021,7,DHOK MUNSHI KHAN,0,2021-02-15
2021,8,DHOK MUNSHI KHAN,0,2021-02-22
2021,9,DHOK MUNSHI KHAN,0,2021-03-01
2021,10,DHOK MUNSHI KHAN,0,2021-03-08
2021,11,DHOK MUNSHI KHAN,0,2021-03-15
2021,12,DHOK MUNSHI KHAN,0,2021-03-22
2021,13,DHOK MUNSHI KHAN,0,2021-03-29
2021,14,DHOK MUNSHI KHAN,0,2021-04-05
2021,15,DHOK MUNSHI KHAN,0,2021-04-12
2021,16,DHOK MUNSHI KHAN,0,2021-04-19
2021,17,DHOK MUNSHI KHAN,0,2021-04-26
2021,18,DHOK MUNSHI KHAN,0,2021-05-03
2021,19,DHOK MUNSHI KHAN,0,2021-05-10
2021,20,DHOK MUNSHI KHAN,0,2021-05-17
2021,21,DHOK MUNSHI KHAN,0,2021-05-24
2021,22,DHOK MUNSHI KHAN,0,2021-05-31
2021,23,DHOK MUNSHI KHAN,0,2021-06-07
2021,24,DHOK MUNSHI KHAN,0,2021-06-14
2021,25,DHOK MUNSHI KHAN,0,2021-06-21
2021,26,DHOK MUNSHI KHAN,0,2021-06-28
2021,27,DHOK MUNSHI KHAN,0,2021-07-05
2021,28,DHOK MUNSHI KHAN,0,2021-07-12
2021,29,DHOK MUNSHI KHAN,0,2021-07-19
2021,30,DHOK MUNSHI KHAN,0,2021-07-26
2021,31,DHOK MUNSHI KHAN,0,2021-08-02
2021,32,DHOK MUNSHI KHAN,0,2021-08-09
2021,33,DHOK MUNSHI KHAN,0,2021-08-16
2021,34,DHOK MUNSHI KHAN,0,2021-08-23
2021,35,DHOK MUNSHI KHAN,0,2021-08-30
2021,36,DHOK MUNSHI KHAN,0,2021-09-06
2021,37,DHOK MUNSHI KHAN,0,2021-09-13
2021,38,DHOK MUNSHI KHAN,3,2021-09-20
2021,39,DHOK MUNSHI KHAN,8,2021-09-27
2021,40,DHOK MUNSHI KHAN,13,2021-10-04
2021,41,DHOK MUNSHI KHAN,21,2021-10-11
2021,42,DHOK MUNSHI KHAN,8,2021-10-18
2021,43,DHOK MUNSHI KHAN,10,2021-10-25
2021,44,DHOK MUNSHI KHAN,13,2021-11-01
2021,45,DHOK MUNSHI KHAN,4,2021-11-08
2021,46,DHOK MUNSHI KHAN,3,2021-11-15
2021,47,DHOK MUNSHI KHAN,1,2021-11-22
2021,48,DHOK MUNSHI KHAN,0,2021-11-29
2021,49,DHOK MUNSHI KHAN,1,2021-12-06
2021,50,DHOK MUNSHI KHAN,0,2021-12-13
2021,51,DHOK MUNSHI KHAN,0,2021-12-20
2021,52,DHOK MUNSHI KHAN,0,2021-12-27
2022,1,DHOK MUNSHI KHAN,0,2022-01-03
2022,2,DHOK MUNSHI KHAN,0,2022-01-10
2022,3,DHOK MUNSHI KHAN,0,2022-01-17
2022,4,DHOK MUNSHI KHAN,0,2022-01-24
2022,5,DHOK MUNSHI KHAN,0,2022-01-31
2022,6,DHOK MUNSHI KHAN,0,2022-02-07
2022,7,DHOK MUNSHI KHAN,0,2022-02-14
2022,8,DHOK MUNSHI KHAN,0,2022-02-21
2022,9,DHOK MUNSHI KHAN,0,2022-02-28
2022,10,DHOK MUNSHI KHAN,0,2022-03-07
2022,11,DHOK MUNSHI KHAN,0,2022-03-14
2022,12,DHOK MUNSHI KHAN,0,2022-03-21
2022,13,DHOK MUNSHI KHAN,0,2022-03-28
2022,14,DHOK MUNSHI KHAN,0,2022-04-04
2022,15,DHOK MUNSHI KHAN,0,2022-04-11
2022,16,DHOK MUNSHI KHAN,0,2022-04-18
2022,17,DHOK MUNSHI KHAN,0,2022-04-25
2022,18,DHOK MUNSHI KHAN,0,2022-05-02
2022,19,DHOK MUNSHI KHAN,0,2022-05-09
2022,20,DHOK MUNSHI KHAN,0,2022-05-16
2022,21,DHOK MUNSHI KHAN,0,2022-05-23
2022,22,DHOK MUNSHI KHAN,0,2022-05-30
2022,23,DHOK MUNSHI KHAN,0,2022-06-06
2022,24,DHOK MUNSHI KHAN,0,2022-06-13
2022,25,DHOK MUNSHI KHAN,0,2022-06-20
2022,26,DHOK MUNSHI KHAN,0,2022-06-27
2022,27,DHOK MUNSHI KHAN,0,2022-07-04
2022,28,DHOK MUNSHI KHAN,0,2022-07-11
2022,29,DHOK MUNSHI KHAN,0,2022-07-18
2022,30,DHOK MUNSHI KHAN,0,2022-07-25
2022,31,DHOK MUNSHI KHAN,0,2022-08-01
2022,32,DHOK MUNSHI KHAN,0,2022-08-08
2022,33,DHOK MUNSHI KHAN,0,2022-08-15
2022,34,DHOK MUNSHI KHAN,1,2022-08-22
2022,35,DHOK MUNSHI KHAN,1,2022-08-29
2022,36,DHOK MUNSHI KHAN,2,2022-09-05
2022,37,DHOK MUNSHI KHAN,6,2022-09-12
2022,38,DHOK MUNSHI KHAN,9,2022-09-19
2022,39,DHOK MUNSHI KHAN,13,2022-09-26
2022,40,DHOK MUNSHI KHAN,10,2022-10-03
2022,41,DHOK MUNSHI KHAN,24,2022-10-10
2022,42,DHOK MUNSHI KHAN,10,2022-10-17
2022,43,DHOK MUNSHI KHAN,17,2022-10-24
2022,44,DHOK MUNSHI KHAN,10,2022-10-31
2022,45,DHOK MUNSHI KHAN,2,2022-11-07
2022,46,DHOK MUNSHI KHAN,2,2022-11-14
2022,47,DHOK MUNSHI KHAN,3,2022-11-21
2022,48,DHOK MUNSHI KHAN,1,2022-11-28
2022,49,DHOK MUNSHI KHAN,0,2022-12-05
2022,50,DHOK MUNSHI KHAN,0,2022-12-12
2022,51,DHOK MUNSHI KHAN,0,2022-12-19
2022,52,DHOK MUNSHI KHAN,0,2022-12-26
2023,1,DHOK MUNSHI KHAN,0,2023-01-02
2023,2,DHOK MUNSHI KHAN,0,2023-01-09
2023,3,DHOK MUNSHI KHAN,0,2023-01-16
2023,4,DHOK MUNSHI KHAN,0,2023-01-23
2023,5,DHOK MUNSHI KHAN,0,2023-01-30
2023,6,DHOK MUNSHI KHAN,0,2023-02-06
2023,7,DHOK MUNSHI KHAN,0,2023-02-13
2023,8,DHOK MUNSHI KHAN,0,2023-02-20
2023,9,DHOK MUNSHI KHAN,0,2023-02-27
2023,10,DHOK MUNSHI KHAN,0,2023-03-06
2023,11,DHOK MUNSHI KHAN,0,2023-03-13
2023,12,DHOK MUNSHI KHAN,0,2023-03-20
2023,13,DHOK MUNSHI KHAN,0,2023-03-27
2023,14,DHOK MUNSHI KHAN,0,2023-04-03
2023,15,DHOK MUNSHI KHAN,0,2023-04-10
2023,16,DHOK MUNSHI KHAN,0,2023-04-17
2023,17,DHOK MUNSHI KHAN,0,2023-04-24
2023,18,DHOK MUNSHI KHAN,0,2023-05-01
2023,19,DHOK MUNSHI KHAN,0,2023-05-08
2023,20,DHOK MUNSHI KHAN,0,2023-05-15
2023,21,DHOK MUNSHI KHAN,0,2023-05-22
2023,22,DHOK MUNSHI KHAN,0,2023-05-29
2023,23,DHOK MUNSHI KHAN,0,2023-06-05
2023,24,DHOK MUNSHI KHAN,0,2023-06-12
2023,25,DHOK MUNSHI KHAN,0,2023-06-19
2023,26,DHOK MUNSHI KHAN,0,2023-06-26
2023,27,DHOK MUNSHI KHAN,0,2023-07-03
2023,28,DHOK MUNSHI KHAN,0,2023-07-10
2023,29,DHOK MUNSHI KHAN,0,2023-07-17
2023,30,DHOK MUNSHI KHAN,0,2023-07-24
2023,31,DHOK MUNSHI KHAN,3,2023-07-31
2023,32,DHOK MUNSHI KHAN,1,2023-08-07
2023,33,DHOK MUNSHI KHAN,2,2023-08-14
2023,34,DHOK MUNSHI KHAN,1,2023-08-21
2023,35,DHOK MUNSHI KHAN,9,2023-08-28
2023,36,DHOK MUNSHI KHAN,21,2023-09-04
2023,37,DHOK MUNSHI KHAN,37,2023-09-11
2023,38,DHOK MUNSHI KHAN,36,2023-09-18
2023,39,DHOK MUNSHI KHAN,46,2023-09-25
2023,40,DHOK MUNSHI KHAN,25,2023-10-02
2023,41,DHOK MUNSHI KHAN,24,2023-10-09
2023,42,DHOK MUNSHI KHAN,19,2023-10-16
2023,43,DHOK MUNSHI KHAN,6,2023-10-23
2023,44,DHOK MUNSHI KHAN,3,2023-10-30
2023,45,DHOK MUNSHI KHAN,10,2023-11-06
2023,46,DHOK MUNSHI KHAN,2,2023-11-13
2023,47,DHOK MUNSHI KHAN,0,2023-11-20
2023,48,DHOK MUNSHI KHAN,0,2023-11-27
2023,49,DHOK MUNSHI KHAN,0,2023-12-04
2023,50,DHOK MUNSHI KHAN,1,2023-12-11
2023,51,DHOK MUNSHI KHAN,0,2023-12-18
2023,52,DHOK MUNSHI KHAN,0,2023-12-25
2024,1,DHOK MUNSHI KHAN,0,2024-01-01
2024,2,DHOK MUNSHI KHAN,0,2024-01-08
2024,3,DHOK MUNSHI KHAN,0,2024-01-15
2024,4,DHOK MUNSHI KHAN,0,2024-01-22
2024,5,DHOK MUNSHI KHAN,0,2024-01-29
2024,6,DHOK MUNSHI KHAN,0,2024-02-05
2024,7,DHOK MUNSHI KHAN,0,2024-02-12
2024,8,DHOK MUNSHI KHAN,0,2024-02-19
2024,9,DHOK MUNSHI KHAN,0,2024-02-26
2024,10,DHOK MUNSHI KHAN,0,2024-03-04
2024,11,DHOK MUNSHI KHAN,0,2024-03-11
2024,12,DHOK MUNSHI KHAN,0,2024-03-18
2024,13,DHOK MUNSHI KHAN,0,2024-03-25
2024,14,DHOK MUNSHI KHAN,0,2024-04-01
2024,15,DHOK MUNSHI KHAN,0,2024-04-08
2024,16,DHOK MUNSHI KHAN,0,2024-04-15
2024,17,DHOK MUNSHI KHAN,0,2024-04-22
2024,18,DHOK MUNSHI KHAN,0,2024-04-29
2024,19,DHOK MUNSHI KHAN,0,2024-05-06
2024,20,DHOK MUNSHI KHAN,0,2024-05-13
2024,21,DHOK MUNSHI KHAN,0,2024-05-20
2024,22,DHOK MUNSHI KHAN,0,2024-05-27
2024,23,DHOK MUNSHI KHAN,0,2024-06-03
2024,24,DHOK MUNSHI KHAN,0,2024-06-10
2024,25,DHOK MUNSHI KHAN,0,2024-06-17
2024,26,DHOK MUNSHI KHAN,0,2024-06-24
2024,27,DHOK MUNSHI KHAN,0,2024-07-01
2024,28,DHOK MUNSHI KHAN,0,2024-07-08
2024,29,DHOK MUNSHI KHAN,0,2024-07-15
2024,30,DHOK MUNSHI KHAN,0,2024-07-22
2024,31,DHOK MUNSHI KHAN,0,2024-07-29
2024,32,DHOK MUNSHI KHAN,0,2024-08-05
2024,33,DHOK MUNSHI KHAN,0,2024-08-12
2024,34,DHOK MUNSHI KHAN,0,2024-08-19
2024,35,DHOK MUNSHI KHAN,0,2024-08-26
2024,36,DHOK MUNSHI KHAN,0,2024-09-02
2024,37,DHOK MUNSHI KHAN,7,2024-09-09
2024,38,DHOK MUNSHI KHAN,5,2024-09-16
2024,39,DHOK MUNSHI KHAN,22,2024-09-23
2024,40,DHOK MUNSHI KHAN,16,2024-09-30
2024,41,DHOK MUNSHI KHAN,23,2024-10-07
2024,42,DHOK MUNSHI KHAN,18,2024-10-14
2024,43,DHOK MUNSHI KHAN,12,2024-10-21
2024,44,DHOK MUNSHI KHAN,11,2024-10-28
2024,45,DHOK MUNSHI KHAN,18,2024-11-04
2024,46,DHOK MUNSHI KHAN,7,2024-11-11
2024,47,DHOK MUNSHI KHAN,1,2024-11-18
2024,48,DHOK MUNSHI KHAN,2,2024-11-25
2024,49,DHOK MUNSHI KHAN,1,2024-12-02
2024,50,DHOK MUNSHI KHAN,0,2024-12-09
2024,51,DHOK MUNSHI KHAN,0,2024-12-16
2024,52,DHOK MUNSHI KHAN,0,2024-12-23
2021,1,DHOK NAJJU,0,2021-01-04
2021,2,DHOK NAJJU,0,2021-01-11
2021,3,DHOK NAJJU,0,2021-01-18
2021,4,DHOK NAJJU,0,2021-01-25
2021,5,DHOK NAJJU,0,2021-02-01
2021,6,DHOK NAJJU,0,2021-02-08
2021,7,DHOK NAJJU,0,2021-02-15
2021,8,DHOK NAJJU,0,2021-02-22
2021,9,DHOK NAJJU,0,2021-03-01
2021,10,DHOK NAJJU,0,2021-03-08
2021,11,DHOK NAJJU,0,2021-03-15
2021,12,DHOK NAJJU,0,2021-03-22
2021,13,DHOK NAJJU,0,2021-03-29
2021,14,DHOK NAJJU,0,2021-04-05
2021,15,DHOK NAJJU,0,2021-04-12
2021,16,DHOK NAJJU,0,2021-04-19
2021,17,DHOK NAJJU,0,2021-04-26
2021,18,DHOK NAJJU,0,2021-05-03
2021,19,DHOK NAJJU,0,2021-05-10
2021,20,DHOK NAJJU,0,2021-05-17
2021,21,DHOK NAJJU,0,2021-05-24
2021,22,DHOK NAJJU,0,2021-05-31
2021,23,DHOK NAJJU,0,2021-06-07
2021,24,DHOK NAJJU,0,2021-06-14
2021,25,DHOK NAJJU,0,2021-06-21
2021,26,DHOK NAJJU,0,2021-06-28
2021,27,DHOK NAJJU,0,2021-07-05
2021,28,DHOK NAJJU,0,2021-07-12
2021,29,DHOK NAJJU,0,2021-07-19
2021,30,DHOK NAJJU,0,2021-07-26
2021,31,DHOK NAJJU,0,2021-08-02
2021,32,DHOK NAJJU,0,2021-08-09
2021,33,DHOK NAJJU,0,2021-08-16
2021,34,DHOK NAJJU,0,2021-08-23
2021,35,DHOK NAJJU,0,2021-08-30
2021,36,DHOK NAJJU,0,2021-09-06
2021,37,DHOK NAJJU,0,2021-09-13
2021,38,DHOK NAJJU,0,2021-09-20
2021,39,DHOK NAJJU,0,2021-09-27
2021,40,DHOK NAJJU,0,2021-10-04
2021,41,DHOK NAJJU,0,2021-10-11
2021,42,DHOK NAJJU,0,2021-10-18
2021,43,DHOK NAJJU,0,2021-10-25
2021,44,DHOK NAJJU,0,2021-11-01
2021,45,DHOK NAJJU,0,2021-11-08
2021,46,DHOK NAJJU,0,2021-11-15
2021,47,DHOK NAJJU,0,2021-11-22
2021,48,DHOK NAJJU,0,2021-11-29
2021,49,DHOK NAJJU,0,2021-12-06
2021,50,DHOK NAJJU,0,2021-12-13
2021,51,DHOK NAJJU,0,2021-12-20
2021,52,DHOK NAJJU,0,2021-12-27
2022,1,DHOK NAJJU,0,2022-01-03
2022,2,DHOK NAJJU,0,2022-01-10
2022,3,DHOK NAJJU,0,2022-01-17
2022,4,DHOK NAJJU,0,2022-01-24
2022,5,DHOK NAJJU,0,2022-01-31
2022,6,DHOK NAJJU,0,2022-02-07
2022,7,DHOK NAJJU,0,2022-02-14
2022,8,DHOK NAJJU,0,2022-02-21
2022,9,DHOK NAJJU,0,2022-02-28
2022,10,DHOK NAJJU,0,2022-03-07
2022,11,DHOK NAJJU,0,2022-03-14
2022,12,DHOK NAJJU,0,2022-03-21
2022,13,DHOK NAJJU,0,2022-03-28
2022,14,DHOK NAJJU,0,2022-04-04
2022,15,DHOK NAJJU,0,2022-04-11
2022,16,DHOK NAJJU,0,2022-04-18
2022,17,DHOK NAJJU,0,2022-04-25
2022,18,DHOK NAJJU,0,2022-05-02
2022,19,DHOK NAJJU,0,2022-05-09
2022,20,DHOK NAJJU,0,2022-05-16
2022,21,DHOK NAJJU,0,2022-05-23
2022,22,DHOK NAJJU,0,2022-05-30
2022,23,DHOK NAJJU,0,2022-06-06
2022,24,DHOK NAJJU,0,2022-06-13
2022,25,DHOK NAJJU,0,2022-06-20
2022,26,DHOK NAJJU,0,2022-06-27
2022,27,DHOK NAJJU,0,2022-07-04
2022,28,DHOK NAJJU,0,2022-07-11
2022,29,DHOK NAJJU,0,2022-07-18
2022,30,DHOK NAJJU,0,2022-07-25
2022,31,DHOK NAJJU,0,2022-08-01
2022,32,DHOK NAJJU,0,2022-08-08
2022,33,DHOK NAJJU,0,2022-08-15
2022,34,DHOK NAJJU,0,2022-08-22
2022,35,DHOK NAJJU,0,2022-08-29
2022,36,DHOK NAJJU,0,2022-09-05
2022,37,DHOK NAJJU,0,2022-09-12
2022,38,DHOK NAJJU,0,2022-09-19
2022,39,DHOK NAJJU,0,2022-09-26
2022,40,DHOK NAJJU,0,2022-10-03
2022,41,DHOK NAJJU,0,2022-10-10
2022,42,DHOK NAJJU,0,2022-10-17
2022,43,DHOK NAJJU,1,2022-10-24
2022,44,DHOK NAJJU,0,2022-10-31
2022,45,DHOK NAJJU,0,2022-11-07
2022,46,DHOK NAJJU,0,2022-11-14
2022,47,DHOK NAJJU,0,2022-11-21
2022,48,DHOK NAJJU,0,2022-11-28
2022,49,DHOK NAJJU,0,2022-12-05
2022,50,DHOK NAJJU,0,2022-12-12
2022,51,DHOK NAJJU,0,2022-12-19
2022,52,DHOK NAJJU,0,2022-12-26
2023,1,DHOK NAJJU,0,2023-01-02
2023,2,DHOK NAJJU,0,2023-01-09
2023,3,DHOK NAJJU,0,2023-01-16
2023,4,DHOK NAJJU,0,2023-01-23
2023,5,DHOK NAJJU,0,2023-01-30
2023,6,DHOK NAJJU,0,2023-02-06
2023,7,DHOK NAJJU,0,2023-02-13
2023,8,DHOK NAJJU,0,2023-02-20
2023,9,DHOK NAJJU,0,2023-02-27
2023,10,DHOK NAJJU,0,2023-03-06
2023,11,DHOK NAJJU,0,2023-03-13
2023,12,DHOK NAJJU,0,2023-03-20
2023,13,DHOK NAJJU,0,2023-03-27
2023,14,DHOK NAJJU,0,2023-04-03
2023,15,DHOK NAJJU,0,2023-04-10
2023,16,DHOK NAJJU,0,2023-04-17
2023,17,DHOK NAJJU,0,2023-04-24
2023,18,DHOK NAJJU,0,2023-05-01
2023,19,DHOK NAJJU,0,2023-05-08
2023,20,DHOK NAJJU,0,2023-05-15
2023,21,DHOK NAJJU,0,2023-05-22
2023,22,DHOK NAJJU,0,2023-05-29
2023,23,DHOK NAJJU,0,2023-06-05
2023,24,DHOK NAJJU,0,2023-06-12
2023,25,DHOK NAJJU,0,2023-06-19
2023,26,DHOK NAJJU,0,2023-06-26
2023,27,DHOK NAJJU,0,2023-07-03
2023,28,DHOK NAJJU,0,2023-07-10
2023,29,DHOK NAJJU,0,2023-07-17
2023,30,DHOK NAJJU,0,2023-07-24
2023,31,DHOK NAJJU,0,2023-07-31
2023,32,DHOK NAJJU,0,2023-08-07
2023,33,DHOK NAJJU,0,2023-08-14
2023,34,DHOK NAJJU,0,2023-08-21
2023,35,DHOK NAJJU,0,2023-08-28
2023,36,DHOK NAJJU,0,2023-09-04
2023,37,DHOK NAJJU,0,2023-09-11
2023,38,DHOK NAJJU,0,2023-09-18
2023,39,DHOK NAJJU,0,2023-09-25
2023,40,DHOK NAJJU,0,2023-10-02
2023,41,DHOK NAJJU,0,2023-10-09
2023,42,DHOK NAJJU,0,2023-10-16
2023,43,DHOK NAJJU,0,2023-10-23
2023,44,DHOK NAJJU,0,2023-10-30
2023,45,DHOK NAJJU,0,2023-11-06
2023,46,DHOK NAJJU,0,2023-11-13
2023,47,DHOK NAJJU,0,2023-11-20
2023,48,DHOK NAJJU,0,2023-11-27
2023,49,DHOK NAJJU,0,2023-12-04
2023,50,DHOK NAJJU,0,2023-12-11
2023,51,DHOK NAJJU,0,2023-12-18
2023,52,DHOK NAJJU,0,2023-12-25
2024,1,DHOK NAJJU,0,2024-01-01
2024,2,DHOK NAJJU,0,2024-01-08
2024,3,DHOK NAJJU,0,2024-01-15
2024,4,DHOK NAJJU,0,2024-01-22
2024,5,DHOK NAJJU,0,2024-01-29
2024,6,DHOK NAJJU,0,2024-02-05
2024,7,DHOK NAJJU,0,2024-02-12
2024,8,DHOK NAJJU,0,2024-02-19
2024,9,DHOK NAJJU,0,2024-02-26
2024,10,DHOK NAJJU,0,2024-03-04
2024,11,DHOK NAJJU,0,2024-03-11
2024,12,DHOK NAJJU,0,2024-03-18
2024,13,DHOK NAJJU,0,2024-03-25
2024,14,DHOK NAJJU,0,2024-04-01
2024,15,DHOK NAJJU,0,2024-04-08
2024,16,DHOK NAJJU,0,2024-04-15
2024,17,DHOK NAJJU,0,2024-04-22
2024,18,DHOK NAJJU,0,2024-04-29
2024,19,DHOK NAJJU,0,2024-05-06
2024,20,DHOK NAJJU,0,2024-05-13
2024,21,DHOK NAJJU,0,2024-05-20
2024,22,DHOK NAJJU,0,2024-05-27
2024,23,DHOK NAJJU,0,2024-06-03
2024,24,DHOK NAJJU,0,2024-06-10
2024,25,DHOK NAJJU,0,2024-06-17
2024,26,DHOK NAJJU,0,2024-06-24
2024,27,DHOK NAJJU,0,2024-07-01
2024,28,DHOK NAJJU,0,2024-07-08
2024,29,DHOK NAJJU,0,2024-07-15
2024,30,DHOK NAJJU,0,2024-07-22
2024,31,DHOK NAJJU,0,2024-07-29
2024,32,DHOK NAJJU,0,2024-08-05
2024,33,DHOK NAJJU,0,2024-08-12
2024,34,DHOK NAJJU,0,2024-08-19
2024,35,DHOK NAJJU,0,2024-08-26
2024,36,DHOK NAJJU,0,2024-09-02
2024,37,DHOK NAJJU,0,2024-09-09
2024,38,DHOK NAJJU,0,2024-09-16
2024,39,DHOK NAJJU,0,2024-09-23
2024,40,DHOK NAJJU,0,2024-09-30
2024,41,DHOK NAJJU,0,2024-10-07
2024,42,DHOK NAJJU,0,2024-10-14
2024,43,DHOK NAJJU,0,2024-10-21
2024,44,DHOK NAJJU,0,2024-10-28
2024,45,DHOK NAJJU,0,2024-11-04
2024,46,DHOK NAJJU,0,2024-11-11
2024,47,DHOK NAJJU,0,2024-11-18
2024,48,DHOK NAJJU,0,2024-11-25
2024,49,DHOK NAJJU,0,2024-12-02
2024,50,DHOK NAJJU,0,2024-12-09
2024,51,DHOK NAJJU,0,2024-12-16
2024,52,DHOK NAJJU,0,2024-12-23
2021,1,DHOK RATTA,0,2021-01-04
2021,2,DHOK RATTA,0,2021-01-11
2021,3,DHOK RATTA,0,2021-01-18
2021,4,DHOK RATTA,0,2021-01-25
2021,5,DHOK RATTA,0,2021-02-01
2021,6,DHOK RATTA,0,2021-02-08
2021,7,DHOK RATTA,0,2021-02-15
2021,8,DHOK RATTA,0,2021-02-22
2021,9,DHOK RATTA,0,2021-03-01
2021,10,DHOK RATTA,0,2021-03-08
2021,11,DHOK RATTA,0,2021-03-15
2021,12,DHOK RATTA,0,2021-03-22
2021,13,DHOK RATTA,0,2021-03-29
2021,14,DHOK RATTA,0,2021-04-05
2021,15,DHOK RATTA,0,2021-04-12
2021,16,DHOK RATTA,0,2021-04-19
2021,17,DHOK RATTA,0,2021-04-26
2021,18,DHOK RATTA,0,2021-05-03
2021,19,DHOK RATTA,0,2021-05-10
2021,20,DHOK RATTA,0,2021-05-17
2021,21,DHOK RATTA,0,2021-05-24
2021,22,DHOK RATTA,0,2021-05-31
2021,23,DHOK RATTA,0,2021-06-07
2021,24,DHOK RATTA,0,2021-06-14
2021,25,DHOK RATTA,0,2021-06-21
2021,26,DHOK RATTA,0,2021-06-28
2021,27,DHOK RATTA,0,2021-07-05
2021,28,DHOK RATTA,0,2021-07-12
2021,29,DHOK RATTA,0,2021-07-19
2021,30,DHOK RATTA,0,2021-07-26
2021,31,DHOK RATTA,0,2021-08-02
2021,32,DHOK RATTA,0,2021-08-09
2021,33,DHOK RATTA,0,2021-08-16
2021,34,DHOK RATTA,0,2021-08-23
2021,35,DHOK RATTA,0,2021-08-30
2021,36,DHOK RATTA,0,2021-09-06
2021,37,DHOK RATTA,0,2021-09-13
2021,38,DHOK RATTA,0,2021-09-20
2021,39,DHOK RATTA,0,2021-09-27
2021,40,DHOK RATTA,0,2021-10-04
2021,41,DHOK RATTA,0,2021-10-11
2021,42,DHOK RATTA,0,2021-10-18
2021,43,DHOK RATTA,0,2021-10-25
2021,44,DHOK RATTA,0,2021-11-01
2021,45,DHOK RATTA,0,2021-11-08
2021,46,DHOK RATTA,0,2021-11-15
2021,47,DHOK RATTA,0,2021-11-22
2021,48,DHOK RATTA,0,2021-11-29
2021,49,DHOK RATTA,0,2021-12-06
2021,50,DHOK RATTA,0,2021-12-13
2021,51,DHOK RATTA,0,2021-12-20
2021,52,DHOK RATTA,0,2021-12-27
2022,1,DHOK RATTA,0,2022-01-03
2022,2,DHOK RATTA,0,2022-01-10
2022,3,DHOK RATTA,0,2022-01-17
2022,4,DHOK RATTA,0,2022-01-24
2022,5,DHOK RATTA,0,2022-01-31
2022,6,DHOK RATTA,0,2022-02-07
2022,7,DHOK RATTA,0,2022-02-14
2022,8,DHOK RATTA,0,2022-02-21
2022,9,DHOK RATTA,0,2022-02-28
2022,10,DHOK RATTA,0,2022-03-07
2022,11,DHOK RATTA,0,2022-03-14
2022,12,DHOK RATTA,0,2022-03-21
2022,13,DHOK RATTA,0,2022-03-28
2022,14,DHOK RATTA,0,2022-04-04
2022,15,DHOK RATTA,0,2022-04-11
2022,16,DHOK RATTA,0,2022-04-18
2022,17,DHOK RATTA,0,2022-04-25
2022,18,DHOK RATTA,0,2022-05-02
2022,19,DHOK RATTA,0,2022-05-09
2022,20,DHOK RATTA,0,2022-05-16
2022,21,DHOK RATTA,0,2022-05-23
2022,22,DHOK RATTA,0,2022-05-30
2022,23,DHOK RATTA,0,2022-06-06
2022,24,DHOK RATTA,0,2022-06-13
2022,25,DHOK RATTA,0,2022-06-20
2022,26,DHOK RATTA,0,2022-06-27
2022,27,DHOK RATTA,0,2022-07-04
2022,28,DHOK RATTA,0,2022-07-11
2022,29,DHOK RATTA,0,2022-07-18
2022,30,DHOK RATTA,0,2022-07-25
2022,31,DHOK RATTA,0,2022-08-01
2022,32,DHOK RATTA,0,2022-08-08
2022,33,DHOK RATTA,0,2022-08-15
2022,34,DHOK RATTA,0,2022-08-22
2022,35,DHOK RATTA,0,2022-08-29
2022,36,DHOK RATTA,0,2022-09-05
2022,37,DHOK RATTA,0,2022-09-12
2022,38,DHOK RATTA,0,2022-09-19
2022,39,DHOK RATTA,0,2022-09-26
2022,40,DHOK RATTA,0,2022-10-03
2022,41,DHOK RATTA,0,2022-10-10
2022,42,DHOK RATTA,0,2022-10-17
2022,43,DHOK RATTA,0,2022-10-24
2022,44,DHOK RATTA,0,2022-10-31
2022,45,DHOK RATTA,0,2022-11-07
2022,46,DHOK RATTA,0,2022-11-14
2022,47,DHOK RATTA,0,2022-11-21
2022,48,DHOK RATTA,0,2022-11-28
2022,49,DHOK RATTA,0,2022-12-05
2022,50,DHOK RATTA,0,2022-12-12
2022,51,DHOK RATTA,0,2022-12-19
2022,52,DHOK RATTA,0,2022-12-26
2023,1,DHOK RATTA,0,2023-01-02
2023,2,DHOK RATTA,0,2023-01-09
2023,3,DHOK RATTA,0,2023-01-16
2023,4,DHOK RATTA,0,2023-01-23
2023,5,DHOK RATTA,0,2023-01-30
2023,6,DHOK RATTA,0,2023-02-06
2023,7,DHOK RATTA,0,2023-02-13
2023,8,DHOK RATTA,0,2023-02-20
2023,9,DHOK RATTA,0,2023-02-27
2023,10,DHOK RATTA,0,2023-03-06
2023,11,DHOK RATTA,0,2023-03-13
2023,12,DHOK RATTA,0,2023-03-20
2023,13,DHOK RATTA,0,2023-03-27
2023,14,DHOK RATTA,0,2023-04-03
2023,15,DHOK RATTA,0,2023-04-10
2023,16,DHOK RATTA,0,2023-04-17
2023,17,DHOK RATTA,0,2023-04-24
2023,18,DHOK RATTA,0,2023-05-01
2023,19,DHOK RATTA,0,2023-05-08
2023,20,DHOK RATTA,0,2023-05-15
2023,21,DHOK RATTA,0,2023-05-22
2023,22,DHOK RATTA,0,2023-05-29
2023,23,DHOK RATTA,0,2023-06-05
2023,24,DHOK RATTA,0,2023-06-12
2023,25,DHOK RATTA,0,2023-06-19
2023,26,DHOK RATTA,0,2023-06-26
2023,27,DHOK RATTA,0,2023-07-03
2023,28,DHOK RATTA,0,2023-07-10
2023,29,DHOK RATTA,0,2023-07-17
2023,30,DHOK RATTA,0,2023-07-24
2023,31,DHOK RATTA,0,2023-07-31
2023,32,DHOK RATTA,0,2023-08-07
2023,33,DHOK RATTA,0,2023-08-14
2023,34,DHOK RATTA,0,2023-08-21
2023,35,DHOK RATTA,0,2023-08-28
2023,36,DHOK RATTA,0,2023-09-04
2023,37,DHOK RATTA,0,2023-09-11
2023,38,DHOK RATTA,0,2023-09-18
2023,39,DHOK RATTA,0,2023-09-25
2023,40,DHOK RATTA,0,2023-10-02
2023,41,DHOK RATTA,0,2023-10-09
2023,42,DHOK RATTA,0,2023-10-16
2023,43,DHOK RATTA,0,2023-10-23
2023,44,DHOK RATTA,0,2023-10-30
2023,45,DHOK RATTA,0,2023-11-06
2023,46,DHOK RATTA,0,2023-11-13
2023,47,DHOK RATTA,0,2023-11-20
2023,48,DHOK RATTA,0,2023-11-27
2023,49,DHOK RATTA,0,2023-12-04
2023,50,DHOK RATTA,0,2023-12-11
2023,51,DHOK RATTA,0,2023-12-18
2023,52,DHOK RATTA,0,2023-12-25
2024,1,DHOK RATTA,0,2024-01-01
2024,2,DHOK RATTA,0,2024-01-08
2024,3,DHOK RATTA,0,2024-01-15
2024,4,DHOK RATTA,0,2024-01-22
2024,5,DHOK RATTA,0,2024-01-29
2024,6,DHOK RATTA,0,2024-02-05
2024,7,DHOK RATTA,0,2024-02-12
2024,8,DHOK RATTA,0,2024-02-19
2024,9,DHOK RATTA,0,2024-02-26
2024,10,DHOK RATTA,0,2024-03-04
2024,11,DHOK RATTA,0,2024-03-11
2024,12,DHOK RATTA,0,2024-03-18
2024,13,DHOK RATTA,0,2024-03-25
2024,14,DHOK RATTA,0,2024-04-01
2024,15,DHOK RATTA,0,2024-04-08
2024,16,DHOK RATTA,0,2024-04-15
2024,17,DHOK RATTA,0,2024-04-22
2024,18,DHOK RATTA,0,2024-04-29
2024,19,DHOK RATTA,0,2024-05-06
2024,20,DHOK RATTA,0,2024-05-13
2024,21,DHOK RATTA,0,2024-05-20
2024,22,DHOK RATTA,0,2024-05-27
2024,23,DHOK RATTA,0,2024-06-03
2024,24,DHOK RATTA,0,2024-06-10
2024,25,DHOK RATTA,0,2024-06-17
2024,26,DHOK RATTA,0,2024-06-24
2024,27,DHOK RATTA,0,2024-07-01
2024,28,DHOK RATTA,0,2024-07-08
2024,29,DHOK RATTA,0,2024-07-15
2024,30,DHOK RATTA,0,2024-07-22
2024,31,DHOK RATTA,0,2024-07-29
2024,32,DHOK RATTA,0,2024-08-05
2024,33,DHOK RATTA,0,2024-08-12
2024,34,DHOK RATTA,0,2024-08-19
2024,35,DHOK RATTA,0,2024-08-26
2024,36,DHOK RATTA,0,2024-09-02
2024,37,DHOK RATTA,0,2024-09-09
2024,38,DHOK RATTA,0,2024-09-16
2024,39,DHOK RATTA,0,2024-09-23
2024,40,DHOK RATTA,0,2024-09-30
2024,41,DHOK RATTA,0,2024-10-07
2024,42,DHOK RATTA,0,2024-10-14
2024,43,DHOK RATTA,0,2024-10-21
2024,44,DHOK RATTA,0,2024-10-28
2024,45,DHOK RATTA,0,2024-11-04
2024,46,DHOK RATTA,0,2024-11-11
2024,47,DHOK RATTA,0,2024-11-18
2024,48,DHOK RATTA,0,2024-11-25
2024,49,DHOK RATTA,0,2024-12-02
2024,50,DHOK RATTA,0,2024-12-09
2024,51,DHOK RATTA,0,2024-12-16
2024,52,DHOK RATTA,0,2024-12-23
2021,1,Dhaman Syedan,0,2021-01-04
2021,2,Dhaman Syedan,0,2021-01-11
2021,3,Dhaman Syedan,0,2021-01-18
2021,4,Dhaman Syedan,0,2021-01-25
2021,5,Dhaman Syedan,0,2021-02-01
2021,6,Dhaman Syedan,0,2021-02-08
2021,7,Dhaman Syedan,0,2021-02-15
2021,8,Dhaman Syedan,0,2021-02-22
2021,9,Dhaman Syedan,0,2021-03-01
2021,10,Dhaman Syedan,0,2021-03-08
2021,11,Dhaman Syedan,0,2021-03-15
2021,12,Dhaman Syedan,0,2021-03-22
2021,13,Dhaman Syedan,0,2021-03-29
2021,14,Dhaman Syedan,0,2021-04-05
2021,15,Dhaman Syedan,0,2021-04-12
2021,16,Dhaman Syedan,0,2021-04-19
2021,17,Dhaman Syedan,0,2021-04-26
2021,18,Dhaman Syedan,0,2021-05-03
2021,19,Dhaman Syedan,0,2021-05-10
2021,20,Dhaman Syedan,0,2021-05-17
2021,21,Dhaman Syedan,0,2021-05-24
2021,22,Dhaman Syedan,0,2021-05-31
2021,23,Dhaman Syedan,0,2021-06-07
2021,24,Dhaman Syedan,0,2021-06-14
2021,25,Dhaman Syedan,0,2021-06-21
2021,26,Dhaman Syedan,0,2021-06-28
2021,27,Dhaman Syedan,0,2021-07-05
2021,28,Dhaman Syedan,0,2021-07-12
2021,29,Dhaman Syedan,0,2021-07-19
2021,30,Dhaman Syedan,0,2021-07-26
2021,31,Dhaman Syedan,0,2021-08-02
2021,32,Dhaman Syedan,0,2021-08-09
2021,33,Dhaman Syedan,0,2021-08-16
2021,34,Dhaman Syedan,0,2021-08-23
2021,35,Dhaman Syedan,0,2021-08-30
2021,36,Dhaman Syedan,0,2021-09-06
2021,37,Dhaman Syedan,1,2021-09-13
2021,38,Dhaman Syedan,0,2021-09-20
2021,39,Dhaman Syedan,3,2021-09-27
2021,40,Dhaman Syedan,4,2021-10-04
2021,41,Dhaman Syedan,4,2021-10-11
2021,42,Dhaman Syedan,3,2021-10-18
2021,43,Dhaman Syedan,13,2021-10-25
2021,44,Dhaman Syedan,12,2021-11-01
2021,45,Dhaman Syedan,7,2021-11-08
2021,46,Dhaman Syedan,4,2021-11-15
2021,47,Dhaman Syedan,2,2021-11-22
2021,48,Dhaman Syedan,0,2021-11-29
2021,49,Dhaman Syedan,0,2021-12-06
2021,50,Dhaman Syedan,0,2021-12-13
2021,51,Dhaman Syedan,0,2021-12-20
2021,52,Dhaman Syedan,0,2021-12-27
2022,1,Dhaman Syedan,0,2022-01-03
2022,2,Dhaman Syedan,0,2022-01-10
2022,3,Dhaman Syedan,0,2022-01-17
2022,4,Dhaman Syedan,0,2022-01-24
2022,5,Dhaman Syedan,0,2022-01-31
2022,6,Dhaman Syedan,0,2022-02-07
2022,7,Dhaman Syedan,0,2022-02-14
2022,8,Dhaman Syedan,0,2022-02-21
2022,9,Dhaman Syedan,0,2022-02-28
2022,10,Dhaman Syedan,0,2022-03-07
2022,11,Dhaman Syedan,0,2022-03-14
2022,12,Dhaman Syedan,0,2022-03-21
2022,13,Dhaman Syedan,0,2022-03-28
2022,14,Dhaman Syedan,0,2022-04-04
2022,15,Dhaman Syedan,0,2022-04-11
2022,16,Dhaman Syedan,0,2022-04-18
2022,17,Dhaman Syedan,0,2022-04-25
2022,18,Dhaman Syedan,0,2022-05-02
2022,19,Dhaman Syedan,0,2022-05-09
2022,20,Dhaman Syedan,0,2022-05-16
2022,21,Dhaman Syedan,0,2022-05-23
2022,22,Dhaman Syedan,0,2022-05-30
2022,23,Dhaman Syedan,0,2022-06-06
2022,24,Dhaman Syedan,0,2022-06-13
2022,25,Dhaman Syedan,0,2022-06-20
2022,26,Dhaman Syedan,0,2022-06-27
2022,27,Dhaman Syedan,0,2022-07-04
2022,28,Dhaman Syedan,0,2022-07-11
2022,29,Dhaman Syedan,1,2022-07-18
2022,30,Dhaman Syedan,0,2022-07-25
2022,31,Dhaman Syedan,1,2022-08-01
2022,32,Dhaman Syedan,2,2022-08-08
2022,33,Dhaman Syedan,22,2022-08-15
2022,34,Dhaman Syedan,41,2022-08-22
2022,35,Dhaman Syedan,73,2022-08-29
2022,36,Dhaman Syedan,92,2022-09-05
2022,37,Dhaman Syedan,94,2022-09-12
2022,38,Dhaman Syedan,90,2022-09-19
2022,39,Dhaman Syedan,84,2022-09-26
2022,40,Dhaman Syedan,58,2022-10-03
2022,41,Dhaman Syedan,34,2022-10-10
2022,42,Dhaman Syedan,16,2022-10-17
2022,43,Dhaman Syedan,16,2022-10-24
2022,44,Dhaman Syedan,7,2022-10-31
2022,45,Dhaman Syedan,6,2022-11-07
2022,46,Dhaman Syedan,1,2022-11-14
2022,47,Dhaman Syedan,3,2022-11-21
2022,48,Dhaman Syedan,1,2022-11-28
2022,49,Dhaman Syedan,0,2022-12-05
2022,50,Dhaman Syedan,0,2022-12-12
2022,51,Dhaman Syedan,0,2022-12-19
2022,52,Dhaman Syedan,0,2022-12-26
2023,1,Dhaman Syedan,0,2023-01-02
2023,2,Dhaman Syedan,0,2023-01-09
2023,3,Dhaman Syedan,0,2023-01-16
2023,4,Dhaman Syedan,0,2023-01-23
2023,5,Dhaman Syedan,0,2023-01-30
2023,6,Dhaman Syedan,0,2023-02-06
2023,7,Dhaman Syedan,0,2023-02-13
2023,8,Dhaman Syedan,0,2023-02-20
2023,9,Dhaman Syedan,0,2023-02-27
2023,10,Dhaman Syedan,0,2023-03-06
2023,11,Dhaman Syedan,0,2023-03-13
2023,12,Dhaman Syedan,0,2023-03-20
2023,13,Dhaman Syedan,0,2023-03-27
2023,14,Dhaman Syedan,0,2023-04-03
2023,15,Dhaman Syedan,0,2023-04-10
2023,16,Dhaman Syedan,0,2023-04-17
2023,17,Dhaman Syedan,0,2023-04-24
2023,18,Dhaman Syedan,0,2023-05-01
2023,19,Dhaman Syedan,0,2023-05-08
2023,20,Dhaman Syedan,0,2023-05-15
2023,21,Dhaman Syedan,0,2023-05-22
2023,22,Dhaman Syedan,0,2023-05-29
2023,23,Dhaman Syedan,0,2023-06-05
2023,24,Dhaman Syedan,1,2023-06-12
2023,25,Dhaman Syedan,0,2023-06-19
2023,26,Dhaman Syedan,0,2023-06-26
2023,27,Dhaman Syedan,0,2023-07-03
2023,28,Dhaman Syedan,0,2023-07-10
2023,29,Dhaman Syedan,0,2023-07-17
2023,30,Dhaman Syedan,0,2023-07-24
2023,31,Dhaman Syedan,1,2023-07-31
2023,32,Dhaman Syedan,0,2023-08-07
2023,33,Dhaman Syedan,3,2023-08-14
2023,34,Dhaman Syedan,1,2023-08-21
2023,35,Dhaman Syedan,5,2023-08-28
2023,36,Dhaman Syedan,3,2023-09-04
2023,37,Dhaman Syedan,1,2023-09-11
2023,38,Dhaman Syedan,8,2023-09-18
2023,39,Dhaman Syedan,5,2023-09-25
2023,40,Dhaman Syedan,10,2023-10-02
2023,41,Dhaman Syedan,6,2023-10-09
2023,42,Dhaman Syedan,7,2023-10-16
2023,43,Dhaman Syedan,4,2023-10-23
2023,44,Dhaman Syedan,2,2023-10-30
2023,45,Dhaman Syedan,7,2023-11-06
2023,46,Dhaman Syedan,1,2023-11-13
2023,47,Dhaman Syedan,0,2023-11-20
2023,48,Dhaman Syedan,2,2023-11-27
2023,49,Dhaman Syedan,0,2023-12-04
2023,50,Dhaman Syedan,0,2023-12-11
2023,51,Dhaman Syedan,0,2023-12-18
2023,52,Dhaman Syedan,0,2023-12-25
2024,1,Dhaman Syedan,0,2024-01-01
2024,2,Dhaman Syedan,0,2024-01-08
2024,3,Dhaman Syedan,0,2024-01-15
2024,4,Dhaman Syedan,0,2024-01-22
2024,5,Dhaman Syedan,0,2024-01-29
2024,6,Dhaman Syedan,0,2024-02-05
2024,7,Dhaman Syedan,0,2024-02-12
2024,8,Dhaman Syedan,0,2024-02-19
2024,9,Dhaman Syedan,0,2024-02-26
2024,10,Dhaman Syedan,0,2024-03-04
2024,11,Dhaman Syedan,0,2024-03-11
2024,12,Dhaman Syedan,0,2024-03-18
2024,13,Dhaman Syedan,0,2024-03-25
2024,14,Dhaman Syedan,0,2024-04-01
2024,15,Dhaman Syedan,0,2024-04-08
2024,16,Dhaman Syedan,0,2024-04-15
2024,17,Dhaman Syedan,0,2024-04-22
2024,18,Dhaman Syedan,0,2024-04-29
2024,19,Dhaman Syedan,0,2024-05-06
2024,20,Dhaman Syedan,0,2024-05-13
2024,21,Dhaman Syedan,0,2024-05-20
2024,22,Dhaman Syedan,0,2024-05-27
2024,23,Dhaman Syedan,1,2024-06-03
2024,24,Dhaman Syedan,0,2024-06-10
2024,25,Dhaman Syedan,0,2024-06-17
2024,26,Dhaman Syedan,0,2024-06-24
2024,27,Dhaman Syedan,0,2024-07-01
2024,28,Dhaman Syedan,0,2024-07-08
2024,29,Dhaman Syedan,0,2024-07-15
2024,30,Dhaman Syedan,0,2024-07-22
2024,31,Dhaman Syedan,0,2024-07-29
2024,32,Dhaman Syedan,0,2024-08-05
2024,33,Dhaman Syedan,1,2024-08-12
2024,34,Dhaman Syedan,0,2024-08-19
2024,35,Dhaman Syedan,1,2024-08-26
2024,36,Dhaman Syedan,2,2024-09-02
2024,37,Dhaman Syedan,5,2024-09-09
2024,38,Dhaman Syedan,7,2024-09-16
2024,39,Dhaman Syedan,11,2024-09-23
2024,40,Dhaman Syedan,28,2024-09-30
2024,41,Dhaman Syedan,59,2024-10-07
2024,42,Dhaman Syedan,35,2024-10-14
2024,43,Dhaman Syedan,46,2024-10-21
2024,44,Dhaman Syedan,50,2024-10-28
2024,45,Dhaman Syedan,16,2024-11-04
2024,46,Dhaman Syedan,29,2024-11-11
2024,47,Dhaman Syedan,16,2024-11-18
2024,48,Dhaman Syedan,5,2024-11-25
2024,49,Dhaman Syedan,1,2024-12-02
2024,50,Dhaman Syedan,0,2024-12-09
2024,51,Dhaman Syedan,0,2024-12-16
2024,52,Dhaman Syedan,0,2024-12-23
2021,1,Dhamial,0,2021-01-04
2021,2,Dhamial,0,2021-01-11
2021,3,Dhamial,0,2021-01-18
2021,4,Dhamial,0,2021-01-25
2021,5,Dhamial,0,2021-02-01
2021,6,Dhamial,0,2021-02-08
2021,7,Dhamial,0,2021-02-15
2021,8,Dhamial,0,2021-02-22
2021,9,Dhamial,0,2021-03-01
2021,10,Dhamial,0,2021-03-08
2021,11,Dhamial,0,2021-03-15
2021,12,Dhamial,0,2021-03-22
2021,13,Dhamial,0,2021-03-29
2021,14,Dhamial,0,2021-04-05
2021,15,Dhamial,0,2021-04-12
2021,16,Dhamial,0,2021-04-19
2021,17,Dhamial,0,2021-04-26
2021,18,Dhamial,0,2021-05-03
2021,19,Dhamial,0,2021-05-10
2021,20,Dhamial,0,2021-05-17
2021,21,Dhamial,0,2021-05-24
2021,22,Dhamial,0,2021-05-31
2021,23,Dhamial,0,2021-06-07
2021,24,Dhamial,0,2021-06-14
2021,25,Dhamial,0,2021-06-21
2021,26,Dhamial,0,2021-06-28
2021,27,Dhamial,0,2021-07-05
2021,28,Dhamial,0,2021-07-12
2021,29,Dhamial,0,2021-07-19
2021,30,Dhamial,0,2021-07-26
2021,31,Dhamial,0,2021-08-02
2021,32,Dhamial,0,2021-08-09
2021,33,Dhamial,0,2021-08-16
2021,34,Dhamial,0,2021-08-23
2021,35,Dhamial,0,2021-08-30
2021,36,Dhamial,0,2021-09-06
2021,37,Dhamial,0,2021-09-13
2021,38,Dhamial,6,2021-09-20
2021,39,Dhamial,3,2021-09-27
2021,40,Dhamial,2,2021-10-04
2021,41,Dhamial,13,2021-10-11
2021,42,Dhamial,22,2021-10-18
2021,43,Dhamial,20,2021-10-25
2021,44,Dhamial,13,2021-11-01
2021,45,Dhamial,13,2021-11-08
2021,46,Dhamial,2,2021-11-15
2021,47,Dhamial,6,2021-11-22
2021,48,Dhamial,0,2021-11-29
2021,49,Dhamial,0,2021-12-06
2021,50,Dhamial,0,2021-12-13
2021,51,Dhamial,0,2021-12-20
2021,52,Dhamial,0,2021-12-27
2022,1,Dhamial,0,2022-01-03
2022,2,Dhamial,0,2022-01-10
2022,3,Dhamial,0,2022-01-17
2022,4,Dhamial,0,2022-01-24
2022,5,Dhamial,0,2022-01-31
2022,6,Dhamial,0,2022-02-07
2022,7,Dhamial,0,2022-02-14
2022,8,Dhamial,0,2022-02-21
2022,9,Dhamial,0,2022-02-28
2022,10,Dhamial,0,2022-03-07
2022,11,Dhamial,0,2022-03-14
2022,12,Dhamial,0,2022-03-21
2022,13,Dhamial,0,2022-03-28
2022,14,Dhamial,0,2022-04-04
2022,15,Dhamial,0,2022-04-11
2022,16,Dhamial,0,2022-04-18
2022,17,Dhamial,0,2022-04-25
2022,18,Dhamial,0,2022-05-02
2022,19,Dhamial,0,2022-05-09
2022,20,Dhamial,0,2022-05-16
2022,21,Dhamial,0,2022-05-23
2022,22,Dhamial,0,2022-05-30
2022,23,Dhamial,0,2022-06-06
2022,24,Dhamial,0,2022-06-13
2022,25,Dhamial,0,2022-06-20
2022,26,Dhamial,0,2022-06-27
2022,27,Dhamial,0,2022-07-04
2022,28,Dhamial,0,2022-07-11
2022,29,Dhamial,0,2022-07-18
2022,30,Dhamial,1,2022-07-25
2022,31,Dhamial,0,2022-08-01
2022,32,Dhamial,2,2022-08-08
2022,33,Dhamial,6,2022-08-15
2022,34,Dhamial,13,2022-08-22
2022,35,Dhamial,19,2022-08-29
2022,36,Dhamial,34,2022-09-05
2022,37,Dhamial,74,2022-09-12
2022,38,Dhamial,77,2022-09-19
2022,39,Dhamial,112,2022-09-26
2022,40,Dhamial,96,2022-10-03
2022,41,Dhamial,78,2022-10-10
2022,42,Dhamial,37,2022-10-17
2022,43,Dhamial,43,2022-10-24
2022,44,Dhamial,13,2022-10-31
2022,45,Dhamial,15,2022-11-07
2022,46,Dhamial,9,2022-11-14
2022,47,Dhamial,3,2022-11-21
2022,48,Dhamial,0,2022-11-28
2022,49,Dhamial,0,2022-12-05
2022,50,Dhamial,0,2022-12-12
2022,51,Dhamial,0,2022-12-19
2022,52,Dhamial,0,2022-12-26
2023,1,Dhamial,0,2023-01-02
2023,2,Dhamial,0,2023-01-09
2023,3,Dhamial,0,2023-01-16
2023,4,Dhamial,0,2023-01-23
2023,5,Dhamial,0,2023-01-30
2023,6,Dhamial,0,2023-02-06
2023,7,Dhamial,0,2023-02-13
2023,8,Dhamial,0,2023-02-20
2023,9,Dhamial,0,2023-02-27
2023,10,Dhamial,0,2023-03-06
2023,11,Dhamial,0,2023-03-13
2023,12,Dhamial,0,2023-03-20
2023,13,Dhamial,0,2023-03-27
2023,14,Dhamial,0,2023-04-03
2023,15,Dhamial,0,2023-04-10
2023,16,Dhamial,0,2023-04-17
2023,17,Dhamial,0,2023-04-24
2023,18,Dhamial,0,2023-05-01
2023,19,Dhamial,0,2023-05-08
2023,20,Dhamial,0,2023-05-15
2023,21,Dhamial,0,2023-05-22
2023,22,Dhamial,0,2023-05-29
2023,23,Dhamial,0,2023-06-05
2023,24,Dhamial,0,2023-06-12
2023,25,Dhamial,0,2023-06-19
2023,26,Dhamial,1,2023-06-26
2023,27,Dhamial,0,2023-07-03
2023,28,Dhamial,0,2023-07-10
2023,29,Dhamial,0,2023-07-17
2023,30,Dhamial,0,2023-07-24
2023,31,Dhamial,2,2023-07-31
2023,32,Dhamial,0,2023-08-07
2023,33,Dhamial,0,2023-08-14
2023,34,Dhamial,1,2023-08-21
2023,35,Dhamial,1,2023-08-28
2023,36,Dhamial,4,2023-09-04
2023,37,Dhamial,0,2023-09-11
2023,38,Dhamial,7,2023-09-18
2023,39,Dhamial,8,2023-09-25
2023,40,Dhamial,19,2023-10-02
2023,41,Dhamial,6,2023-10-09
2023,42,Dhamial,7,2023-10-16
2023,43,Dhamial,4,2023-10-23
2023,44,Dhamial,2,2023-10-30
2023,45,Dhamial,4,2023-11-06
2023,46,Dhamial,2,2023-11-13
2023,47,Dhamial,1,2023-11-20
2023,48,Dhamial,1,2023-11-27
2023,49,Dhamial,1,2023-12-04
2023,50,Dhamial,0,2023-12-11
2023,51,Dhamial,0,2023-12-18
2023,52,Dhamial,0,2023-12-25
2024,1,Dhamial,0,2024-01-01
2024,2,Dhamial,0,2024-01-08
2024,3,Dhamial,0,2024-01-15
2024,4,Dhamial,0,2024-01-22
2024,5,Dhamial,0,2024-01-29
2024,6,Dhamial,0,2024-02-05
2024,7,Dhamial,0,2024-02-12
2024,8,Dhamial,0,2024-02-19
2024,9,Dhamial,0,2024-02-26
2024,10,Dhamial,0,2024-03-04
2024,11,Dhamial,0,2024-03-11
2024,12,Dhamial,0,2024-03-18
2024,13,Dhamial,0,2024-03-25
2024,14,Dhamial,0,2024-04-01
2024,15,Dhamial,0,2024-04-08
2024,16,Dhamial,0,2024-04-15
2024,17,Dhamial,0,2024-04-22
2024,18,Dhamial,0,2024-04-29
2024,19,Dhamial,0,2024-05-06
2024,20,Dhamial,0,2024-05-13
2024,21,Dhamial,0,2024-05-20
2024,22,Dhamial,0,2024-05-27
2024,23,Dhamial,1,2024-06-03
2024,24,Dhamial,0,2024-06-10
2024,25,Dhamial,0,2024-06-17
2024,26,Dhamial,0,2024-06-24
2024,27,Dhamial,0,2024-07-01
2024,28,Dhamial,0,2024-07-08
2024,29,Dhamial,0,2024-07-15
2024,30,Dhamial,0,2024-07-22
2024,31,Dhamial,0,2024-07-29
2024,32,Dhamial,0,2024-08-05
2024,33,Dhamial,0,2024-08-12
2024,34,Dhamial,0,2024-08-19
2024,35,Dhamial,0,2024-08-26
2024,36,Dhamial,3,2024-09-02
2024,37,Dhamial,4,2024-09-09
2024,38,Dhamial,16,2024-09-16
2024,39,Dhamial,32,2024-09-23
2024,40,Dhamial,62,2024-09-30
2024,41,Dhamial,77,2024-10-07
2024,42,Dhamial,92,2024-10-14
2024,43,Dhamial,84,2024-10-21
2024,44,Dhamial,103,2024-10-28
2024,45,Dhamial,72,2024-11-04
2024,46,Dhamial,33,2024-11-11
2024,47,Dhamial,23,2024-11-18
2024,48,Dhamial,6,2024-11-25
2024,49,Dhamial,6,2024-12-02
2024,50,Dhamial,3,2024-12-09
2024,51,Dhamial,0,2024-12-16
2024,52,Dhamial,0,2024-12-23
2021,1,Dhok Ratta,0,2021-01-04
2021,2,Dhok Ratta,0,2021-01-11
2021,3,Dhok Ratta,0,2021-01-18
2021,4,Dhok Ratta,0,2021-01-25
2021,5,Dhok Ratta,0,2021-02-01
2021,6,Dhok Ratta,0,2021-02-08
2021,7,Dhok Ratta,0,2021-02-15
2021,8,Dhok Ratta,0,2021-02-22
2021,9,Dhok Ratta,0,2021-03-01
2021,10,Dhok Ratta,0,2021-03-08
2021,11,Dhok Ratta,0,2021-03-15
2021,12,Dhok Ratta,0,2021-03-22
2021,13,Dhok Ratta,0,2021-03-29
2021,14,Dhok Ratta,0,2021-04-05
2021,15,Dhok Ratta,0,2021-04-12
2021,16,Dhok Ratta,0,2021-04-19
2021,17,Dhok Ratta,0,2021-04-26
2021,18,Dhok Ratta,0,2021-05-03
2021,19,Dhok Ratta,0,2021-05-10
2021,20,Dhok Ratta,0,2021-05-17
2021,21,Dhok Ratta,0,2021-05-24
2021,22,Dhok Ratta,0,2021-05-31
2021,23,Dhok Ratta,0,2021-06-07
2021,24,Dhok Ratta,0,2021-06-14
2021,25,Dhok Ratta,0,2021-06-21
2021,26,Dhok Ratta,0,2021-06-28
2021,27,Dhok Ratta,0,2021-07-05
2021,28,Dhok Ratta,0,2021-07-12
2021,29,Dhok Ratta,0,2021-07-19
2021,30,Dhok Ratta,0,2021-07-26
2021,31,Dhok Ratta,0,2021-08-02
2021,32,Dhok Ratta,0,2021-08-09
2021,33,Dhok Ratta,0,2021-08-16
2021,34,Dhok Ratta,0,2021-08-23
2021,35,Dhok Ratta,0,2021-08-30
2021,36,Dhok Ratta,0,2021-09-06
2021,37,Dhok Ratta,1,2021-09-13
2021,38,Dhok Ratta,0,2021-09-20
2021,39,Dhok Ratta,0,2021-09-27
2021,40,Dhok Ratta,0,2021-10-04
2021,41,Dhok Ratta,1,2021-10-11
2021,42,Dhok Ratta,4,2021-10-18
2021,43,Dhok Ratta,1,2021-10-25
2021,44,Dhok Ratta,1,2021-11-01
2021,45,Dhok Ratta,1,2021-11-08
2021,46,Dhok Ratta,0,2021-11-15
2021,47,Dhok Ratta,1,2021-11-22
2021,48,Dhok Ratta,1,2021-11-29
2021,49,Dhok Ratta,0,2021-12-06
2021,50,Dhok Ratta,0,2021-12-13
2021,51,Dhok Ratta,0,2021-12-20
2021,52,Dhok Ratta,0,2021-12-27
2022,1,Dhok Ratta,0,2022-01-03
2022,2,Dhok Ratta,0,2022-01-10
2022,3,Dhok Ratta,0,2022-01-17
2022,4,Dhok Ratta,0,2022-01-24
2022,5,Dhok Ratta,0,2022-01-31
2022,6,Dhok Ratta,0,2022-02-07
2022,7,Dhok Ratta,0,2022-02-14
2022,8,Dhok Ratta,0,2022-02-21
2022,9,Dhok Ratta,0,2022-02-28
2022,10,Dhok Ratta,0,2022-03-07
2022,11,Dhok Ratta,0,2022-03-14
2022,12,Dhok Ratta,0,2022-03-21
2022,13,Dhok Ratta,0,2022-03-28
2022,14,Dhok Ratta,0,2022-04-04
2022,15,Dhok Ratta,0,2022-04-11
2022,16,Dhok Ratta,0,2022-04-18
2022,17,Dhok Ratta,0,2022-04-25
2022,18,Dhok Ratta,0,2022-05-02
2022,19,Dhok Ratta,0,2022-05-09
2022,20,Dhok Ratta,0,2022-05-16
2022,21,Dhok Ratta,0,2022-05-23
2022,22,Dhok Ratta,0,2022-05-30
2022,23,Dhok Ratta,0,2022-06-06
2022,24,Dhok Ratta,0,2022-06-13
2022,25,Dhok Ratta,0,2022-06-20
2022,26,Dhok Ratta,0,2022-06-27
2022,27,Dhok Ratta,0,2022-07-04
2022,28,Dhok Ratta,0,2022-07-11
2022,29,Dhok Ratta,0,2022-07-18
2022,30,Dhok Ratta,0,2022-07-25
2022,31,Dhok Ratta,0,2022-08-01
2022,32,Dhok Ratta,1,2022-08-08
2022,33,Dhok Ratta,0,2022-08-15
2022,34,Dhok Ratta,0,2022-08-22
2022,35,Dhok Ratta,0,2022-08-29
2022,36,Dhok Ratta,1,2022-09-05
2022,37,Dhok Ratta,0,2022-09-12
2022,38,Dhok Ratta,1,2022-09-19
2022,39,Dhok Ratta,2,2022-09-26
2022,40,Dhok Ratta,0,2022-10-03
2022,41,Dhok Ratta,1,2022-10-10
2022,42,Dhok Ratta,2,2022-10-17
2022,43,Dhok Ratta,2,2022-10-24
2022,44,Dhok Ratta,0,2022-10-31
2022,45,Dhok Ratta,2,2022-11-07
2022,46,Dhok Ratta,0,2022-11-14
2022,47,Dhok Ratta,0,2022-11-21
2022,48,Dhok Ratta,0,2022-11-28
2022,49,Dhok Ratta,0,2022-12-05
2022,50,Dhok Ratta,0,2022-12-12
2022,51,Dhok Ratta,0,2022-12-19
2022,52,Dhok Ratta,0,2022-12-26
2023,1,Dhok Ratta,0,2023-01-02
2023,2,Dhok Ratta,0,2023-01-09
2023,3,Dhok Ratta,0,2023-01-16
2023,4,Dhok Ratta,0,2023-01-23
2023,5,Dhok Ratta,0,2023-01-30
2023,6,Dhok Ratta,0,2023-02-06
2023,7,Dhok Ratta,0,2023-02-13
2023,8,Dhok Ratta,0,2023-02-20
2023,9,Dhok Ratta,0,2023-02-27
2023,10,Dhok Ratta,0,2023-03-06
2023,11,Dhok Ratta,0,2023-03-13
2023,12,Dhok Ratta,0,2023-03-20
2023,13,Dhok Ratta,0,2023-03-27
2023,14,Dhok Ratta,0,2023-04-03
2023,15,Dhok Ratta,0,2023-04-10
2023,16,Dhok Ratta,0,2023-04-17
2023,17,Dhok Ratta,0,2023-04-24
2023,18,Dhok Ratta,0,2023-05-01
2023,19,Dhok Ratta,0,2023-05-08
2023,20,Dhok Ratta,0,2023-05-15
2023,21,Dhok Ratta,0,2023-05-22
2023,22,Dhok Ratta,0,2023-05-29
2023,23,Dhok Ratta,0,2023-06-05
2023,24,Dhok Ratta,0,2023-06-12
2023,25,Dhok Ratta,0,2023-06-19
2023,26,Dhok Ratta,0,2023-06-26
2023,27,Dhok Ratta,0,2023-07-03
2023,28,Dhok Ratta,0,2023-07-10
2023,29,Dhok Ratta,0,2023-07-17
2023,30,Dhok Ratta,0,2023-07-24
2023,31,Dhok Ratta,0,2023-07-31
2023,32,Dhok Ratta,0,2023-08-07
2023,33,Dhok Ratta,0,2023-08-14
2023,34,Dhok Ratta,0,2023-08-21
2023,35,Dhok Ratta,0,2023-08-28
2023,36,Dhok Ratta,1,2023-09-04
2023,37,Dhok Ratta,0,2023-09-11
2023,38,Dhok Ratta,2,2023-09-18
2023,39,Dhok Ratta,0,2023-09-25
2023,40,Dhok Ratta,0,2023-10-02
2023,41,Dhok Ratta,0,2023-10-09
2023,42,Dhok Ratta,0,2023-10-16
2023,43,Dhok Ratta,0,2023-10-23
2023,44,Dhok Ratta,1,2023-10-30
2023,45,Dhok Ratta,0,2023-11-06
2023,46,Dhok Ratta,0,2023-11-13
2023,47,Dhok Ratta,0,2023-11-20
2023,48,Dhok Ratta,0,2023-11-27
2023,49,Dhok Ratta,0,2023-12-04
2023,50,Dhok Ratta,0,2023-12-11
2023,51,Dhok Ratta,0,2023-12-18
2023,52,Dhok Ratta,0,2023-12-25
2024,1,Dhok Ratta,0,2024-01-01
2024,2,Dhok Ratta,0,2024-01-08
2024,3,Dhok Ratta,0,2024-01-15
2024,4,Dhok Ratta,0,2024-01-22
2024,5,Dhok Ratta,0,2024-01-29
2024,6,Dhok Ratta,0,2024-02-05
2024,7,Dhok Ratta,0,2024-02-12
2024,8,Dhok Ratta,0,2024-02-19
2024,9,Dhok Ratta,0,2024-02-26
2024,10,Dhok Ratta,0,2024-03-04
2024,11,Dhok Ratta,0,2024-03-11
2024,12,Dhok Ratta,0,2024-03-18
2024,13,Dhok Ratta,0,2024-03-25
2024,14,Dhok Ratta,0,2024-04-01
2024,15,Dhok Ratta,0,2024-04-08
2024,16,Dhok Ratta,0,2024-04-15
2024,17,Dhok Ratta,0,2024-04-22
2024,18,Dhok Ratta,0,2024-04-29
2024,19,Dhok Ratta,0,2024-05-06
2024,20,Dhok Ratta,0,2024-05-13
2024,21,Dhok Ratta,0,2024-05-20
2024,22,Dhok Ratta,0,2024-05-27
2024,23,Dhok Ratta,0,2024-06-03
2024,24,Dhok Ratta,0,2024-06-10
2024,25,Dhok Ratta,0,2024-06-17
2024,26,Dhok Ratta,0,2024-06-24
2024,27,Dhok Ratta,0,2024-07-01
2024,28,Dhok Ratta,0,2024-07-08
2024,29,Dhok Ratta,0,2024-07-15
2024,30,Dhok Ratta,0,2024-07-22
2024,31,Dhok Ratta,0,2024-07-29
2024,32,Dhok Ratta,0,2024-08-05
2024,33,Dhok Ratta,0,2024-08-12
2024,34,Dhok Ratta,0,2024-08-19
2024,35,Dhok Ratta,0,2024-08-26
2024,36,Dhok Ratta,0,2024-09-02
2024,37,Dhok Ratta,0,2024-09-09
2024,38,Dhok Ratta,1,2024-09-16
2024,39,Dhok Ratta,1,2024-09-23
2024,40,Dhok Ratta,1,2024-09-30
2024,41,Dhok Ratta,2,2024-10-07
2024,42,Dhok Ratta,0,2024-10-14
2024,43,Dhok Ratta,0,2024-10-21
2024,44,Dhok Ratta,0,2024-10-28
2024,45,Dhok Ratta,0,2024-11-04
2024,46,Dhok Ratta,1,2024-11-11
2024,47,Dhok Ratta,0,2024-11-18
2024,48,Dhok Ratta,0,2024-11-25
2024,49,Dhok Ratta,0,2024-12-02
2024,50,Dhok Ratta,0,2024-12-09
2024,51,Dhok Ratta,0,2024-12-16
2024,52,Dhok Ratta,0,2024-12-23
2021,1,Dhoke Chiragh Din,0,2021-01-04
2021,2,Dhoke Chiragh Din,0,2021-01-11
2021,3,Dhoke Chiragh Din,0,2021-01-18
2021,4,Dhoke Chiragh Din,0,2021-01-25
2021,5,Dhoke Chiragh Din,0,2021-02-01
2021,6,Dhoke Chiragh Din,0,2021-02-08
2021,7,Dhoke Chiragh Din,0,2021-02-15
2021,8,Dhoke Chiragh Din,0,2021-02-22
2021,9,Dhoke Chiragh Din,0,2021-03-01
2021,10,Dhoke Chiragh Din,0,2021-03-08
2021,11,Dhoke Chiragh Din,0,2021-03-15
2021,12,Dhoke Chiragh Din,0,2021-03-22
2021,13,Dhoke Chiragh Din,0,2021-03-29
2021,14,Dhoke Chiragh Din,0,2021-04-05
2021,15,Dhoke Chiragh Din,0,2021-04-12
2021,16,Dhoke Chiragh Din,0,2021-04-19
2021,17,Dhoke Chiragh Din,0,2021-04-26
2021,18,Dhoke Chiragh Din,0,2021-05-03
2021,19,Dhoke Chiragh Din,0,2021-05-10
2021,20,Dhoke Chiragh Din,0,2021-05-17
2021,21,Dhoke Chiragh Din,0,2021-05-24
2021,22,Dhoke Chiragh Din,0,2021-05-31
2021,23,Dhoke Chiragh Din,0,2021-06-07
2021,24,Dhoke Chiragh Din,0,2021-06-14
2021,25,Dhoke Chiragh Din,0,2021-06-21
2021,26,Dhoke Chiragh Din,0,2021-06-28
2021,27,Dhoke Chiragh Din,0,2021-07-05
2021,28,Dhoke Chiragh Din,0,2021-07-12
2021,29,Dhoke Chiragh Din,0,2021-07-19
2021,30,Dhoke Chiragh Din,0,2021-07-26
2021,31,Dhoke Chiragh Din,0,2021-08-02
2021,32,Dhoke Chiragh Din,0,2021-08-09
2021,33,Dhoke Chiragh Din,0,2021-08-16
2021,34,Dhoke Chiragh Din,0,2021-08-23
2021,35,Dhoke Chiragh Din,0,2021-08-30
2021,36,Dhoke Chiragh Din,0,2021-09-06
2021,37,Dhoke Chiragh Din,0,2021-09-13
2021,38,Dhoke Chiragh Din,1,2021-09-20
2021,39,Dhoke Chiragh Din,0,2021-09-27
2021,40,Dhoke Chiragh Din,0,2021-10-04
2021,41,Dhoke Chiragh Din,4,2021-10-11
2021,42,Dhoke Chiragh Din,5,2021-10-18
2021,43,Dhoke Chiragh Din,5,2021-10-25
2021,44,Dhoke Chiragh Din,2,2021-11-01
2021,45,Dhoke Chiragh Din,0,2021-11-08
2021,46,Dhoke Chiragh Din,2,2021-11-15
2021,47,Dhoke Chiragh Din,0,2021-11-22
2021,48,Dhoke Chiragh Din,1,2021-11-29
2021,49,Dhoke Chiragh Din,0,2021-12-06
2021,50,Dhoke Chiragh Din,0,2021-12-13
2021,51,Dhoke Chiragh Din,0,2021-12-20
2021,52,Dhoke Chiragh Din,0,2021-12-27
2022,1,Dhoke Chiragh Din,0,2022-01-03
2022,2,Dhoke Chiragh Din,0,2022-01-10
2022,3,Dhoke Chiragh Din,0,2022-01-17
2022,4,Dhoke Chiragh Din,0,2022-01-24
2022,5,Dhoke Chiragh Din,0,2022-01-31
2022,6,Dhoke Chiragh Din,0,2022-02-07
2022,7,Dhoke Chiragh Din,0,2022-02-14
2022,8,Dhoke Chiragh Din,0,2022-02-21
2022,9,Dhoke Chiragh Din,0,2022-02-28
2022,10,Dhoke Chiragh Din,0,2022-03-07
2022,11,Dhoke Chiragh Din,0,2022-03-14
2022,12,Dhoke Chiragh Din,0,2022-03-21
2022,13,Dhoke Chiragh Din,0,2022-03-28
2022,14,Dhoke Chiragh Din,0,2022-04-04
2022,15,Dhoke Chiragh Din,0,2022-04-11
2022,16,Dhoke Chiragh Din,0,2022-04-18
2022,17,Dhoke Chiragh Din,0,2022-04-25
2022,18,Dhoke Chiragh Din,0,2022-05-02
2022,19,Dhoke Chiragh Din,0,2022-05-09
2022,20,Dhoke Chiragh Din,0,2022-05-16
2022,21,Dhoke Chiragh Din,0,2022-05-23
2022,22,Dhoke Chiragh Din,0,2022-05-30
2022,23,Dhoke Chiragh Din,0,2022-06-06
2022,24,Dhoke Chiragh Din,0,2022-06-13
2022,25,Dhoke Chiragh Din,0,2022-06-20
2022,26,Dhoke Chiragh Din,0,2022-06-27
2022,27,Dhoke Chiragh Din,0,2022-07-04
2022,28,Dhoke Chiragh Din,0,2022-07-11
2022,29,Dhoke Chiragh Din,0,2022-07-18
2022,30,Dhoke Chiragh Din,0,2022-07-25
2022,31,Dhoke Chiragh Din,0,2022-08-01
2022,32,Dhoke Chiragh Din,0,2022-08-08
2022,33,Dhoke Chiragh Din,1,2022-08-15
2022,34,Dhoke Chiragh Din,0,2022-08-22
2022,35,Dhoke Chiragh Din,1,2022-08-29
2022,36,Dhoke Chiragh Din,0,2022-09-05
2022,37,Dhoke Chiragh Din,0,2022-09-12
2022,38,Dhoke Chiragh Din,2,2022-09-19
2022,39,Dhoke Chiragh Din,4,2022-09-26
2022,40,Dhoke Chiragh Din,5,2022-10-03
2022,41,Dhoke Chiragh Din,6,2022-10-10
2022,42,Dhoke Chiragh Din,2,2022-10-17
2022,43,Dhoke Chiragh Din,0,2022-10-24
2022,44,Dhoke Chiragh Din,11,2022-10-31
2022,45,Dhoke Chiragh Din,0,2022-11-07
2022,46,Dhoke Chiragh Din,2,2022-11-14
2022,47,Dhoke Chiragh Din,0,2022-11-21
2022,48,Dhoke Chiragh Din,0,2022-11-28
2022,49,Dhoke Chiragh Din,0,2022-12-05
2022,50,Dhoke Chiragh Din,0,2022-12-12
2022,51,Dhoke Chiragh Din,0,2022-12-19
2022,52,Dhoke Chiragh Din,0,2022-12-26
2023,1,Dhoke Chiragh Din,0,2023-01-02
2023,2,Dhoke Chiragh Din,0,2023-01-09
2023,3,Dhoke Chiragh Din,0,2023-01-16
2023,4,Dhoke Chiragh Din,0,2023-01-23
2023,5,Dhoke Chiragh Din,0,2023-01-30
2023,6,Dhoke Chiragh Din,0,2023-02-06
2023,7,Dhoke Chiragh Din,0,2023-02-13
2023,8,Dhoke Chiragh Din,0,2023-02-20
2023,9,Dhoke Chiragh Din,0,2023-02-27
2023,10,Dhoke Chiragh Din,0,2023-03-06
2023,11,Dhoke Chiragh Din,0,2023-03-13
2023,12,Dhoke Chiragh Din,0,2023-03-20
2023,13,Dhoke Chiragh Din,0,2023-03-27
2023,14,Dhoke Chiragh Din,0,2023-04-03
2023,15,Dhoke Chiragh Din,0,2023-04-10
2023,16,Dhoke Chiragh Din,0,2023-04-17
2023,17,Dhoke Chiragh Din,0,2023-04-24
2023,18,Dhoke Chiragh Din,0,2023-05-01
2023,19,Dhoke Chiragh Din,0,2023-05-08
2023,20,Dhoke Chiragh Din,0,2023-05-15
2023,21,Dhoke Chiragh Din,0,2023-05-22
2023,22,Dhoke Chiragh Din,0,2023-05-29
2023,23,Dhoke Chiragh Din,0,2023-06-05
2023,24,Dhoke Chiragh Din,0,2023-06-12
2023,25,Dhoke Chiragh Din,0,2023-06-19
2023,26,Dhoke Chiragh Din,0,2023-06-26
2023,27,Dhoke Chiragh Din,0,2023-07-03
2023,28,Dhoke Chiragh Din,0,2023-07-10
2023,29,Dhoke Chiragh Din,0,2023-07-17
2023,30,Dhoke Chiragh Din,0,2023-07-24
2023,31,Dhoke Chiragh Din,0,2023-07-31
2023,32,Dhoke Chiragh Din,0,2023-08-07
2023,33,Dhoke Chiragh Din,0,2023-08-14
2023,34,Dhoke Chiragh Din,1,2023-08-21
2023,35,Dhoke Chiragh Din,0,2023-08-28
2023,36,Dhoke Chiragh Din,0,2023-09-04
2023,37,Dhoke Chiragh Din,1,2023-09-11
2023,38,Dhoke Chiragh Din,1,2023-09-18
2023,39,Dhoke Chiragh Din,0,2023-09-25
2023,40,Dhoke Chiragh Din,0,2023-10-02
2023,41,Dhoke Chiragh Din,1,2023-10-09
2023,42,Dhoke Chiragh Din,2,2023-10-16
2023,43,Dhoke Chiragh Din,2,2023-10-23
2023,44,Dhoke Chiragh Din,1,2023-10-30
2023,45,Dhoke Chiragh Din,2,2023-11-06
2023,46,Dhoke Chiragh Din,0,2023-11-13
2023,47,Dhoke Chiragh Din,0,2023-11-20
2023,48,Dhoke Chiragh Din,0,2023-11-27
2023,49,Dhoke Chiragh Din,0,2023-12-04
2023,50,Dhoke Chiragh Din,0,2023-12-11
2023,51,Dhoke Chiragh Din,0,2023-12-18
2023,52,Dhoke Chiragh Din,0,2023-12-25
2024,1,Dhoke Chiragh Din,0,2024-01-01
2024,2,Dhoke Chiragh Din,0,2024-01-08
2024,3,Dhoke Chiragh Din,0,2024-01-15
2024,4,Dhoke Chiragh Din,0,2024-01-22
2024,5,Dhoke Chiragh Din,0,2024-01-29
2024,6,Dhoke Chiragh Din,0,2024-02-05
2024,7,Dhoke Chiragh Din,0,2024-02-12
2024,8,Dhoke Chiragh Din,0,2024-02-19
2024,9,Dhoke Chiragh Din,0,2024-02-26
2024,10,Dhoke Chiragh Din,0,2024-03-04
2024,11,Dhoke Chiragh Din,0,2024-03-11
2024,12,Dhoke Chiragh Din,0,2024-03-18
2024,13,Dhoke Chiragh Din,0,2024-03-25
2024,14,Dhoke Chiragh Din,0,2024-04-01
2024,15,Dhoke Chiragh Din,0,2024-04-08
2024,16,Dhoke Chiragh Din,0,2024-04-15
2024,17,Dhoke Chiragh Din,0,2024-04-22
2024,18,Dhoke Chiragh Din,0,2024-04-29
2024,19,Dhoke Chiragh Din,0,2024-05-06
2024,20,Dhoke Chiragh Din,0,2024-05-13
2024,21,Dhoke Chiragh Din,0,2024-05-20
2024,22,Dhoke Chiragh Din,0,2024-05-27
2024,23,Dhoke Chiragh Din,0,2024-06-03
2024,24,Dhoke Chiragh Din,0,2024-06-10
2024,25,Dhoke Chiragh Din,0,2024-06-17
2024,26,Dhoke Chiragh Din,0,2024-06-24
2024,27,Dhoke Chiragh Din,0,2024-07-01
2024,28,Dhoke Chiragh Din,0,2024-07-08
2024,29,Dhoke Chiragh Din,0,2024-07-15
2024,30,Dhoke Chiragh Din,0,2024-07-22
2024,31,Dhoke Chiragh Din,0,2024-07-29
2024,32,Dhoke Chiragh Din,0,2024-08-05
2024,33,Dhoke Chiragh Din,0,2024-08-12
2024,34,Dhoke Chiragh Din,0,2024-08-19
2024,35,Dhoke Chiragh Din,0,2024-08-26
2024,36,Dhoke Chiragh Din,0,2024-09-02
2024,37,Dhoke Chiragh Din,0,2024-09-09
2024,38,Dhoke Chiragh Din,0,2024-09-16
2024,39,Dhoke Chiragh Din,1,2024-09-23
2024,40,Dhoke Chiragh Din,2,2024-09-30
2024,41,Dhoke Chiragh Din,1,2024-10-07
2024,42,Dhoke Chiragh Din,3,2024-10-14
2024,43,Dhoke Chiragh Din,3,2024-10-21
2024,44,Dhoke Chiragh Din,2,2024-10-28
2024,45,Dhoke Chiragh Din,3,2024-11-04
2024,46,Dhoke Chiragh Din,2,2024-11-11
2024,47,Dhoke Chiragh Din,1,2024-11-18
2024,48,Dhoke Chiragh Din,0,2024-11-25
2024,49,Dhoke Chiragh Din,2,2024-12-02
2024,50,Dhoke Chiragh Din,0,2024-12-09
2024,51,Dhoke Chiragh Din,0,2024-12-16
2024,52,Dhoke Chiragh Din,0,2024-12-23
2021,1,Dhoke Mangtal,0,2021-01-04
2021,2,Dhoke Mangtal,0,2021-01-11
2021,3,Dhoke Mangtal,0,2021-01-18
2021,4,Dhoke Mangtal,0,2021-01-25
2021,5,Dhoke Mangtal,0,2021-02-01
2021,6,Dhoke Mangtal,0,2021-02-08
2021,7,Dhoke Mangtal,0,2021-02-15
2021,8,Dhoke Mangtal,0,2021-02-22
2021,9,Dhoke Mangtal,0,2021-03-01
2021,10,Dhoke Mangtal,0,2021-03-08
2021,11,Dhoke Mangtal,0,2021-03-15
2021,12,Dhoke Mangtal,0,2021-03-22
2021,13,Dhoke Mangtal,0,2021-03-29
2021,14,Dhoke Mangtal,0,2021-04-05
2021,15,Dhoke Mangtal,0,2021-04-12
2021,16,Dhoke Mangtal,0,2021-04-19
2021,17,Dhoke Mangtal,0,2021-04-26
2021,18,Dhoke Mangtal,0,2021-05-03
2021,19,Dhoke Mangtal,0,2021-05-10
2021,20,Dhoke Mangtal,0,2021-05-17
2021,21,Dhoke Mangtal,0,2021-05-24
2021,22,Dhoke Mangtal,0,2021-05-31
2021,23,Dhoke Mangtal,0,2021-06-07
2021,24,Dhoke Mangtal,0,2021-06-14
2021,25,Dhoke Mangtal,0,2021-06-21
2021,26,Dhoke Mangtal,0,2021-06-28
2021,27,Dhoke Mangtal,0,2021-07-05
2021,28,Dhoke Mangtal,0,2021-07-12
2021,29,Dhoke Mangtal,0,2021-07-19
2021,30,Dhoke Mangtal,0,2021-07-26
2021,31,Dhoke Mangtal,0,2021-08-02
2021,32,Dhoke Mangtal,0,2021-08-09
2021,33,Dhoke Mangtal,0,2021-08-16
2021,34,Dhoke Mangtal,0,2021-08-23
2021,35,Dhoke Mangtal,1,2021-08-30
2021,36,Dhoke Mangtal,2,2021-09-06
2021,37,Dhoke Mangtal,6,2021-09-13
2021,38,Dhoke Mangtal,39,2021-09-20
2021,39,Dhoke Mangtal,88,2021-09-27
2021,40,Dhoke Mangtal,111,2021-10-04
2021,41,Dhoke Mangtal,151,2021-10-11
2021,42,Dhoke Mangtal,101,2021-10-18
2021,43,Dhoke Mangtal,115,2021-10-25
2021,44,Dhoke Mangtal,84,2021-11-01
2021,45,Dhoke Mangtal,39,2021-11-08
2021,46,Dhoke Mangtal,39,2021-11-15
2021,47,Dhoke Mangtal,19,2021-11-22
2021,48,Dhoke Mangtal,5,2021-11-29
2021,49,Dhoke Mangtal,1,2021-12-06
2021,50,Dhoke Mangtal,1,2021-12-13
2021,51,Dhoke Mangtal,0,2021-12-20
2021,52,Dhoke Mangtal,1,2021-12-27
2022,1,Dhoke Mangtal,0,2022-01-03
2022,2,Dhoke Mangtal,0,2022-01-10
2022,3,Dhoke Mangtal,0,2022-01-17
2022,4,Dhoke Mangtal,0,2022-01-24
2022,5,Dhoke Mangtal,0,2022-01-31
2022,6,Dhoke Mangtal,0,2022-02-07
2022,7,Dhoke Mangtal,0,2022-02-14
2022,8,Dhoke Mangtal,0,2022-02-21
2022,9,Dhoke Mangtal,0,2022-02-28
2022,10,Dhoke Mangtal,0,2022-03-07
2022,11,Dhoke Mangtal,0,2022-03-14
2022,12,Dhoke Mangtal,0,2022-03-21
2022,13,Dhoke Mangtal,0,2022-03-28
2022,14,Dhoke Mangtal,0,2022-04-04
2022,15,Dhoke Mangtal,0,2022-04-11
2022,16,Dhoke Mangtal,0,2022-04-18
2022,17,Dhoke Mangtal,0,2022-04-25
2022,18,Dhoke Mangtal,0,2022-05-02
2022,19,Dhoke Mangtal,2,2022-05-09
2022,20,Dhoke Mangtal,0,2022-05-16
2022,21,Dhoke Mangtal,0,2022-05-23
2022,22,Dhoke Mangtal,1,2022-05-30
2022,23,Dhoke Mangtal,0,2022-06-06
2022,24,Dhoke Mangtal,0,2022-06-13
2022,25,Dhoke Mangtal,0,2022-06-20
2022,26,Dhoke Mangtal,0,2022-06-27
2022,27,Dhoke Mangtal,0,2022-07-04
2022,28,Dhoke Mangtal,0,2022-07-11
2022,29,Dhoke Mangtal,0,2022-07-18
2022,30,Dhoke Mangtal,0,2022-07-25
2022,31,Dhoke Mangtal,2,2022-08-01
2022,32,Dhoke Mangtal,1,2022-08-08
2022,33,Dhoke Mangtal,4,2022-08-15
2022,34,Dhoke Mangtal,14,2022-08-22
2022,35,Dhoke Mangtal,12,2022-08-29
2022,36,Dhoke Mangtal,19,2022-09-05
2022,37,Dhoke Mangtal,31,2022-09-12
2022,38,Dhoke Mangtal,41,2022-09-19
2022,39,Dhoke Mangtal,43,2022-09-26
2022,40,Dhoke Mangtal,66,2022-10-03
2022,41,Dhoke Mangtal,75,2022-10-10
2022,42,Dhoke Mangtal,48,2022-10-17
2022,43,Dhoke Mangtal,41,2022-10-24
2022,44,Dhoke Mangtal,32,2022-10-31
2022,45,Dhoke Mangtal,21,2022-11-07
2022,46,Dhoke Mangtal,12,2022-11-14
2022,47,Dhoke Mangtal,5,2022-11-21
2022,48,Dhoke Mangtal,7,2022-11-28
2022,49,Dhoke Mangtal,1,2022-12-05
2022,50,Dhoke Mangtal,1,2022-12-12
2022,51,Dhoke Mangtal,0,2022-12-19
2022,52,Dhoke Mangtal,0,2022-12-26
2023,1,Dhoke Mangtal,0,2023-01-02
2023,2,Dhoke Mangtal,0,2023-01-09
2023,3,Dhoke Mangtal,0,2023-01-16
2023,4,Dhoke Mangtal,0,2023-01-23
2023,5,Dhoke Mangtal,0,2023-01-30
2023,6,Dhoke Mangtal,0,2023-02-06
2023,7,Dhoke Mangtal,0,2023-02-13
2023,8,Dhoke Mangtal,0,2023-02-20
2023,9,Dhoke Mangtal,0,2023-02-27
2023,10,Dhoke Mangtal,0,2023-03-06
2023,11,Dhoke Mangtal,0,2023-03-13
2023,12,Dhoke Mangtal,0,2023-03-20
2023,13,Dhoke Mangtal,0,2023-03-27
2023,14,Dhoke Mangtal,0,2023-04-03
2023,15,Dhoke Mangtal,0,2023-04-10
2023,16,Dhoke Mangtal,0,2023-04-17
2023,17,Dhoke Mangtal,0,2023-04-24
2023,18,Dhoke Mangtal,0,2023-05-01
2023,19,Dhoke Mangtal,0,2023-05-08
2023,20,Dhoke Mangtal,0,2023-05-15
2023,21,Dhoke Mangtal,0,2023-05-22
2023,22,Dhoke Mangtal,0,2023-05-29
2023,23,Dhoke Mangtal,0,2023-06-05
2023,24,Dhoke Mangtal,0,2023-06-12
2023,25,Dhoke Mangtal,0,2023-06-19
2023,26,Dhoke Mangtal,0,2023-06-26
2023,27,Dhoke Mangtal,0,2023-07-03
2023,28,Dhoke Mangtal,0,2023-07-10
2023,29,Dhoke Mangtal,0,2023-07-17
2023,30,Dhoke Mangtal,0,2023-07-24
2023,31,Dhoke Mangtal,4,2023-07-31
2023,32,Dhoke Mangtal,0,2023-08-07
2023,33,Dhoke Mangtal,0,2023-08-14
2023,34,Dhoke Mangtal,2,2023-08-21
2023,35,Dhoke Mangtal,2,2023-08-28
2023,36,Dhoke Mangtal,11,2023-09-04
2023,37,Dhoke Mangtal,8,2023-09-11
2023,38,Dhoke Mangtal,11,2023-09-18
2023,39,Dhoke Mangtal,20,2023-09-25
2023,40,Dhoke Mangtal,26,2023-10-02
2023,41,Dhoke Mangtal,18,2023-10-09
2023,42,Dhoke Mangtal,15,2023-10-16
2023,43,Dhoke Mangtal,12,2023-10-23
2023,44,Dhoke Mangtal,8,2023-10-30
2023,45,Dhoke Mangtal,5,2023-11-06
2023,46,Dhoke Mangtal,5,2023-11-13
2023,47,Dhoke Mangtal,2,2023-11-20
2023,48,Dhoke Mangtal,10,2023-11-27
2023,49,Dhoke Mangtal,0,2023-12-04
2023,50,Dhoke Mangtal,0,2023-12-11
2023,51,Dhoke Mangtal,0,2023-12-18
2023,52,Dhoke Mangtal,0,2023-12-25
2024,1,Dhoke Mangtal,0,2024-01-01
2024,2,Dhoke Mangtal,0,2024-01-08
2024,3,Dhoke Mangtal,0,2024-01-15
2024,4,Dhoke Mangtal,0,2024-01-22
2024,5,Dhoke Mangtal,1,2024-01-29
2024,6,Dhoke Mangtal,0,2024-02-05
2024,7,Dhoke Mangtal,0,2024-02-12
2024,8,Dhoke Mangtal,0,2024-02-19
2024,9,Dhoke Mangtal,0,2024-02-26
2024,10,Dhoke Mangtal,0,2024-03-04
2024,11,Dhoke Mangtal,0,2024-03-11
2024,12,Dhoke Mangtal,0,2024-03-18
2024,13,Dhoke Mangtal,0,2024-03-25
2024,14,Dhoke Mangtal,0,2024-04-01
2024,15,Dhoke Mangtal,0,2024-04-08
2024,16,Dhoke Mangtal,0,2024-04-15
2024,17,Dhoke Mangtal,1,2024-04-22
2024,18,Dhoke Mangtal,0,2024-04-29
2024,19,Dhoke Mangtal,0,2024-05-06
2024,20,Dhoke Mangtal,0,2024-05-13
2024,21,Dhoke Mangtal,0,2024-05-20
2024,22,Dhoke Mangtal,0,2024-05-27
2024,23,Dhoke Mangtal,0,2024-06-03
2024,24,Dhoke Mangtal,0,2024-06-10
2024,25,Dhoke Mangtal,0,2024-06-17
2024,26,Dhoke Mangtal,0,2024-06-24
2024,27,Dhoke Mangtal,1,2024-07-01
2024,28,Dhoke Mangtal,1,2024-07-08
2024,29,Dhoke Mangtal,0,2024-07-15
2024,30,Dhoke Mangtal,1,2024-07-22
2024,31,Dhoke Mangtal,2,2024-07-29
2024,32,Dhoke Mangtal,0,2024-08-05
2024,33,Dhoke Mangtal,0,2024-08-12
2024,34,Dhoke Mangtal,2,2024-08-19
2024,35,Dhoke Mangtal,1,2024-08-26
2024,36,Dhoke Mangtal,4,2024-09-02
2024,37,Dhoke Mangtal,15,2024-09-09
2024,38,Dhoke Mangtal,33,2024-09-16
2024,39,Dhoke Mangtal,71,2024-09-23
2024,40,Dhoke Mangtal,139,2024-09-30
2024,41,Dhoke Mangtal,113,2024-10-07
2024,42,Dhoke Mangtal,101,2024-10-14
2024,43,Dhoke Mangtal,131,2024-10-21
2024,44,Dhoke Mangtal,170,2024-10-28
2024,45,Dhoke Mangtal,100,2024-11-04
2024,46,Dhoke Mangtal,75,2024-11-11
2024,47,Dhoke Mangtal,45,2024-11-18
2024,48,Dhoke Mangtal,9,2024-11-25
2024,49,Dhoke Mangtal,5,2024-12-02
2024,50,Dhoke Mangtal,1,2024-12-09
2024,51,Dhoke Mangtal,1,2024-12-16
2024,52,Dhoke Mangtal,0,2024-12-23
2021,1,FAUJI COLONY,0,2021-01-04
2021,2,FAUJI COLONY,0,2021-01-11
2021,3,FAUJI COLONY,0,2021-01-18
2021,4,FAUJI COLONY,0,2021-01-25
2021,5,FAUJI COLONY,0,2021-02-01
2021,6,FAUJI COLONY,0,2021-02-08
2021,7,FAUJI COLONY,0,2021-02-15
2021,8,FAUJI COLONY,0,2021-02-22
2021,9,FAUJI COLONY,0,2021-03-01
2021,10,FAUJI COLONY,0,2021-03-08
2021,11,FAUJI COLONY,0,2021-03-15
2021,12,FAUJI COLONY,0,2021-03-22
2021,13,FAUJI COLONY,0,2021-03-29
2021,14,FAUJI COLONY,0,2021-04-05
2021,15,FAUJI COLONY,0,2021-04-12
2021,16,FAUJI COLONY,0,2021-04-19
2021,17,FAUJI COLONY,0,2021-04-26
2021,18,FAUJI COLONY,0,2021-05-03
2021,19,FAUJI COLONY,0,2021-05-10
2021,20,FAUJI COLONY,0,2021-05-17
2021,21,FAUJI COLONY,0,2021-05-24
2021,22,FAUJI COLONY,0,2021-05-31
2021,23,FAUJI COLONY,0,2021-06-07
2021,24,FAUJI COLONY,0,2021-06-14
2021,25,FAUJI COLONY,0,2021-06-21
2021,26,FAUJI COLONY,0,2021-06-28
2021,27,FAUJI COLONY,0,2021-07-05
2021,28,FAUJI COLONY,0,2021-07-12
2021,29,FAUJI COLONY,0,2021-07-19
2021,30,FAUJI COLONY,0,2021-07-26
2021,31,FAUJI COLONY,0,2021-08-02
2021,32,FAUJI COLONY,0,2021-08-09
2021,33,FAUJI COLONY,0,2021-08-16
2021,34,FAUJI COLONY,0,2021-08-23
2021,35,FAUJI COLONY,0,2021-08-30
2021,36,FAUJI COLONY,0,2021-09-06
2021,37,FAUJI COLONY,0,2021-09-13
2021,38,FAUJI COLONY,0,2021-09-20
2021,39,FAUJI COLONY,0,2021-09-27
2021,40,FAUJI COLONY,0,2021-10-04
2021,41,FAUJI COLONY,0,2021-10-11
2021,42,FAUJI COLONY,0,2021-10-18
2021,43,FAUJI COLONY,0,2021-10-25
2021,44,FAUJI COLONY,0,2021-11-01
2021,45,FAUJI COLONY,0,2021-11-08
2021,46,FAUJI COLONY,0,2021-11-15
2021,47,FAUJI COLONY,0,2021-11-22
2021,48,FAUJI COLONY,0,2021-11-29
2021,49,FAUJI COLONY,0,2021-12-06
2021,50,FAUJI COLONY,0,2021-12-13
2021,51,FAUJI COLONY,0,2021-12-20
2021,52,FAUJI COLONY,0,2021-12-27
2022,1,FAUJI COLONY,0,2022-01-03
2022,2,FAUJI COLONY,0,2022-01-10
2022,3,FAUJI COLONY,0,2022-01-17
2022,4,FAUJI COLONY,0,2022-01-24
2022,5,FAUJI COLONY,0,2022-01-31
2022,6,FAUJI COLONY,0,2022-02-07
2022,7,FAUJI COLONY,0,2022-02-14
2022,8,FAUJI COLONY,0,2022-02-21
2022,9,FAUJI COLONY,0,2022-02-28
2022,10,FAUJI COLONY,0,2022-03-07
2022,11,FAUJI COLONY,0,2022-03-14
2022,12,FAUJI COLONY,0,2022-03-21
2022,13,FAUJI COLONY,0,2022-03-28
2022,14,FAUJI COLONY,0,2022-04-04
2022,15,FAUJI COLONY,0,2022-04-11
2022,16,FAUJI COLONY,0,2022-04-18
2022,17,FAUJI COLONY,0,2022-04-25
2022,18,FAUJI COLONY,0,2022-05-02
2022,19,FAUJI COLONY,0,2022-05-09
2022,20,FAUJI COLONY,0,2022-05-16
2022,21,FAUJI COLONY,0,2022-05-23
2022,22,FAUJI COLONY,0,2022-05-30
2022,23,FAUJI COLONY,0,2022-06-06
2022,24,FAUJI COLONY,0,2022-06-13
2022,25,FAUJI COLONY,0,2022-06-20
2022,26,FAUJI COLONY,0,2022-06-27
2022,27,FAUJI COLONY,0,2022-07-04
2022,28,FAUJI COLONY,0,2022-07-11
2022,29,FAUJI COLONY,0,2022-07-18
2022,30,FAUJI COLONY,0,2022-07-25
2022,31,FAUJI COLONY,0,2022-08-01
2022,32,FAUJI COLONY,0,2022-08-08
2022,33,FAUJI COLONY,0,2022-08-15
2022,34,FAUJI COLONY,0,2022-08-22
2022,35,FAUJI COLONY,0,2022-08-29
2022,36,FAUJI COLONY,0,2022-09-05
2022,37,FAUJI COLONY,1,2022-09-12
2022,38,FAUJI COLONY,2,2022-09-19
2022,39,FAUJI COLONY,0,2022-09-26
2022,40,FAUJI COLONY,0,2022-10-03
2022,41,FAUJI COLONY,0,2022-10-10
2022,42,FAUJI COLONY,0,2022-10-17
2022,43,FAUJI COLONY,0,2022-10-24
2022,44,FAUJI COLONY,0,2022-10-31
2022,45,FAUJI COLONY,0,2022-11-07
2022,46,FAUJI COLONY,0,2022-11-14
2022,47,FAUJI COLONY,0,2022-11-21
2022,48,FAUJI COLONY,0,2022-11-28
2022,49,FAUJI COLONY,0,2022-12-05
2022,50,FAUJI COLONY,0,2022-12-12
2022,51,FAUJI COLONY,0,2022-12-19
2022,52,FAUJI COLONY,0,2022-12-26
2023,1,FAUJI COLONY,0,2023-01-02
2023,2,FAUJI COLONY,0,2023-01-09
2023,3,FAUJI COLONY,0,2023-01-16
2023,4,FAUJI COLONY,0,2023-01-23
2023,5,FAUJI COLONY,0,2023-01-30
2023,6,FAUJI COLONY,0,2023-02-06
2023,7,FAUJI COLONY,0,2023-02-13
2023,8,FAUJI COLONY,0,2023-02-20
2023,9,FAUJI COLONY,0,2023-02-27
2023,10,FAUJI COLONY,0,2023-03-06
2023,11,FAUJI COLONY,0,2023-03-13
2023,12,FAUJI COLONY,0,2023-03-20
2023,13,FAUJI COLONY,0,2023-03-27
2023,14,FAUJI COLONY,0,2023-04-03
2023,15,FAUJI COLONY,0,2023-04-10
2023,16,FAUJI COLONY,0,2023-04-17
2023,17,FAUJI COLONY,0,2023-04-24
2023,18,FAUJI COLONY,0,2023-05-01
2023,19,FAUJI COLONY,0,2023-05-08
2023,20,FAUJI COLONY,0,2023-05-15
2023,21,FAUJI COLONY,0,2023-05-22
2023,22,FAUJI COLONY,0,2023-05-29
2023,23,FAUJI COLONY,0,2023-06-05
2023,24,FAUJI COLONY,0,2023-06-12
2023,25,FAUJI COLONY,0,2023-06-19
2023,26,FAUJI COLONY,0,2023-06-26
2023,27,FAUJI COLONY,0,2023-07-03
2023,28,FAUJI COLONY,0,2023-07-10
2023,29,FAUJI COLONY,0,2023-07-17
2023,30,FAUJI COLONY,0,2023-07-24
2023,31,FAUJI COLONY,0,2023-07-31
2023,32,FAUJI COLONY,0,2023-08-07
2023,33,FAUJI COLONY,0,2023-08-14
2023,34,FAUJI COLONY,0,2023-08-21
2023,35,FAUJI COLONY,0,2023-08-28
2023,36,FAUJI COLONY,0,2023-09-04
2023,37,FAUJI COLONY,0,2023-09-11
2023,38,FAUJI COLONY,0,2023-09-18
2023,39,FAUJI COLONY,0,2023-09-25
2023,40,FAUJI COLONY,0,2023-10-02
2023,41,FAUJI COLONY,0,2023-10-09
2023,42,FAUJI COLONY,1,2023-10-16
2023,43,FAUJI COLONY,0,2023-10-23
2023,44,FAUJI COLONY,0,2023-10-30
2023,45,FAUJI COLONY,0,2023-11-06
2023,46,FAUJI COLONY,0,2023-11-13
2023,47,FAUJI COLONY,0,2023-11-20
2023,48,FAUJI COLONY,0,2023-11-27
2023,49,FAUJI COLONY,0,2023-12-04
2023,50,FAUJI COLONY,0,2023-12-11
2023,51,FAUJI COLONY,0,2023-12-18
2023,52,FAUJI COLONY,0,2023-12-25
2024,1,FAUJI COLONY,0,2024-01-01
2024,2,FAUJI COLONY,0,2024-01-08
2024,3,FAUJI COLONY,0,2024-01-15
2024,4,FAUJI COLONY,0,2024-01-22
2024,5,FAUJI COLONY,0,2024-01-29
2024,6,FAUJI COLONY,0,2024-02-05
2024,7,FAUJI COLONY,0,2024-02-12
2024,8,FAUJI COLONY,0,2024-02-19
2024,9,FAUJI COLONY,0,2024-02-26
2024,10,FAUJI COLONY,0,2024-03-04
2024,11,FAUJI COLONY,0,2024-03-11
2024,12,FAUJI COLONY,0,2024-03-18
2024,13,FAUJI COLONY,0,2024-03-25
2024,14,FAUJI COLONY,0,2024-04-01
2024,15,FAUJI COLONY,0,2024-04-08
2024,16,FAUJI COLONY,0,2024-04-15
2024,17,FAUJI COLONY,0,2024-04-22
2024,18,FAUJI COLONY,0,2024-04-29
2024,19,FAUJI COLONY,0,2024-05-06
2024,20,FAUJI COLONY,0,2024-05-13
2024,21,FAUJI COLONY,0,2024-05-20
2024,22,FAUJI COLONY,0,2024-05-27
2024,23,FAUJI COLONY,0,2024-06-03
2024,24,FAUJI COLONY,0,2024-06-10
2024,25,FAUJI COLONY,0,2024-06-17
2024,26,FAUJI COLONY,0,2024-06-24
2024,27,FAUJI COLONY,0,2024-07-01
2024,28,FAUJI COLONY,0,2024-07-08
2024,29,FAUJI COLONY,0,2024-07-15
2024,30,FAUJI COLONY,0,2024-07-22
2024,31,FAUJI COLONY,0,2024-07-29
2024,32,FAUJI COLONY,0,2024-08-05
2024,33,FAUJI COLONY,0,2024-08-12
2024,34,FAUJI COLONY,0,2024-08-19
2024,35,FAUJI COLONY,0,2024-08-26
2024,36,FAUJI COLONY,0,2024-09-02
2024,37,FAUJI COLONY,0,2024-09-09
2024,38,FAUJI COLONY,0,2024-09-16
2024,39,FAUJI COLONY,0,2024-09-23
2024,40,FAUJI COLONY,1,2024-09-30
2024,41,FAUJI COLONY,0,2024-10-07
2024,42,FAUJI COLONY,0,2024-10-14
2024,43,FAUJI COLONY,0,2024-10-21
2024,44,FAUJI COLONY,0,2024-10-28
2024,45,FAUJI COLONY,0,2024-11-04
2024,46,FAUJI COLONY,0,2024-11-11
2024,47,FAUJI COLONY,0,2024-11-18
2024,48,FAUJI COLONY,0,2024-11-25
2024,49,FAUJI COLONY,0,2024-12-02
2024,50,FAUJI COLONY,0,2024-12-09
2024,51,FAUJI COLONY,0,2024-12-16
2024,52,FAUJI COLONY,0,2024-12-23
2021,1,GANGAL,0,2021-01-04
2021,2,GANGAL,0,2021-01-11
2021,3,GANGAL,0,2021-01-18
2021,4,GANGAL,0,2021-01-25
2021,5,GANGAL,0,2021-02-01
2021,6,GANGAL,0,2021-02-08
2021,7,GANGAL,0,2021-02-15
2021,8,GANGAL,0,2021-02-22
2021,9,GANGAL,0,2021-03-01
2021,10,GANGAL,0,2021-03-08
2021,11,GANGAL,0,2021-03-15
2021,12,GANGAL,0,2021-03-22
2021,13,GANGAL,0,2021-03-29
2021,14,GANGAL,0,2021-04-05
2021,15,GANGAL,0,2021-04-12
2021,16,GANGAL,0,2021-04-19
2021,17,GANGAL,0,2021-04-26
2021,18,GANGAL,0,2021-05-03
2021,19,GANGAL,0,2021-05-10
2021,20,GANGAL,0,2021-05-17
2021,21,GANGAL,0,2021-05-24
2021,22,GANGAL,0,2021-05-31
2021,23,GANGAL,0,2021-06-07
2021,24,GANGAL,0,2021-06-14
2021,25,GANGAL,0,2021-06-21
2021,26,GANGAL,0,2021-06-28
2021,27,GANGAL,0,2021-07-05
2021,28,GANGAL,0,2021-07-12
2021,29,GANGAL,0,2021-07-19
2021,30,GANGAL,0,2021-07-26
2021,31,GANGAL,0,2021-08-02
2021,32,GANGAL,0,2021-08-09
2021,33,GANGAL,0,2021-08-16
2021,34,GANGAL,0,2021-08-23
2021,35,GANGAL,0,2021-08-30
2021,36,GANGAL,0,2021-09-06
2021,37,GANGAL,0,2021-09-13
2021,38,GANGAL,0,2021-09-20
2021,39,GANGAL,0,2021-09-27
2021,40,GANGAL,1,2021-10-04
2021,41,GANGAL,0,2021-10-11
2021,42,GANGAL,0,2021-10-18
2021,43,GANGAL,1,2021-10-25
2021,44,GANGAL,1,2021-11-01
2021,45,GANGAL,0,2021-11-08
2021,46,GANGAL,0,2021-11-15
2021,47,GANGAL,0,2021-11-22
2021,48,GANGAL,0,2021-11-29
2021,49,GANGAL,0,2021-12-06
2021,50,GANGAL,0,2021-12-13
2021,51,GANGAL,0,2021-12-20
2021,52,GANGAL,0,2021-12-27
2022,1,GANGAL,0,2022-01-03
2022,2,GANGAL,0,2022-01-10
2022,3,GANGAL,0,2022-01-17
2022,4,GANGAL,0,2022-01-24
2022,5,GANGAL,0,2022-01-31
2022,6,GANGAL,0,2022-02-07
2022,7,GANGAL,0,2022-02-14
2022,8,GANGAL,0,2022-02-21
2022,9,GANGAL,0,2022-02-28
2022,10,GANGAL,0,2022-03-07
2022,11,GANGAL,0,2022-03-14
2022,12,GANGAL,0,2022-03-21
2022,13,GANGAL,0,2022-03-28
2022,14,GANGAL,0,2022-04-04
2022,15,GANGAL,0,2022-04-11
2022,16,GANGAL,0,2022-04-18
2022,17,GANGAL,0,2022-04-25
2022,18,GANGAL,0,2022-05-02
2022,19,GANGAL,0,2022-05-09
2022,20,GANGAL,0,2022-05-16
2022,21,GANGAL,0,2022-05-23
2022,22,GANGAL,0,2022-05-30
2022,23,GANGAL,0,2022-06-06
2022,24,GANGAL,0,2022-06-13
2022,25,GANGAL,0,2022-06-20
2022,26,GANGAL,0,2022-06-27
2022,27,GANGAL,0,2022-07-04
2022,28,GANGAL,0,2022-07-11
2022,29,GANGAL,0,2022-07-18
2022,30,GANGAL,0,2022-07-25
2022,31,GANGAL,0,2022-08-01
2022,32,GANGAL,0,2022-08-08
2022,33,GANGAL,0,2022-08-15
2022,34,GANGAL,0,2022-08-22
2022,35,GANGAL,0,2022-08-29
2022,36,GANGAL,0,2022-09-05
2022,37,GANGAL,0,2022-09-12
2022,38,GANGAL,1,2022-09-19
2022,39,GANGAL,0,2022-09-26
2022,40,GANGAL,0,2022-10-03
2022,41,GANGAL,0,2022-10-10
2022,42,GANGAL,0,2022-10-17
2022,43,GANGAL,1,2022-10-24
2022,44,GANGAL,0,2022-10-31
2022,45,GANGAL,0,2022-11-07
2022,46,GANGAL,0,2022-11-14
2022,47,GANGAL,0,2022-11-21
2022,48,GANGAL,0,2022-11-28
2022,49,GANGAL,0,2022-12-05
2022,50,GANGAL,0,2022-12-12
2022,51,GANGAL,0,2022-12-19
2022,52,GANGAL,0,2022-12-26
2023,1,GANGAL,0,2023-01-02
2023,2,GANGAL,0,2023-01-09
2023,3,GANGAL,0,2023-01-16
2023,4,GANGAL,0,2023-01-23
2023,5,GANGAL,0,2023-01-30
2023,6,GANGAL,0,2023-02-06
2023,7,GANGAL,0,2023-02-13
2023,8,GANGAL,0,2023-02-20
2023,9,GANGAL,0,2023-02-27
2023,10,GANGAL,0,2023-03-06
2023,11,GANGAL,0,2023-03-13
2023,12,GANGAL,0,2023-03-20
2023,13,GANGAL,0,2023-03-27
2023,14,GANGAL,0,2023-04-03
2023,15,GANGAL,0,2023-04-10
2023,16,GANGAL,0,2023-04-17
2023,17,GANGAL,0,2023-04-24
2023,18,GANGAL,0,2023-05-01
2023,19,GANGAL,0,2023-05-08
2023,20,GANGAL,0,2023-05-15
2023,21,GANGAL,0,2023-05-22
2023,22,GANGAL,0,2023-05-29
2023,23,GANGAL,0,2023-06-05
2023,24,GANGAL,0,2023-06-12
2023,25,GANGAL,0,2023-06-19
2023,26,GANGAL,0,2023-06-26
2023,27,GANGAL,0,2023-07-03
2023,28,GANGAL,0,2023-07-10
2023,29,GANGAL,0,2023-07-17
2023,30,GANGAL,0,2023-07-24
2023,31,GANGAL,0,2023-07-31
2023,32,GANGAL,0,2023-08-07
2023,33,GANGAL,0,2023-08-14
2023,34,GANGAL,0,2023-08-21
2023,35,GANGAL,0,2023-08-28
2023,36,GANGAL,0,2023-09-04
2023,37,GANGAL,1,2023-09-11
2023,38,GANGAL,3,2023-09-18
2023,39,GANGAL,5,2023-09-25
2023,40,GANGAL,2,2023-10-02
2023,41,GANGAL,4,2023-10-09
2023,42,GANGAL,0,2023-10-16
2023,43,GANGAL,1,2023-10-23
2023,44,GANGAL,0,2023-10-30
2023,45,GANGAL,0,2023-11-06
2023,46,GANGAL,0,2023-11-13
2023,47,GANGAL,0,2023-11-20
2023,48,GANGAL,0,2023-11-27
2023,49,GANGAL,0,2023-12-04
2023,50,GANGAL,0,2023-12-11
2023,51,GANGAL,0,2023-12-18
2023,52,GANGAL,0,2023-12-25
2024,1,GANGAL,0,2024-01-01
2024,2,GANGAL,0,2024-01-08
2024,3,GANGAL,0,2024-01-15
2024,4,GANGAL,0,2024-01-22
2024,5,GANGAL,0,2024-01-29
2024,6,GANGAL,0,2024-02-05
2024,7,GANGAL,0,2024-02-12
2024,8,GANGAL,0,2024-02-19
2024,9,GANGAL,0,2024-02-26
2024,10,GANGAL,0,2024-03-04
2024,11,GANGAL,0,2024-03-11
2024,12,GANGAL,0,2024-03-18
2024,13,GANGAL,0,2024-03-25
2024,14,GANGAL,0,2024-04-01
2024,15,GANGAL,0,2024-04-08
2024,16,GANGAL,0,2024-04-15
2024,17,GANGAL,0,2024-04-22
2024,18,GANGAL,0,2024-04-29
2024,19,GANGAL,0,2024-05-06
2024,20,GANGAL,0,2024-05-13
2024,21,GANGAL,0,2024-05-20
2024,22,GANGAL,0,2024-05-27
2024,23,GANGAL,0,2024-06-03
2024,24,GANGAL,0,2024-06-10
2024,25,GANGAL,0,2024-06-17
2024,26,GANGAL,0,2024-06-24
2024,27,GANGAL,0,2024-07-01
2024,28,GANGAL,0,2024-07-08
2024,29,GANGAL,0,2024-07-15
2024,30,GANGAL,0,2024-07-22
2024,31,GANGAL,0,2024-07-29
2024,32,GANGAL,0,2024-08-05
2024,33,GANGAL,0,2024-08-12
2024,34,GANGAL,0,2024-08-19
2024,35,GANGAL,0,2024-08-26
2024,36,GANGAL,0,2024-09-02
2024,37,GANGAL,1,2024-09-09
2024,38,GANGAL,2,2024-09-16
2024,39,GANGAL,1,2024-09-23
2024,40,GANGAL,3,2024-09-30
2024,41,GANGAL,1,2024-10-07
2024,42,GANGAL,1,2024-10-14
2024,43,GANGAL,2,2024-10-21
2024,44,GANGAL,0,2024-10-28
2024,45,GANGAL,0,2024-11-04
2024,46,GANGAL,1,2024-11-11
2024,47,GANGAL,0,2024-11-18
2024,48,GANGAL,0,2024-11-25
2024,49,GANGAL,0,2024-12-02
2024,50,GANGAL,0,2024-12-09
2024,51,GANGAL,0,2024-12-16
2024,52,GANGAL,0,2024-12-23
2021,1,GANJ MANDI,0,2021-01-04
2021,2,GANJ MANDI,0,2021-01-11
2021,3,GANJ MANDI,0,2021-01-18
2021,4,GANJ MANDI,0,2021-01-25
2021,5,GANJ MANDI,0,2021-02-01
2021,6,GANJ MANDI,0,2021-02-08
2021,7,GANJ MANDI,0,2021-02-15
2021,8,GANJ MANDI,0,2021-02-22
2021,9,GANJ MANDI,0,2021-03-01
2021,10,GANJ MANDI,0,2021-03-08
2021,11,GANJ MANDI,0,2021-03-15
2021,12,GANJ MANDI,0,2021-03-22
2021,13,GANJ MANDI,0,2021-03-29
2021,14,GANJ MANDI,0,2021-04-05
2021,15,GANJ MANDI,0,2021-04-12
2021,16,GANJ MANDI,0,2021-04-19
2021,17,GANJ MANDI,0,2021-04-26
2021,18,GANJ MANDI,0,2021-05-03
2021,19,GANJ MANDI,0,2021-05-10
2021,20,GANJ MANDI,0,2021-05-17
2021,21,GANJ MANDI,0,2021-05-24
2021,22,GANJ MANDI,0,2021-05-31
2021,23,GANJ MANDI,0,2021-06-07
2021,24,GANJ MANDI,0,2021-06-14
2021,25,GANJ MANDI,0,2021-06-21
2021,26,GANJ MANDI,0,2021-06-28
2021,27,GANJ MANDI,0,2021-07-05
2021,28,GANJ MANDI,0,2021-07-12
2021,29,GANJ MANDI,0,2021-07-19
2021,30,GANJ MANDI,0,2021-07-26
2021,31,GANJ MANDI,0,2021-08-02
2021,32,GANJ MANDI,0,2021-08-09
2021,33,GANJ MANDI,0,2021-08-16
2021,34,GANJ MANDI,0,2021-08-23
2021,35,GANJ MANDI,0,2021-08-30
2021,36,GANJ MANDI,0,2021-09-06
2021,37,GANJ MANDI,0,2021-09-13
2021,38,GANJ MANDI,1,2021-09-20
2021,39,GANJ MANDI,0,2021-09-27
2021,40,GANJ MANDI,0,2021-10-04
2021,41,GANJ MANDI,2,2021-10-11
2021,42,GANJ MANDI,0,2021-10-18
2021,43,GANJ MANDI,1,2021-10-25
2021,44,GANJ MANDI,0,2021-11-01
2021,45,GANJ MANDI,1,2021-11-08
2021,46,GANJ MANDI,0,2021-11-15
2021,47,GANJ MANDI,0,2021-11-22
2021,48,GANJ MANDI,0,2021-11-29
2021,49,GANJ MANDI,0,2021-12-06
2021,50,GANJ MANDI,0,2021-12-13
2021,51,GANJ MANDI,0,2021-12-20
2021,52,GANJ MANDI,0,2021-12-27
2022,1,GANJ MANDI,0,2022-01-03
2022,2,GANJ MANDI,0,2022-01-10
2022,3,GANJ MANDI,0,2022-01-17
2022,4,GANJ MANDI,0,2022-01-24
2022,5,GANJ MANDI,0,2022-01-31
2022,6,GANJ MANDI,0,2022-02-07
2022,7,GANJ MANDI,0,2022-02-14
2022,8,GANJ MANDI,0,2022-02-21
2022,9,GANJ MANDI,0,2022-02-28
2022,10,GANJ MANDI,0,2022-03-07
2022,11,GANJ MANDI,0,2022-03-14
2022,12,GANJ MANDI,0,2022-03-21
2022,13,GANJ MANDI,0,2022-03-28
2022,14,GANJ MANDI,0,2022-04-04
2022,15,GANJ MANDI,0,2022-04-11
2022,16,GANJ MANDI,0,2022-04-18
2022,17,GANJ MANDI,0,2022-04-25
2022,18,GANJ MANDI,0,2022-05-02
2022,19,GANJ MANDI,0,2022-05-09
2022,20,GANJ MANDI,0,2022-05-16
2022,21,GANJ MANDI,0,2022-05-23
2022,22,GANJ MANDI,0,2022-05-30
2022,23,GANJ MANDI,0,2022-06-06
2022,24,GANJ MANDI,0,2022-06-13
2022,25,GANJ MANDI,0,2022-06-20
2022,26,GANJ MANDI,0,2022-06-27
2022,27,GANJ MANDI,0,2022-07-04
2022,28,GANJ MANDI,0,2022-07-11
2022,29,GANJ MANDI,0,2022-07-18
2022,30,GANJ MANDI,0,2022-07-25
2022,31,GANJ MANDI,0,2022-08-01
2022,32,GANJ MANDI,0,2022-08-08
2022,33,GANJ MANDI,0,2022-08-15
2022,34,GANJ MANDI,0,2022-08-22
2022,35,GANJ MANDI,0,2022-08-29
2022,36,GANJ MANDI,0,2022-09-05
2022,37,GANJ MANDI,1,2022-09-12
2022,38,GANJ MANDI,1,2022-09-19
2022,39,GANJ MANDI,2,2022-09-26
2022,40,GANJ MANDI,0,2022-10-03
2022,41,GANJ MANDI,1,2022-10-10
2022,42,GANJ MANDI,0,2022-10-17
2022,43,GANJ MANDI,0,2022-10-24
2022,44,GANJ MANDI,0,2022-10-31
2022,45,GANJ MANDI,1,2022-11-07
2022,46,GANJ MANDI,1,2022-11-14
2022,47,GANJ MANDI,0,2022-11-21
2022,48,GANJ MANDI,0,2022-11-28
2022,49,GANJ MANDI,0,2022-12-05
2022,50,GANJ MANDI,0,2022-12-12
2022,51,GANJ MANDI,0,2022-12-19
2022,52,GANJ MANDI,0,2022-12-26
2023,1,GANJ MANDI,0,2023-01-02
2023,2,GANJ MANDI,0,2023-01-09
2023,3,GANJ MANDI,0,2023-01-16
2023,4,GANJ MANDI,0,2023-01-23
2023,5,GANJ MANDI,0,2023-01-30
2023,6,GANJ MANDI,0,2023-02-06
2023,7,GANJ MANDI,0,2023-02-13
2023,8,GANJ MANDI,0,2023-02-20
2023,9,GANJ MANDI,0,2023-02-27
2023,10,GANJ MANDI,0,2023-03-06
2023,11,GANJ MANDI,0,2023-03-13
2023,12,GANJ MANDI,0,2023-03-20
2023,13,GANJ MANDI,0,2023-03-27
2023,14,GANJ MANDI,0,2023-04-03
2023,15,GANJ MANDI,0,2023-04-10
2023,16,GANJ MANDI,0,2023-04-17
2023,17,GANJ MANDI,0,2023-04-24
2023,18,GANJ MANDI,0,2023-05-01
2023,19,GANJ MANDI,0,2023-05-08
2023,20,GANJ MANDI,0,2023-05-15
2023,21,GANJ MANDI,0,2023-05-22
2023,22,GANJ MANDI,0,2023-05-29
2023,23,GANJ MANDI,0,2023-06-05
2023,24,GANJ MANDI,0,2023-06-12
2023,25,GANJ MANDI,0,2023-06-19
2023,26,GANJ MANDI,0,2023-06-26
2023,27,GANJ MANDI,0,2023-07-03
2023,28,GANJ MANDI,0,2023-07-10
2023,29,GANJ MANDI,0,2023-07-17
2023,30,GANJ MANDI,0,2023-07-24
2023,31,GANJ MANDI,1,2023-07-31
2023,32,GANJ MANDI,0,2023-08-07
2023,33,GANJ MANDI,0,2023-08-14
2023,34,GANJ MANDI,0,2023-08-21
2023,35,GANJ MANDI,0,2023-08-28
2023,36,GANJ MANDI,0,2023-09-04
2023,37,GANJ MANDI,0,2023-09-11
2023,38,GANJ MANDI,1,2023-09-18
2023,39,GANJ MANDI,2,2023-09-25
2023,40,GANJ MANDI,1,2023-10-02
2023,41,GANJ MANDI,1,2023-10-09
2023,42,GANJ MANDI,2,2023-10-16
2023,43,GANJ MANDI,0,2023-10-23
2023,44,GANJ MANDI,1,2023-10-30
2023,45,GANJ MANDI,0,2023-11-06
2023,46,GANJ MANDI,0,2023-11-13
2023,47,GANJ MANDI,1,2023-11-20
2023,48,GANJ MANDI,0,2023-11-27
2023,49,GANJ MANDI,0,2023-12-04
2023,50,GANJ MANDI,0,2023-12-11
2023,51,GANJ MANDI,0,2023-12-18
2023,52,GANJ MANDI,0,2023-12-25
2024,1,GANJ MANDI,0,2024-01-01
2024,2,GANJ MANDI,0,2024-01-08
2024,3,GANJ MANDI,0,2024-01-15
2024,4,GANJ MANDI,0,2024-01-22
2024,5,GANJ MANDI,0,2024-01-29
2024,6,GANJ MANDI,0,2024-02-05
2024,7,GANJ MANDI,0,2024-02-12
2024,8,GANJ MANDI,0,2024-02-19
2024,9,GANJ MANDI,0,2024-02-26
2024,10,GANJ MANDI,0,2024-03-04
2024,11,GANJ MANDI,0,2024-03-11
2024,12,GANJ MANDI,0,2024-03-18
2024,13,GANJ MANDI,0,2024-03-25
2024,14,GANJ MANDI,0,2024-04-01
2024,15,GANJ MANDI,0,2024-04-08
2024,16,GANJ MANDI,0,2024-04-15
2024,17,GANJ MANDI,0,2024-04-22
2024,18,GANJ MANDI,0,2024-04-29
2024,19,GANJ MANDI,0,2024-05-06
2024,20,GANJ MANDI,0,2024-05-13
2024,21,GANJ MANDI,0,2024-05-20
2024,22,GANJ MANDI,0,2024-05-27
2024,23,GANJ MANDI,0,2024-06-03
2024,24,GANJ MANDI,0,2024-06-10
2024,25,GANJ MANDI,0,2024-06-17
2024,26,GANJ MANDI,1,2024-06-24
2024,27,GANJ MANDI,0,2024-07-01
2024,28,GANJ MANDI,0,2024-07-08
2024,29,GANJ MANDI,0,2024-07-15
2024,30,GANJ MANDI,0,2024-07-22
2024,31,GANJ MANDI,0,2024-07-29
2024,32,GANJ MANDI,0,2024-08-05
2024,33,GANJ MANDI,0,2024-08-12
2024,34,GANJ MANDI,0,2024-08-19
2024,35,GANJ MANDI,0,2024-08-26
2024,36,GANJ MANDI,0,2024-09-02
2024,37,GANJ MANDI,0,2024-09-09
2024,38,GANJ MANDI,0,2024-09-16
2024,39,GANJ MANDI,0,2024-09-23
2024,40,GANJ MANDI,1,2024-09-30
2024,41,GANJ MANDI,3,2024-10-07
2024,42,GANJ MANDI,1,2024-10-14
2024,43,GANJ MANDI,3,2024-10-21
2024,44,GANJ MANDI,2,2024-10-28
2024,45,GANJ MANDI,2,2024-11-04
2024,46,GANJ MANDI,3,2024-11-11
2024,47,GANJ MANDI,0,2024-11-18
2024,48,GANJ MANDI,0,2024-11-25
2024,49,GANJ MANDI,0,2024-12-02
2024,50,GANJ MANDI,0,2024-12-09
2024,51,GANJ MANDI,0,2024-12-16
2024,52,GANJ MANDI,0,2024-12-23
2021,1,Gaggan,0,2021-01-04
2021,2,Gaggan,0,2021-01-11
2021,3,Gaggan,0,2021-01-18
2021,4,Gaggan,0,2021-01-25
2021,5,Gaggan,0,2021-02-01
2021,6,Gaggan,0,2021-02-08
2021,7,Gaggan,0,2021-02-15
2021,8,Gaggan,0,2021-02-22
2021,9,Gaggan,0,2021-03-01
2021,10,Gaggan,0,2021-03-08
2021,11,Gaggan,0,2021-03-15
2021,12,Gaggan,0,2021-03-22
2021,13,Gaggan,0,2021-03-29
2021,14,Gaggan,0,2021-04-05
2021,15,Gaggan,0,2021-04-12
2021,16,Gaggan,0,2021-04-19
2021,17,Gaggan,0,2021-04-26
2021,18,Gaggan,0,2021-05-03
2021,19,Gaggan,0,2021-05-10
2021,20,Gaggan,0,2021-05-17
2021,21,Gaggan,0,2021-05-24
2021,22,Gaggan,0,2021-05-31
2021,23,Gaggan,0,2021-06-07
2021,24,Gaggan,0,2021-06-14
2021,25,Gaggan,0,2021-06-21
2021,26,Gaggan,0,2021-06-28
2021,27,Gaggan,0,2021-07-05
2021,28,Gaggan,0,2021-07-12
2021,29,Gaggan,0,2021-07-19
2021,30,Gaggan,0,2021-07-26
2021,31,Gaggan,0,2021-08-02
2021,32,Gaggan,0,2021-08-09
2021,33,Gaggan,0,2021-08-16
2021,34,Gaggan,0,2021-08-23
2021,35,Gaggan,0,2021-08-30
2021,36,Gaggan,0,2021-09-06
2021,37,Gaggan,0,2021-09-13
2021,38,Gaggan,0,2021-09-20
2021,39,Gaggan,0,2021-09-27
2021,40,Gaggan,0,2021-10-04
2021,41,Gaggan,0,2021-10-11
2021,42,Gaggan,0,2021-10-18
2021,43,Gaggan,0,2021-10-25
2021,44,Gaggan,0,2021-11-01
2021,45,Gaggan,0,2021-11-08
2021,46,Gaggan,0,2021-11-15
2021,47,Gaggan,0,2021-11-22
2021,48,Gaggan,0,2021-11-29
2021,49,Gaggan,0,2021-12-06
2021,50,Gaggan,0,2021-12-13
2021,51,Gaggan,0,2021-12-20
2021,52,Gaggan,0,2021-12-27
2022,1,Gaggan,0,2022-01-03
2022,2,Gaggan,0,2022-01-10
2022,3,Gaggan,0,2022-01-17
2022,4,Gaggan,0,2022-01-24
2022,5,Gaggan,0,2022-01-31
2022,6,Gaggan,0,2022-02-07
2022,7,Gaggan,0,2022-02-14
2022,8,Gaggan,0,2022-02-21
2022,9,Gaggan,0,2022-02-28
2022,10,Gaggan,0,2022-03-07
2022,11,Gaggan,0,2022-03-14
2022,12,Gaggan,0,2022-03-21
2022,13,Gaggan,0,2022-03-28
2022,14,Gaggan,0,2022-04-04
2022,15,Gaggan,0,2022-04-11
2022,16,Gaggan,0,2022-04-18
2022,17,Gaggan,0,2022-04-25
2022,18,Gaggan,0,2022-05-02
2022,19,Gaggan,0,2022-05-09
2022,20,Gaggan,0,2022-05-16
2022,21,Gaggan,0,2022-05-23
2022,22,Gaggan,0,2022-05-30
2022,23,Gaggan,0,2022-06-06
2022,24,Gaggan,0,2022-06-13
2022,25,Gaggan,0,2022-06-20
2022,26,Gaggan,0,2022-06-27
2022,27,Gaggan,0,2022-07-04
2022,28,Gaggan,0,2022-07-11
2022,29,Gaggan,0,2022-07-18
2022,30,Gaggan,0,2022-07-25
2022,31,Gaggan,0,2022-08-01
2022,32,Gaggan,0,2022-08-08
2022,33,Gaggan,0,2022-08-15
2022,34,Gaggan,0,2022-08-22
2022,35,Gaggan,0,2022-08-29
2022,36,Gaggan,0,2022-09-05
2022,37,Gaggan,0,2022-09-12
2022,38,Gaggan,0,2022-09-19
2022,39,Gaggan,0,2022-09-26
2022,40,Gaggan,1,2022-10-03
2022,41,Gaggan,0,2022-10-10
2022,42,Gaggan,0,2022-10-17
2022,43,Gaggan,0,2022-10-24
2022,44,Gaggan,0,2022-10-31
2022,45,Gaggan,0,2022-11-07
2022,46,Gaggan,0,2022-11-14
2022,47,Gaggan,0,2022-11-21
2022,48,Gaggan,0,2022-11-28
2022,49,Gaggan,0,2022-12-05
2022,50,Gaggan,0,2022-12-12
2022,51,Gaggan,0,2022-12-19
2022,52,Gaggan,0,2022-12-26
2023,1,Gaggan,0,2023-01-02
2023,2,Gaggan,0,2023-01-09
2023,3,Gaggan,0,2023-01-16
2023,4,Gaggan,0,2023-01-23
2023,5,Gaggan,0,2023-01-30
2023,6,Gaggan,0,2023-02-06
2023,7,Gaggan,0,2023-02-13
2023,8,Gaggan,0,2023-02-20
2023,9,Gaggan,0,2023-02-27
2023,10,Gaggan,0,2023-03-06
2023,11,Gaggan,0,2023-03-13
2023,12,Gaggan,0,2023-03-20
2023,13,Gaggan,0,2023-03-27
2023,14,Gaggan,0,2023-04-03
2023,15,Gaggan,0,2023-04-10
2023,16,Gaggan,0,2023-04-17
2023,17,Gaggan,0,2023-04-24
2023,18,Gaggan,0,2023-05-01
2023,19,Gaggan,0,2023-05-08
2023,20,Gaggan,0,2023-05-15
2023,21,Gaggan,0,2023-05-22
2023,22,Gaggan,0,2023-05-29
2023,23,Gaggan,0,2023-06-05
2023,24,Gaggan,0,2023-06-12
2023,25,Gaggan,0,2023-06-19
2023,26,Gaggan,0,2023-06-26
2023,27,Gaggan,0,2023-07-03
2023,28,Gaggan,0,2023-07-10
2023,29,Gaggan,0,2023-07-17
2023,30,Gaggan,0,2023-07-24
2023,31,Gaggan,0,2023-07-31
2023,32,Gaggan,0,2023-08-07
2023,33,Gaggan,0,2023-08-14
2023,34,Gaggan,0,2023-08-21
2023,35,Gaggan,0,2023-08-28
2023,36,Gaggan,0,2023-09-04
2023,37,Gaggan,0,2023-09-11
2023,38,Gaggan,0,2023-09-18
2023,39,Gaggan,0,2023-09-25
2023,40,Gaggan,0,2023-10-02
2023,41,Gaggan,0,2023-10-09
2023,42,Gaggan,0,2023-10-16
2023,43,Gaggan,0,2023-10-23
2023,44,Gaggan,0,2023-10-30
2023,45,Gaggan,0,2023-11-06
2023,46,Gaggan,0,2023-11-13
2023,47,Gaggan,0,2023-11-20
2023,48,Gaggan,0,2023-11-27
2023,49,Gaggan,0,2023-12-04
2023,50,Gaggan,0,2023-12-11
2023,51,Gaggan,0,2023-12-18
2023,52,Gaggan,0,2023-12-25
2024,1,Gaggan,0,2024-01-01
2024,2,Gaggan,0,2024-01-08
2024,3,Gaggan,0,2024-01-15
2024,4,Gaggan,0,2024-01-22
2024,5,Gaggan,0,2024-01-29
2024,6,Gaggan,0,2024-02-05
2024,7,Gaggan,0,2024-02-12
2024,8,Gaggan,0,2024-02-19
2024,9,Gaggan,0,2024-02-26
2024,10,Gaggan,0,2024-03-04
2024,11,Gaggan,0,2024-03-11
2024,12,Gaggan,0,2024-03-18
2024,13,Gaggan,0,2024-03-25
2024,14,Gaggan,0,2024-04-01
2024,15,Gaggan,0,2024-04-08
2024,16,Gaggan,0,2024-04-15
2024,17,Gaggan,0,2024-04-22
2024,18,Gaggan,0,2024-04-29
2024,19,Gaggan,0,2024-05-06
2024,20,Gaggan,0,2024-05-13
2024,21,Gaggan,0,2024-05-20
2024,22,Gaggan,0,2024-05-27
2024,23,Gaggan,0,2024-06-03
2024,24,Gaggan,0,2024-06-10
2024,25,Gaggan,0,2024-06-17
2024,26,Gaggan,0,2024-06-24
2024,27,Gaggan,0,2024-07-01
2024,28,Gaggan,0,2024-07-08
2024,29,Gaggan,0,2024-07-15
2024,30,Gaggan,0,2024-07-22
2024,31,Gaggan,0,2024-07-29
2024,32,Gaggan,0,2024-08-05
2024,33,Gaggan,0,2024-08-12
2024,34,Gaggan,0,2024-08-19
2024,35,Gaggan,0,2024-08-26
2024,36,Gaggan,0,2024-09-02
2024,37,Gaggan,0,2024-09-09
2024,38,Gaggan,0,2024-09-16
2024,39,Gaggan,0,2024-09-23
2024,40,Gaggan,0,2024-09-30
2024,41,Gaggan,0,2024-10-07
2024,42,Gaggan,0,2024-10-14
2024,43,Gaggan,0,2024-10-21
2024,44,Gaggan,0,2024-10-28
2024,45,Gaggan,0,2024-11-04
2024,46,Gaggan,0,2024-11-11
2024,47,Gaggan,0,2024-11-18
2024,48,Gaggan,0,2024-11-25
2024,49,Gaggan,0,2024-12-02
2024,50,Gaggan,0,2024-12-09
2024,51,Gaggan,0,2024-12-16
2024,52,Gaggan,0,2024-12-23
2021,1,Ganj Mandi,0,2021-01-04
2021,2,Ganj Mandi,0,2021-01-11
2021,3,Ganj Mandi,0,2021-01-18
2021,4,Ganj Mandi,0,2021-01-25
2021,5,Ganj Mandi,0,2021-02-01
2021,6,Ganj Mandi,0,2021-02-08
2021,7,Ganj Mandi,0,2021-02-15
2021,8,Ganj Mandi,0,2021-02-22
2021,9,Ganj Mandi,0,2021-03-01
2021,10,Ganj Mandi,0,2021-03-08
2021,11,Ganj Mandi,0,2021-03-15
2021,12,Ganj Mandi,0,2021-03-22
2021,13,Ganj Mandi,0,2021-03-29
2021,14,Ganj Mandi,0,2021-04-05
2021,15,Ganj Mandi,0,2021-04-12
2021,16,Ganj Mandi,0,2021-04-19
2021,17,Ganj Mandi,0,2021-04-26
2021,18,Ganj Mandi,0,2021-05-03
2021,19,Ganj Mandi,0,2021-05-10
2021,20,Ganj Mandi,0,2021-05-17
2021,21,Ganj Mandi,0,2021-05-24
2021,22,Ganj Mandi,0,2021-05-31
2021,23,Ganj Mandi,0,2021-06-07
2021,24,Ganj Mandi,0,2021-06-14
2021,25,Ganj Mandi,0,2021-06-21
2021,26,Ganj Mandi,0,2021-06-28
2021,27,Ganj Mandi,0,2021-07-05
2021,28,Ganj Mandi,0,2021-07-12
2021,29,Ganj Mandi,0,2021-07-19
2021,30,Ganj Mandi,0,2021-07-26
2021,31,Ganj Mandi,0,2021-08-02
2021,32,Ganj Mandi,0,2021-08-09
2021,33,Ganj Mandi,0,2021-08-16
2021,34,Ganj Mandi,0,2021-08-23
2021,35,Ganj Mandi,0,2021-08-30
2021,36,Ganj Mandi,0,2021-09-06
2021,37,Ganj Mandi,0,2021-09-13
2021,38,Ganj Mandi,0,2021-09-20
2021,39,Ganj Mandi,0,2021-09-27
2021,40,Ganj Mandi,0,2021-10-04
2021,41,Ganj Mandi,0,2021-10-11
2021,42,Ganj Mandi,0,2021-10-18
2021,43,Ganj Mandi,0,2021-10-25
2021,44,Ganj Mandi,0,2021-11-01
2021,45,Ganj Mandi,0,2021-11-08
2021,46,Ganj Mandi,0,2021-11-15
2021,47,Ganj Mandi,0,2021-11-22
2021,48,Ganj Mandi,0,2021-11-29
2021,49,Ganj Mandi,0,2021-12-06
2021,50,Ganj Mandi,0,2021-12-13
2021,51,Ganj Mandi,0,2021-12-20
2021,52,Ganj Mandi,0,2021-12-27
2022,1,Ganj Mandi,0,2022-01-03
2022,2,Ganj Mandi,0,2022-01-10
2022,3,Ganj Mandi,0,2022-01-17
2022,4,Ganj Mandi,0,2022-01-24
2022,5,Ganj Mandi,0,2022-01-31
2022,6,Ganj Mandi,0,2022-02-07
2022,7,Ganj Mandi,0,2022-02-14
2022,8,Ganj Mandi,0,2022-02-21
2022,9,Ganj Mandi,0,2022-02-28
2022,10,Ganj Mandi,0,2022-03-07
2022,11,Ganj Mandi,0,2022-03-14
2022,12,Ganj Mandi,0,2022-03-21
2022,13,Ganj Mandi,0,2022-03-28
2022,14,Ganj Mandi,0,2022-04-04
2022,15,Ganj Mandi,0,2022-04-11
2022,16,Ganj Mandi,0,2022-04-18
2022,17,Ganj Mandi,0,2022-04-25
2022,18,Ganj Mandi,0,2022-05-02
2022,19,Ganj Mandi,0,2022-05-09
2022,20,Ganj Mandi,0,2022-05-16
2022,21,Ganj Mandi,0,2022-05-23
2022,22,Ganj Mandi,0,2022-05-30
2022,23,Ganj Mandi,0,2022-06-06
2022,24,Ganj Mandi,0,2022-06-13
2022,25,Ganj Mandi,0,2022-06-20
2022,26,Ganj Mandi,0,2022-06-27
2022,27,Ganj Mandi,0,2022-07-04
2022,28,Ganj Mandi,0,2022-07-11
2022,29,Ganj Mandi,0,2022-07-18
2022,30,Ganj Mandi,0,2022-07-25
2022,31,Ganj Mandi,0,2022-08-01
2022,32,Ganj Mandi,0,2022-08-08
2022,33,Ganj Mandi,0,2022-08-15
2022,34,Ganj Mandi,0,2022-08-22
2022,35,Ganj Mandi,0,2022-08-29
2022,36,Ganj Mandi,0,2022-09-05
2022,37,Ganj Mandi,0,2022-09-12
2022,38,Ganj Mandi,0,2022-09-19
2022,39,Ganj Mandi,0,2022-09-26
2022,40,Ganj Mandi,0,2022-10-03
2022,41,Ganj Mandi,0,2022-10-10
2022,42,Ganj Mandi,0,2022-10-17
2022,43,Ganj Mandi,0,2022-10-24
2022,44,Ganj Mandi,0,2022-10-31
2022,45,Ganj Mandi,0,2022-11-07
2022,46,Ganj Mandi,0,2022-11-14
2022,47,Ganj Mandi,0,2022-11-21
2022,48,Ganj Mandi,0,2022-11-28
2022,49,Ganj Mandi,0,2022-12-05
2022,50,Ganj Mandi,0,2022-12-12
2022,51,Ganj Mandi,0,2022-12-19
2022,52,Ganj Mandi,0,2022-12-26
2023,1,Ganj Mandi,0,2023-01-02
2023,2,Ganj Mandi,0,2023-01-09
2023,3,Ganj Mandi,0,2023-01-16
2023,4,Ganj Mandi,0,2023-01-23
2023,5,Ganj Mandi,0,2023-01-30
2023,6,Ganj Mandi,0,2023-02-06
2023,7,Ganj Mandi,0,2023-02-13
2023,8,Ganj Mandi,0,2023-02-20
2023,9,Ganj Mandi,0,2023-02-27
2023,10,Ganj Mandi,0,2023-03-06
2023,11,Ganj Mandi,0,2023-03-13
2023,12,Ganj Mandi,0,2023-03-20
2023,13,Ganj Mandi,0,2023-03-27
2023,14,Ganj Mandi,0,2023-04-03
2023,15,Ganj Mandi,0,2023-04-10
2023,16,Ganj Mandi,0,2023-04-17
2023,17,Ganj Mandi,0,2023-04-24
2023,18,Ganj Mandi,0,2023-05-01
2023,19,Ganj Mandi,0,2023-05-08
2023,20,Ganj Mandi,0,2023-05-15
2023,21,Ganj Mandi,0,2023-05-22
2023,22,Ganj Mandi,0,2023-05-29
2023,23,Ganj Mandi,0,2023-06-05
2023,24,Ganj Mandi,0,2023-06-12
2023,25,Ganj Mandi,0,2023-06-19
2023,26,Ganj Mandi,0,2023-06-26
2023,27,Ganj Mandi,0,2023-07-03
2023,28,Ganj Mandi,0,2023-07-10
2023,29,Ganj Mandi,0,2023-07-17
2023,30,Ganj Mandi,0,2023-07-24
2023,31,Ganj Mandi,0,2023-07-31
2023,32,Ganj Mandi,0,2023-08-07
2023,33,Ganj Mandi,0,2023-08-14
2023,34,Ganj Mandi,0,2023-08-21
2023,35,Ganj Mandi,0,2023-08-28
2023,36,Ganj Mandi,0,2023-09-04
2023,37,Ganj Mandi,0,2023-09-11
2023,38,Ganj Mandi,0,2023-09-18
2023,39,Ganj Mandi,0,2023-09-25
2023,40,Ganj Mandi,0,2023-10-02
2023,41,Ganj Mandi,0,2023-10-09
2023,42,Ganj Mandi,0,2023-10-16
2023,43,Ganj Mandi,0,2023-10-23
2023,44,Ganj Mandi,0,2023-10-30
2023,45,Ganj Mandi,0,2023-11-06
2023,46,Ganj Mandi,0,2023-11-13
2023,47,Ganj Mandi,0,2023-11-20
2023,48,Ganj Mandi,0,2023-11-27
2023,49,Ganj Mandi,0,2023-12-04
2023,50,Ganj Mandi,0,2023-12-11
2023,51,Ganj Mandi,0,2023-12-18
2023,52,Ganj Mandi,0,2023-12-25
2024,1,Ganj Mandi,0,2024-01-01
2024,2,Ganj Mandi,0,2024-01-08
2024,3,Ganj Mandi,0,2024-01-15
2024,4,Ganj Mandi,0,2024-01-22
2024,5,Ganj Mandi,0,2024-01-29
2024,6,Ganj Mandi,0,2024-02-05
2024,7,Ganj Mandi,0,2024-02-12
2024,8,Ganj Mandi,0,2024-02-19
2024,9,Ganj Mandi,0,2024-02-26
2024,10,Ganj Mandi,0,2024-03-04
2024,11,Ganj Mandi,0,2024-03-11
2024,12,Ganj Mandi,0,2024-03-18
2024,13,Ganj Mandi,0,2024-03-25
2024,14,Ganj Mandi,0,2024-04-01
2024,15,Ganj Mandi,0,2024-04-08
2024,16,Ganj Mandi,0,2024-04-15
2024,17,Ganj Mandi,0,2024-04-22
2024,18,Ganj Mandi,0,2024-04-29
2024,19,Ganj Mandi,0,2024-05-06
2024,20,Ganj Mandi,0,2024-05-13
2024,21,Ganj Mandi,0,2024-05-20
2024,22,Ganj Mandi,0,2024-05-27
2024,23,Ganj Mandi,0,2024-06-03
2024,24,Ganj Mandi,0,2024-06-10
2024,25,Ganj Mandi,0,2024-06-17
2024,26,Ganj Mandi,0,2024-06-24
2024,27,Ganj Mandi,0,2024-07-01
2024,28,Ganj Mandi,0,2024-07-08
2024,29,Ganj Mandi,0,2024-07-15
2024,30,Ganj Mandi,0,2024-07-22
2024,31,Ganj Mandi,0,2024-07-29
2024,32,Ganj Mandi,0,2024-08-05
2024,33,Ganj Mandi,0,2024-08-12
2024,34,Ganj Mandi,0,2024-08-19
2024,35,Ganj Mandi,0,2024-08-26
2024,36,Ganj Mandi,1,2024-09-02
2024,37,Ganj Mandi,0,2024-09-09
2024,38,Ganj Mandi,0,2024-09-16
2024,39,Ganj Mandi,0,2024-09-23
2024,40,Ganj Mandi,0,2024-09-30
2024,41,Ganj Mandi,0,2024-10-07
2024,42,Ganj Mandi,0,2024-10-14
2024,43,Ganj Mandi,0,2024-10-21
2024,44,Ganj Mandi,0,2024-10-28
2024,45,Ganj Mandi,0,2024-11-04
2024,46,Ganj Mandi,0,2024-11-11
2024,47,Ganj Mandi,0,2024-11-18
2024,48,Ganj Mandi,0,2024-11-25
2024,49,Ganj Mandi,0,2024-12-02
2024,50,Ganj Mandi,0,2024-12-09
2024,51,Ganj Mandi,0,2024-12-16
2024,52,Ganj Mandi,0,2024-12-23
2021,1,Gawal Mandi,0,2021-01-04
2021,2,Gawal Mandi,0,2021-01-11
2021,3,Gawal Mandi,0,2021-01-18
2021,4,Gawal Mandi,0,2021-01-25
2021,5,Gawal Mandi,0,2021-02-01
2021,6,Gawal Mandi,0,2021-02-08
2021,7,Gawal Mandi,0,2021-02-15
2021,8,Gawal Mandi,0,2021-02-22
2021,9,Gawal Mandi,0,2021-03-01
2021,10,Gawal Mandi,0,2021-03-08
2021,11,Gawal Mandi,0,2021-03-15
2021,12,Gawal Mandi,0,2021-03-22
2021,13,Gawal Mandi,0,2021-03-29
2021,14,Gawal Mandi,0,2021-04-05
2021,15,Gawal Mandi,0,2021-04-12
2021,16,Gawal Mandi,0,2021-04-19
2021,17,Gawal Mandi,0,2021-04-26
2021,18,Gawal Mandi,0,2021-05-03
2021,19,Gawal Mandi,0,2021-05-10
2021,20,Gawal Mandi,0,2021-05-17
2021,21,Gawal Mandi,0,2021-05-24
2021,22,Gawal Mandi,0,2021-05-31
2021,23,Gawal Mandi,0,2021-06-07
2021,24,Gawal Mandi,0,2021-06-14
2021,25,Gawal Mandi,0,2021-06-21
2021,26,Gawal Mandi,0,2021-06-28
2021,27,Gawal Mandi,0,2021-07-05
2021,28,Gawal Mandi,0,2021-07-12
2021,29,Gawal Mandi,0,2021-07-19
2021,30,Gawal Mandi,0,2021-07-26
2021,31,Gawal Mandi,0,2021-08-02
2021,32,Gawal Mandi,0,2021-08-09
2021,33,Gawal Mandi,0,2021-08-16
2021,34,Gawal Mandi,0,2021-08-23
2021,35,Gawal Mandi,0,2021-08-30
2021,36,Gawal Mandi,0,2021-09-06
2021,37,Gawal Mandi,0,2021-09-13
2021,38,Gawal Mandi,0,2021-09-20
2021,39,Gawal Mandi,0,2021-09-27
2021,40,Gawal Mandi,0,2021-10-04
2021,41,Gawal Mandi,0,2021-10-11
2021,42,Gawal Mandi,0,2021-10-18
2021,43,Gawal Mandi,1,2021-10-25
2021,44,Gawal Mandi,2,2021-11-01
2021,45,Gawal Mandi,0,2021-11-08
2021,46,Gawal Mandi,0,2021-11-15
2021,47,Gawal Mandi,1,2021-11-22
2021,48,Gawal Mandi,0,2021-11-29
2021,49,Gawal Mandi,0,2021-12-06
2021,50,Gawal Mandi,0,2021-12-13
2021,51,Gawal Mandi,0,2021-12-20
2021,52,Gawal Mandi,0,2021-12-27
2022,1,Gawal Mandi,0,2022-01-03
2022,2,Gawal Mandi,0,2022-01-10
2022,3,Gawal Mandi,0,2022-01-17
2022,4,Gawal Mandi,0,2022-01-24
2022,5,Gawal Mandi,0,2022-01-31
2022,6,Gawal Mandi,0,2022-02-07
2022,7,Gawal Mandi,0,2022-02-14
2022,8,Gawal Mandi,0,2022-02-21
2022,9,Gawal Mandi,0,2022-02-28
2022,10,Gawal Mandi,0,2022-03-07
2022,11,Gawal Mandi,0,2022-03-14
2022,12,Gawal Mandi,0,2022-03-21
2022,13,Gawal Mandi,0,2022-03-28
2022,14,Gawal Mandi,0,2022-04-04
2022,15,Gawal Mandi,0,2022-04-11
2022,16,Gawal Mandi,0,2022-04-18
2022,17,Gawal Mandi,0,2022-04-25
2022,18,Gawal Mandi,0,2022-05-02
2022,19,Gawal Mandi,0,2022-05-09
2022,20,Gawal Mandi,0,2022-05-16
2022,21,Gawal Mandi,0,2022-05-23
2022,22,Gawal Mandi,0,2022-05-30
2022,23,Gawal Mandi,0,2022-06-06
2022,24,Gawal Mandi,0,2022-06-13
2022,25,Gawal Mandi,0,2022-06-20
2022,26,Gawal Mandi,0,2022-06-27
2022,27,Gawal Mandi,0,2022-07-04
2022,28,Gawal Mandi,0,2022-07-11
2022,29,Gawal Mandi,0,2022-07-18
2022,30,Gawal Mandi,0,2022-07-25
2022,31,Gawal Mandi,0,2022-08-01
2022,32,Gawal Mandi,0,2022-08-08
2022,33,Gawal Mandi,0,2022-08-15
2022,34,Gawal Mandi,0,2022-08-22
2022,35,Gawal Mandi,0,2022-08-29
2022,36,Gawal Mandi,0,2022-09-05
2022,37,Gawal Mandi,1,2022-09-12
2022,38,Gawal Mandi,0,2022-09-19
2022,39,Gawal Mandi,0,2022-09-26
2022,40,Gawal Mandi,3,2022-10-03
2022,41,Gawal Mandi,0,2022-10-10
2022,42,Gawal Mandi,0,2022-10-17
2022,43,Gawal Mandi,0,2022-10-24
2022,44,Gawal Mandi,1,2022-10-31
2022,45,Gawal Mandi,1,2022-11-07
2022,46,Gawal Mandi,0,2022-11-14
2022,47,Gawal Mandi,0,2022-11-21
2022,48,Gawal Mandi,0,2022-11-28
2022,49,Gawal Mandi,0,2022-12-05
2022,50,Gawal Mandi,0,2022-12-12
2022,51,Gawal Mandi,0,2022-12-19
2022,52,Gawal Mandi,0,2022-12-26
2023,1,Gawal Mandi,0,2023-01-02
2023,2,Gawal Mandi,0,2023-01-09
2023,3,Gawal Mandi,0,2023-01-16
2023,4,Gawal Mandi,0,2023-01-23
2023,5,Gawal Mandi,0,2023-01-30
2023,6,Gawal Mandi,0,2023-02-06
2023,7,Gawal Mandi,0,2023-02-13
2023,8,Gawal Mandi,0,2023-02-20
2023,9,Gawal Mandi,0,2023-02-27
2023,10,Gawal Mandi,0,2023-03-06
2023,11,Gawal Mandi,0,2023-03-13
2023,12,Gawal Mandi,0,2023-03-20
2023,13,Gawal Mandi,0,2023-03-27
2023,14,Gawal Mandi,0,2023-04-03
2023,15,Gawal Mandi,0,2023-04-10
2023,16,Gawal Mandi,0,2023-04-17
2023,17,Gawal Mandi,0,2023-04-24
2023,18,Gawal Mandi,0,2023-05-01
2023,19,Gawal Mandi,0,2023-05-08
2023,20,Gawal Mandi,0,2023-05-15
2023,21,Gawal Mandi,0,2023-05-22
2023,22,Gawal Mandi,0,2023-05-29
2023,23,Gawal Mandi,0,2023-06-05
2023,24,Gawal Mandi,0,2023-06-12
2023,25,Gawal Mandi,0,2023-06-19
2023,26,Gawal Mandi,0,2023-06-26
2023,27,Gawal Mandi,0,2023-07-03
2023,28,Gawal Mandi,0,2023-07-10
2023,29,Gawal Mandi,0,2023-07-17
2023,30,Gawal Mandi,0,2023-07-24
2023,31,Gawal Mandi,0,2023-07-31
2023,32,Gawal Mandi,0,2023-08-07
2023,33,Gawal Mandi,0,2023-08-14
2023,34,Gawal Mandi,0,2023-08-21
2023,35,Gawal Mandi,0,2023-08-28
2023,36,Gawal Mandi,0,2023-09-04
2023,37,Gawal Mandi,0,2023-09-11
2023,38,Gawal Mandi,0,2023-09-18
2023,39,Gawal Mandi,0,2023-09-25
2023,40,Gawal Mandi,0,2023-10-02
2023,41,Gawal Mandi,0,2023-10-09
2023,42,Gawal Mandi,0,2023-10-16
2023,43,Gawal Mandi,0,2023-10-23
2023,44,Gawal Mandi,0,2023-10-30
2023,45,Gawal Mandi,0,2023-11-06
2023,46,Gawal Mandi,0,2023-11-13
2023,47,Gawal Mandi,0,2023-11-20
2023,48,Gawal Mandi,0,2023-11-27
2023,49,Gawal Mandi,0,2023-12-04
2023,50,Gawal Mandi,0,2023-12-11
2023,51,Gawal Mandi,0,2023-12-18
2023,52,Gawal Mandi,0,2023-12-25
2024,1,Gawal Mandi,0,2024-01-01
2024,2,Gawal Mandi,0,2024-01-08
2024,3,Gawal Mandi,0,2024-01-15
2024,4,Gawal Mandi,0,2024-01-22
2024,5,Gawal Mandi,0,2024-01-29
2024,6,Gawal Mandi,0,2024-02-05
2024,7,Gawal Mandi,0,2024-02-12
2024,8,Gawal Mandi,0,2024-02-19
2024,9,Gawal Mandi,0,2024-02-26
2024,10,Gawal Mandi,0,2024-03-04
2024,11,Gawal Mandi,0,2024-03-11
2024,12,Gawal Mandi,0,2024-03-18
2024,13,Gawal Mandi,0,2024-03-25
2024,14,Gawal Mandi,0,2024-04-01
2024,15,Gawal Mandi,0,2024-04-08
2024,16,Gawal Mandi,0,2024-04-15
2024,17,Gawal Mandi,0,2024-04-22
2024,18,Gawal Mandi,0,2024-04-29
2024,19,Gawal Mandi,0,2024-05-06
2024,20,Gawal Mandi,0,2024-05-13
2024,21,Gawal Mandi,0,2024-05-20
2024,22,Gawal Mandi,0,2024-05-27
2024,23,Gawal Mandi,0,2024-06-03
2024,24,Gawal Mandi,0,2024-06-10
2024,25,Gawal Mandi,0,2024-06-17
2024,26,Gawal Mandi,0,2024-06-24
2024,27,Gawal Mandi,0,2024-07-01
2024,28,Gawal Mandi,0,2024-07-08
2024,29,Gawal Mandi,0,2024-07-15
2024,30,Gawal Mandi,0,2024-07-22
2024,31,Gawal Mandi,0,2024-07-29
2024,32,Gawal Mandi,0,2024-08-05
2024,33,Gawal Mandi,0,2024-08-12
2024,34,Gawal Mandi,0,2024-08-19
2024,35,Gawal Mandi,0,2024-08-26
2024,36,Gawal Mandi,0,2024-09-02
2024,37,Gawal Mandi,0,2024-09-09
2024,38,Gawal Mandi,0,2024-09-16
2024,39,Gawal Mandi,1,2024-09-23
2024,40,Gawal Mandi,0,2024-09-30
2024,41,Gawal Mandi,1,2024-10-07
2024,42,Gawal Mandi,0,2024-10-14
2024,43,Gawal Mandi,1,2024-10-21
2024,44,Gawal Mandi,4,2024-10-28
2024,45,Gawal Mandi,0,2024-11-04
2024,46,Gawal Mandi,0,2024-11-11
2024,47,Gawal Mandi,0,2024-11-18
2024,48,Gawal Mandi,0,2024-11-25
2024,49,Gawal Mandi,0,2024-12-02
2024,50,Gawal Mandi,0,2024-12-09
2024,51,Gawal Mandi,0,2024-12-16
2024,52,Gawal Mandi,0,2024-12-23
2021,1,Gulistan Colony,0,2021-01-04
2021,2,Gulistan Colony,0,2021-01-11
2021,3,Gulistan Colony,0,2021-01-18
2021,4,Gulistan Colony,0,2021-01-25
2021,5,Gulistan Colony,0,2021-02-01
2021,6,Gulistan Colony,0,2021-02-08
2021,7,Gulistan Colony,0,2021-02-15
2021,8,Gulistan Colony,0,2021-02-22
2021,9,Gulistan Colony,0,2021-03-01
2021,10,Gulistan Colony,0,2021-03-08
2021,11,Gulistan Colony,0,2021-03-15
2021,12,Gulistan Colony,0,2021-03-22
2021,13,Gulistan Colony,0,2021-03-29
2021,14,Gulistan Colony,0,2021-04-05
2021,15,Gulistan Colony,0,2021-04-12
2021,16,Gulistan Colony,0,2021-04-19
2021,17,Gulistan Colony,0,2021-04-26
2021,18,Gulistan Colony,0,2021-05-03
2021,19,Gulistan Colony,0,2021-05-10
2021,20,Gulistan Colony,0,2021-05-17
2021,21,Gulistan Colony,0,2021-05-24
2021,22,Gulistan Colony,0,2021-05-31
2021,23,Gulistan Colony,0,2021-06-07
2021,24,Gulistan Colony,0,2021-06-14
2021,25,Gulistan Colony,0,2021-06-21
2021,26,Gulistan Colony,0,2021-06-28
2021,27,Gulistan Colony,0,2021-07-05
2021,28,Gulistan Colony,0,2021-07-12
2021,29,Gulistan Colony,0,2021-07-19
2021,30,Gulistan Colony,0,2021-07-26
2021,31,Gulistan Colony,0,2021-08-02
2021,32,Gulistan Colony,0,2021-08-09
2021,33,Gulistan Colony,1,2021-08-16
2021,34,Gulistan Colony,0,2021-08-23
2021,35,Gulistan Colony,0,2021-08-30
2021,36,Gulistan Colony,0,2021-09-06
2021,37,Gulistan Colony,0,2021-09-13
2021,38,Gulistan Colony,0,2021-09-20
2021,39,Gulistan Colony,1,2021-09-27
2021,40,Gulistan Colony,1,2021-10-04
2021,41,Gulistan Colony,4,2021-10-11
2021,42,Gulistan Colony,4,2021-10-18
2021,43,Gulistan Colony,7,2021-10-25
2021,44,Gulistan Colony,8,2021-11-01
2021,45,Gulistan Colony,3,2021-11-08
2021,46,Gulistan Colony,2,2021-11-15
2021,47,Gulistan Colony,0,2021-11-22
2021,48,Gulistan Colony,0,2021-11-29
2021,49,Gulistan Colony,0,2021-12-06
2021,50,Gulistan Colony,1,2021-12-13
2021,51,Gulistan Colony,0,2021-12-20
2021,52,Gulistan Colony,0,2021-12-27
2022,1,Gulistan Colony,0,2022-01-03
2022,2,Gulistan Colony,0,2022-01-10
2022,3,Gulistan Colony,0,2022-01-17
2022,4,Gulistan Colony,0,2022-01-24
2022,5,Gulistan Colony,0,2022-01-31
2022,6,Gulistan Colony,0,2022-02-07
2022,7,Gulistan Colony,0,2022-02-14
2022,8,Gulistan Colony,0,2022-02-21
2022,9,Gulistan Colony,0,2022-02-28
2022,10,Gulistan Colony,0,2022-03-07
2022,11,Gulistan Colony,0,2022-03-14
2022,12,Gulistan Colony,0,2022-03-21
2022,13,Gulistan Colony,0,2022-03-28
2022,14,Gulistan Colony,0,2022-04-04
2022,15,Gulistan Colony,0,2022-04-11
2022,16,Gulistan Colony,0,2022-04-18
2022,17,Gulistan Colony,0,2022-04-25
2022,18,Gulistan Colony,1,2022-05-02
2022,19,Gulistan Colony,0,2022-05-09
2022,20,Gulistan Colony,0,2022-05-16
2022,21,Gulistan Colony,0,2022-05-23
2022,22,Gulistan Colony,0,2022-05-30
2022,23,Gulistan Colony,0,2022-06-06
2022,24,Gulistan Colony,0,2022-06-13
2022,25,Gulistan Colony,0,2022-06-20
2022,26,Gulistan Colony,0,2022-06-27
2022,27,Gulistan Colony,0,2022-07-04
2022,28,Gulistan Colony,0,2022-07-11
2022,29,Gulistan Colony,0,2022-07-18
2022,30,Gulistan Colony,0,2022-07-25
2022,31,Gulistan Colony,0,2022-08-01
2022,32,Gulistan Colony,0,2022-08-08
2022,33,Gulistan Colony,2,2022-08-15
2022,34,Gulistan Colony,2,2022-08-22
2022,35,Gulistan Colony,1,2022-08-29
2022,36,Gulistan Colony,2,2022-09-05
2022,37,Gulistan Colony,7,2022-09-12
2022,38,Gulistan Colony,14,2022-09-19
2022,39,Gulistan Colony,20,2022-09-26
2022,40,Gulistan Colony,12,2022-10-03
2022,41,Gulistan Colony,24,2022-10-10
2022,42,Gulistan Colony,15,2022-10-17
2022,43,Gulistan Colony,5,2022-10-24
2022,44,Gulistan Colony,5,2022-10-31
2022,45,Gulistan Colony,10,2022-11-07
2022,46,Gulistan Colony,2,2022-11-14
2022,47,Gulistan Colony,0,2022-11-21
2022,48,Gulistan Colony,0,2022-11-28
2022,49,Gulistan Colony,1,2022-12-05
2022,50,Gulistan Colony,0,2022-12-12
2022,51,Gulistan Colony,0,2022-12-19
2022,52,Gulistan Colony,0,2022-12-26
2023,1,Gulistan Colony,0,2023-01-02
2023,2,Gulistan Colony,0,2023-01-09
2023,3,Gulistan Colony,0,2023-01-16
2023,4,Gulistan Colony,0,2023-01-23
2023,5,Gulistan Colony,0,2023-01-30
2023,6,Gulistan Colony,0,2023-02-06
2023,7,Gulistan Colony,0,2023-02-13
2023,8,Gulistan Colony,0,2023-02-20
2023,9,Gulistan Colony,0,2023-02-27
2023,10,Gulistan Colony,0,2023-03-06
2023,11,Gulistan Colony,0,2023-03-13
2023,12,Gulistan Colony,0,2023-03-20
2023,13,Gulistan Colony,0,2023-03-27
2023,14,Gulistan Colony,0,2023-04-03
2023,15,Gulistan Colony,0,2023-04-10
2023,16,Gulistan Colony,0,2023-04-17
2023,17,Gulistan Colony,0,2023-04-24
2023,18,Gulistan Colony,0,2023-05-01
2023,19,Gulistan Colony,0,2023-05-08
2023,20,Gulistan Colony,0,2023-05-15
2023,21,Gulistan Colony,0,2023-05-22
2023,22,Gulistan Colony,0,2023-05-29
2023,23,Gulistan Colony,0,2023-06-05
2023,24,Gulistan Colony,0,2023-06-12
2023,25,Gulistan Colony,0,2023-06-19
2023,26,Gulistan Colony,0,2023-06-26
2023,27,Gulistan Colony,1,2023-07-03
2023,28,Gulistan Colony,1,2023-07-10
2023,29,Gulistan Colony,1,2023-07-17
2023,30,Gulistan Colony,1,2023-07-24
2023,31,Gulistan Colony,1,2023-07-31
2023,32,Gulistan Colony,5,2023-08-07
2023,33,Gulistan Colony,5,2023-08-14
2023,34,Gulistan Colony,7,2023-08-21
2023,35,Gulistan Colony,7,2023-08-28
2023,36,Gulistan Colony,21,2023-09-04
2023,37,Gulistan Colony,37,2023-09-11
2023,38,Gulistan Colony,37,2023-09-18
2023,39,Gulistan Colony,28,2023-09-25
2023,40,Gulistan Colony,25,2023-10-02
2023,41,Gulistan Colony,13,2023-10-09
2023,42,Gulistan Colony,10,2023-10-16
2023,43,Gulistan Colony,7,2023-10-23
2023,44,Gulistan Colony,8,2023-10-30
2023,45,Gulistan Colony,5,2023-11-06
2023,46,Gulistan Colony,2,2023-11-13
2023,47,Gulistan Colony,2,2023-11-20
2023,48,Gulistan Colony,2,2023-11-27
2023,49,Gulistan Colony,0,2023-12-04
2023,50,Gulistan Colony,0,2023-12-11
2023,51,Gulistan Colony,0,2023-12-18
2023,52,Gulistan Colony,0,2023-12-25
2024,1,Gulistan Colony,0,2024-01-01
2024,2,Gulistan Colony,0,2024-01-08
2024,3,Gulistan Colony,0,2024-01-15
2024,4,Gulistan Colony,0,2024-01-22
2024,5,Gulistan Colony,0,2024-01-29
2024,6,Gulistan Colony,0,2024-02-05
2024,7,Gulistan Colony,0,2024-02-12
2024,8,Gulistan Colony,0,2024-02-19
2024,9,Gulistan Colony,0,2024-02-26
2024,10,Gulistan Colony,0,2024-03-04
2024,11,Gulistan Colony,0,2024-03-11
2024,12,Gulistan Colony,0,2024-03-18
2024,13,Gulistan Colony,0,2024-03-25
2024,14,Gulistan Colony,0,2024-04-01
2024,15,Gulistan Colony,0,2024-04-08
2024,16,Gulistan Colony,0,2024-04-15
2024,17,Gulistan Colony,0,2024-04-22
2024,18,Gulistan Colony,0,2024-04-29
2024,19,Gulistan Colony,0,2024-05-06
2024,20,Gulistan Colony,0,2024-05-13
2024,21,Gulistan Colony,0,2024-05-20
2024,22,Gulistan Colony,0,2024-05-27
2024,23,Gulistan Colony,0,2024-06-03
2024,24,Gulistan Colony,0,2024-06-10
2024,25,Gulistan Colony,0,2024-06-17
2024,26,Gulistan Colony,0,2024-06-24
2024,27,Gulistan Colony,0,2024-07-01
2024,28,Gulistan Colony,0,2024-07-08
2024,29,Gulistan Colony,0,2024-07-15
2024,30,Gulistan Colony,0,2024-07-22
2024,31,Gulistan Colony,0,2024-07-29
2024,32,Gulistan Colony,1,2024-08-05
2024,33,Gulistan Colony,2,2024-08-12
2024,34,Gulistan Colony,0,2024-08-19
2024,35,Gulistan Colony,0,2024-08-26
2024,36,Gulistan Colony,4,2024-09-02
2024,37,Gulistan Colony,9,2024-09-09
2024,38,Gulistan Colony,28,2024-09-16
2024,39,Gulistan Colony,23,2024-09-23
2024,40,Gulistan Colony,47,2024-09-30
2024,41,Gulistan Colony,45,2024-10-07
2024,42,Gulistan Colony,31,2024-10-14
2024,43,Gulistan Colony,25,2024-10-21
2024,44,Gulistan Colony,30,2024-10-28
2024,45,Gulistan Colony,21,2024-11-04
2024,46,Gulistan Colony,18,2024-11-11
2024,47,Gulistan Colony,3,2024-11-18
2024,48,Gulistan Colony,0,2024-11-25
2024,49,Gulistan Colony,1,2024-12-02
2024,50,Gulistan Colony,1,2024-12-09
2024,51,Gulistan Colony,0,2024-12-16
2024,52,Gulistan Colony,0,2024-12-23
2021,1,HAZARA COLONY,0,2021-01-04
2021,2,HAZARA COLONY,0,2021-01-11
2021,3,HAZARA COLONY,0,2021-01-18
2021,4,HAZARA COLONY,0,2021-01-25
2021,5,HAZARA COLONY,0,2021-02-01
2021,6,HAZARA COLONY,0,2021-02-08
2021,7,HAZARA COLONY,0,2021-02-15
2021,8,HAZARA COLONY,0,2021-02-22
2021,9,HAZARA COLONY,0,2021-03-01
2021,10,HAZARA COLONY,0,2021-03-08
2021,11,HAZARA COLONY,0,2021-03-15
2021,12,HAZARA COLONY,0,2021-03-22
2021,13,HAZARA COLONY,0,2021-03-29
2021,14,HAZARA COLONY,0,2021-04-05
2021,15,HAZARA COLONY,0,2021-04-12
2021,16,HAZARA COLONY,0,2021-04-19
2021,17,HAZARA COLONY,0,2021-04-26
2021,18,HAZARA COLONY,0,2021-05-03
2021,19,HAZARA COLONY,0,2021-05-10
2021,20,HAZARA COLONY,0,2021-05-17
2021,21,HAZARA COLONY,0,2021-05-24
2021,22,HAZARA COLONY,0,2021-05-31
2021,23,HAZARA COLONY,0,2021-06-07
2021,24,HAZARA COLONY,0,2021-06-14
2021,25,HAZARA COLONY,0,2021-06-21
2021,26,HAZARA COLONY,0,2021-06-28
2021,27,HAZARA COLONY,0,2021-07-05
2021,28,HAZARA COLONY,0,2021-07-12
2021,29,HAZARA COLONY,0,2021-07-19
2021,30,HAZARA COLONY,0,2021-07-26
2021,31,HAZARA COLONY,0,2021-08-02
2021,32,HAZARA COLONY,0,2021-08-09
2021,33,HAZARA COLONY,0,2021-08-16
2021,34,HAZARA COLONY,0,2021-08-23
2021,35,HAZARA COLONY,0,2021-08-30
2021,36,HAZARA COLONY,0,2021-09-06
2021,37,HAZARA COLONY,0,2021-09-13
2021,38,HAZARA COLONY,0,2021-09-20
2021,39,HAZARA COLONY,0,2021-09-27
2021,40,HAZARA COLONY,0,2021-10-04
2021,41,HAZARA COLONY,0,2021-10-11
2021,42,HAZARA COLONY,0,2021-10-18
2021,43,HAZARA COLONY,0,2021-10-25
2021,44,HAZARA COLONY,0,2021-11-01
2021,45,HAZARA COLONY,0,2021-11-08
2021,46,HAZARA COLONY,0,2021-11-15
2021,47,HAZARA COLONY,0,2021-11-22
2021,48,HAZARA COLONY,0,2021-11-29
2021,49,HAZARA COLONY,0,2021-12-06
2021,50,HAZARA COLONY,0,2021-12-13
2021,51,HAZARA COLONY,0,2021-12-20
2021,52,HAZARA COLONY,0,2021-12-27
2022,1,HAZARA COLONY,0,2022-01-03
2022,2,HAZARA COLONY,0,2022-01-10
2022,3,HAZARA COLONY,0,2022-01-17
2022,4,HAZARA COLONY,0,2022-01-24
2022,5,HAZARA COLONY,0,2022-01-31
2022,6,HAZARA COLONY,0,2022-02-07
2022,7,HAZARA COLONY,0,2022-02-14
2022,8,HAZARA COLONY,0,2022-02-21
2022,9,HAZARA COLONY,0,2022-02-28
2022,10,HAZARA COLONY,0,2022-03-07
2022,11,HAZARA COLONY,0,2022-03-14
2022,12,HAZARA COLONY,0,2022-03-21
2022,13,HAZARA COLONY,0,2022-03-28
2022,14,HAZARA COLONY,0,2022-04-04
2022,15,HAZARA COLONY,0,2022-04-11
2022,16,HAZARA COLONY,0,2022-04-18
2022,17,HAZARA COLONY,0,2022-04-25
2022,18,HAZARA COLONY,0,2022-05-02
2022,19,HAZARA COLONY,0,2022-05-09
2022,20,HAZARA COLONY,0,2022-05-16
2022,21,HAZARA COLONY,0,2022-05-23
2022,22,HAZARA COLONY,0,2022-05-30
2022,23,HAZARA COLONY,0,2022-06-06
2022,24,HAZARA COLONY,0,2022-06-13
2022,25,HAZARA COLONY,0,2022-06-20
2022,26,HAZARA COLONY,0,2022-06-27
2022,27,HAZARA COLONY,0,2022-07-04
2022,28,HAZARA COLONY,0,2022-07-11
2022,29,HAZARA COLONY,0,2022-07-18
2022,30,HAZARA COLONY,0,2022-07-25
2022,31,HAZARA COLONY,0,2022-08-01
2022,32,HAZARA COLONY,0,2022-08-08
2022,33,HAZARA COLONY,0,2022-08-15
2022,34,HAZARA COLONY,0,2022-08-22
2022,35,HAZARA COLONY,0,2022-08-29
2022,36,HAZARA COLONY,1,2022-09-05
2022,37,HAZARA COLONY,0,2022-09-12
2022,38,HAZARA COLONY,0,2022-09-19
2022,39,HAZARA COLONY,0,2022-09-26
2022,40,HAZARA COLONY,0,2022-10-03
2022,41,HAZARA COLONY,0,2022-10-10
2022,42,HAZARA COLONY,0,2022-10-17
2022,43,HAZARA COLONY,0,2022-10-24
2022,44,HAZARA COLONY,0,2022-10-31
2022,45,HAZARA COLONY,0,2022-11-07
2022,46,HAZARA COLONY,0,2022-11-14
2022,47,HAZARA COLONY,0,2022-11-21
2022,48,HAZARA COLONY,0,2022-11-28
2022,49,HAZARA COLONY,0,2022-12-05
2022,50,HAZARA COLONY,0,2022-12-12
2022,51,HAZARA COLONY,0,2022-12-19
2022,52,HAZARA COLONY,0,2022-12-26
2023,1,HAZARA COLONY,0,2023-01-02
2023,2,HAZARA COLONY,0,2023-01-09
2023,3,HAZARA COLONY,0,2023-01-16
2023,4,HAZARA COLONY,0,2023-01-23
2023,5,HAZARA COLONY,0,2023-01-30
2023,6,HAZARA COLONY,0,2023-02-06
2023,7,HAZARA COLONY,0,2023-02-13
2023,8,HAZARA COLONY,0,2023-02-20
2023,9,HAZARA COLONY,0,2023-02-27
2023,10,HAZARA COLONY,0,2023-03-06
2023,11,HAZARA COLONY,0,2023-03-13
2023,12,HAZARA COLONY,0,2023-03-20
2023,13,HAZARA COLONY,0,2023-03-27
2023,14,HAZARA COLONY,0,2023-04-03
2023,15,HAZARA COLONY,0,2023-04-10
2023,16,HAZARA COLONY,0,2023-04-17
2023,17,HAZARA COLONY,0,2023-04-24
2023,18,HAZARA COLONY,0,2023-05-01
2023,19,HAZARA COLONY,0,2023-05-08
2023,20,HAZARA COLONY,0,2023-05-15
2023,21,HAZARA COLONY,0,2023-05-22
2023,22,HAZARA COLONY,0,2023-05-29
2023,23,HAZARA COLONY,0,2023-06-05
2023,24,HAZARA COLONY,0,2023-06-12
2023,25,HAZARA COLONY,0,2023-06-19
2023,26,HAZARA COLONY,0,2023-06-26
2023,27,HAZARA COLONY,0,2023-07-03
2023,28,HAZARA COLONY,0,2023-07-10
2023,29,HAZARA COLONY,0,2023-07-17
2023,30,HAZARA COLONY,0,2023-07-24
2023,31,HAZARA COLONY,0,2023-07-31
2023,32,HAZARA COLONY,0,2023-08-07
2023,33,HAZARA COLONY,0,2023-08-14
2023,34,HAZARA COLONY,0,2023-08-21
2023,35,HAZARA COLONY,0,2023-08-28
2023,36,HAZARA COLONY,0,2023-09-04
2023,37,HAZARA COLONY,0,2023-09-11
2023,38,HAZARA COLONY,0,2023-09-18
2023,39,HAZARA COLONY,0,2023-09-25
2023,40,HAZARA COLONY,0,2023-10-02
2023,41,HAZARA COLONY,0,2023-10-09
2023,42,HAZARA COLONY,0,2023-10-16
2023,43,HAZARA COLONY,0,2023-10-23
2023,44,HAZARA COLONY,0,2023-10-30
2023,45,HAZARA COLONY,0,2023-11-06
2023,46,HAZARA COLONY,0,2023-11-13
2023,47,HAZARA COLONY,0,2023-11-20
2023,48,HAZARA COLONY,0,2023-11-27
2023,49,HAZARA COLONY,0,2023-12-04
2023,50,HAZARA COLONY,0,2023-12-11
2023,51,HAZARA COLONY,0,2023-12-18
2023,52,HAZARA COLONY,0,2023-12-25
2024,1,HAZARA COLONY,0,2024-01-01
2024,2,HAZARA COLONY,0,2024-01-08
2024,3,HAZARA COLONY,0,2024-01-15
2024,4,HAZARA COLONY,0,2024-01-22
2024,5,HAZARA COLONY,0,2024-01-29
2024,6,HAZARA COLONY,0,2024-02-05
2024,7,HAZARA COLONY,0,2024-02-12
2024,8,HAZARA COLONY,0,2024-02-19
2024,9,HAZARA COLONY,0,2024-02-26
2024,10,HAZARA COLONY,0,2024-03-04
2024,11,HAZARA COLONY,0,2024-03-11
2024,12,HAZARA COLONY,0,2024-03-18
2024,13,HAZARA COLONY,0,2024-03-25
2024,14,HAZARA COLONY,0,2024-04-01
2024,15,HAZARA COLONY,0,2024-04-08
2024,16,HAZARA COLONY,0,2024-04-15
2024,17,HAZARA COLONY,0,2024-04-22
2024,18,HAZARA COLONY,0,2024-04-29
2024,19,HAZARA COLONY,0,2024-05-06
2024,20,HAZARA COLONY,0,2024-05-13
2024,21,HAZARA COLONY,0,2024-05-20
2024,22,HAZARA COLONY,0,2024-05-27
2024,23,HAZARA COLONY,0,2024-06-03
2024,24,HAZARA COLONY,0,2024-06-10
2024,25,HAZARA COLONY,0,2024-06-17
2024,26,HAZARA COLONY,0,2024-06-24
2024,27,HAZARA COLONY,0,2024-07-01
2024,28,HAZARA COLONY,0,2024-07-08
2024,29,HAZARA COLONY,0,2024-07-15
2024,30,HAZARA COLONY,0,2024-07-22
2024,31,HAZARA COLONY,0,2024-07-29
2024,32,HAZARA COLONY,0,2024-08-05
2024,33,HAZARA COLONY,0,2024-08-12
2024,34,HAZARA COLONY,0,2024-08-19
2024,35,HAZARA COLONY,0,2024-08-26
2024,36,HAZARA COLONY,0,2024-09-02
2024,37,HAZARA COLONY,0,2024-09-09
2024,38,HAZARA COLONY,0,2024-09-16
2024,39,HAZARA COLONY,0,2024-09-23
2024,40,HAZARA COLONY,0,2024-09-30
2024,41,HAZARA COLONY,0,2024-10-07
2024,42,HAZARA COLONY,0,2024-10-14
2024,43,HAZARA COLONY,0,2024-10-21
2024,44,HAZARA COLONY,0,2024-10-28
2024,45,HAZARA COLONY,0,2024-11-04
2024,46,HAZARA COLONY,0,2024-11-11
2024,47,HAZARA COLONY,0,2024-11-18
2024,48,HAZARA COLONY,0,2024-11-25
2024,49,HAZARA COLONY,0,2024-12-02
2024,50,HAZARA COLONY,0,2024-12-09
2024,51,HAZARA COLONY,0,2024-12-16
2024,52,HAZARA COLONY,0,2024-12-23
2021,1,Jhanda Chichi,0,2021-01-04
2021,2,Jhanda Chichi,0,2021-01-11
2021,3,Jhanda Chichi,0,2021-01-18
2021,4,Jhanda Chichi,0,2021-01-25
2021,5,Jhanda Chichi,0,2021-02-01
2021,6,Jhanda Chichi,0,2021-02-08
2021,7,Jhanda Chichi,0,2021-02-15
2021,8,Jhanda Chichi,0,2021-02-22
2021,9,Jhanda Chichi,0,2021-03-01
2021,10,Jhanda Chichi,0,2021-03-08
2021,11,Jhanda Chichi,0,2021-03-15
2021,12,Jhanda Chichi,0,2021-03-22
2021,13,Jhanda Chichi,0,2021-03-29
2021,14,Jhanda Chichi,0,2021-04-05
2021,15,Jhanda Chichi,0,2021-04-12
2021,16,Jhanda Chichi,0,2021-04-19
2021,17,Jhanda Chichi,0,2021-04-26
2021,18,Jhanda Chichi,0,2021-05-03
2021,19,Jhanda Chichi,0,2021-05-10
2021,20,Jhanda Chichi,0,2021-05-17
2021,21,Jhanda Chichi,0,2021-05-24
2021,22,Jhanda Chichi,0,2021-05-31
2021,23,Jhanda Chichi,0,2021-06-07
2021,24,Jhanda Chichi,0,2021-06-14
2021,25,Jhanda Chichi,0,2021-06-21
2021,26,Jhanda Chichi,0,2021-06-28
2021,27,Jhanda Chichi,0,2021-07-05
2021,28,Jhanda Chichi,0,2021-07-12
2021,29,Jhanda Chichi,1,2021-07-19
2021,30,Jhanda Chichi,0,2021-07-26
2021,31,Jhanda Chichi,0,2021-08-02
2021,32,Jhanda Chichi,0,2021-08-09
2021,33,Jhanda Chichi,0,2021-08-16
2021,34,Jhanda Chichi,0,2021-08-23
2021,35,Jhanda Chichi,0,2021-08-30
2021,36,Jhanda Chichi,0,2021-09-06
2021,37,Jhanda Chichi,1,2021-09-13
2021,38,Jhanda Chichi,1,2021-09-20
2021,39,Jhanda Chichi,1,2021-09-27
2021,40,Jhanda Chichi,0,2021-10-04
2021,41,Jhanda Chichi,2,2021-10-11
2021,42,Jhanda Chichi,2,2021-10-18
2021,43,Jhanda Chichi,1,2021-10-25
2021,44,Jhanda Chichi,4,2021-11-01
2021,45,Jhanda Chichi,1,2021-11-08
2021,46,Jhanda Chichi,1,2021-11-15
2021,47,Jhanda Chichi,0,2021-11-22
2021,48,Jhanda Chichi,0,2021-11-29
2021,49,Jhanda Chichi,0,2021-12-06
2021,50,Jhanda Chichi,0,2021-12-13
2021,51,Jhanda Chichi,0,2021-12-20
2021,52,Jhanda Chichi,0,2021-12-27
2022,1,Jhanda Chichi,0,2022-01-03
2022,2,Jhanda Chichi,0,2022-01-10
2022,3,Jhanda Chichi,0,2022-01-17
2022,4,Jhanda Chichi,0,2022-01-24
2022,5,Jhanda Chichi,0,2022-01-31
2022,6,Jhanda Chichi,0,2022-02-07
2022,7,Jhanda Chichi,0,2022-02-14
2022,8,Jhanda Chichi,0,2022-02-21
2022,9,Jhanda Chichi,0,2022-02-28
2022,10,Jhanda Chichi,0,2022-03-07
2022,11,Jhanda Chichi,0,2022-03-14
2022,12,Jhanda Chichi,0,2022-03-21
2022,13,Jhanda Chichi,0,2022-03-28
2022,14,Jhanda Chichi,0,2022-04-04
2022,15,Jhanda Chichi,0,2022-04-11
2022,16,Jhanda Chichi,0,2022-04-18
2022,17,Jhanda Chichi,0,2022-04-25
2022,18,Jhanda Chichi,0,2022-05-02
2022,19,Jhanda Chichi,0,2022-05-09
2022,20,Jhanda Chichi,1,2022-05-16
2022,21,Jhanda Chichi,0,2022-05-23
2022,22,Jhanda Chichi,0,2022-05-30
2022,23,Jhanda Chichi,0,2022-06-06
2022,24,Jhanda Chichi,0,2022-06-13
2022,25,Jhanda Chichi,0,2022-06-20
2022,26,Jhanda Chichi,0,2022-06-27
2022,27,Jhanda Chichi,0,2022-07-04
2022,28,Jhanda Chichi,0,2022-07-11
2022,29,Jhanda Chichi,0,2022-07-18
2022,30,Jhanda Chichi,0,2022-07-25
2022,31,Jhanda Chichi,0,2022-08-01
2022,32,Jhanda Chichi,2,2022-08-08
2022,33,Jhanda Chichi,0,2022-08-15
2022,34,Jhanda Chichi,0,2022-08-22
2022,35,Jhanda Chichi,1,2022-08-29
2022,36,Jhanda Chichi,3,2022-09-05
2022,37,Jhanda Chichi,4,2022-09-12
2022,38,Jhanda Chichi,5,2022-09-19
2022,39,Jhanda Chichi,9,2022-09-26
2022,40,Jhanda Chichi,3,2022-10-03
2022,41,Jhanda Chichi,8,2022-10-10
2022,42,Jhanda Chichi,4,2022-10-17
2022,43,Jhanda Chichi,7,2022-10-24
2022,44,Jhanda Chichi,1,2022-10-31
2022,45,Jhanda Chichi,0,2022-11-07
2022,46,Jhanda Chichi,0,2022-11-14
2022,47,Jhanda Chichi,0,2022-11-21
2022,48,Jhanda Chichi,0,2022-11-28
2022,49,Jhanda Chichi,0,2022-12-05
2022,50,Jhanda Chichi,0,2022-12-12
2022,51,Jhanda Chichi,0,2022-12-19
2022,52,Jhanda Chichi,0,2022-12-26
2023,1,Jhanda Chichi,0,2023-01-02
2023,2,Jhanda Chichi,0,2023-01-09
2023,3,Jhanda Chichi,0,2023-01-16
2023,4,Jhanda Chichi,0,2023-01-23
2023,5,Jhanda Chichi,0,2023-01-30
2023,6,Jhanda Chichi,0,2023-02-06
2023,7,Jhanda Chichi,0,2023-02-13
2023,8,Jhanda Chichi,0,2023-02-20
2023,9,Jhanda Chichi,0,2023-02-27
2023,10,Jhanda Chichi,0,2023-03-06
2023,11,Jhanda Chichi,0,2023-03-13
2023,12,Jhanda Chichi,0,2023-03-20
2023,13,Jhanda Chichi,0,2023-03-27
2023,14,Jhanda Chichi,0,2023-04-03
2023,15,Jhanda Chichi,0,2023-04-10
2023,16,Jhanda Chichi,0,2023-04-17
2023,17,Jhanda Chichi,0,2023-04-24
2023,18,Jhanda Chichi,0,2023-05-01
2023,19,Jhanda Chichi,0,2023-05-08
2023,20,Jhanda Chichi,0,2023-05-15
2023,21,Jhanda Chichi,0,2023-05-22
2023,22,Jhanda Chichi,0,2023-05-29
2023,23,Jhanda Chichi,0,2023-06-05
2023,24,Jhanda Chichi,0,2023-06-12
2023,25,Jhanda Chichi,0,2023-06-19
2023,26,Jhanda Chichi,0,2023-06-26
2023,27,Jhanda Chichi,0,2023-07-03
2023,28,Jhanda Chichi,0,2023-07-10
2023,29,Jhanda Chichi,0,2023-07-17
2023,30,Jhanda Chichi,0,2023-07-24
2023,31,Jhanda Chichi,0,2023-07-31
2023,32,Jhanda Chichi,0,2023-08-07
2023,33,Jhanda Chichi,1,2023-08-14
2023,34,Jhanda Chichi,0,2023-08-21
2023,35,Jhanda Chichi,1,2023-08-28
2023,36,Jhanda Chichi,0,2023-09-04
2023,37,Jhanda Chichi,1,2023-09-11
2023,38,Jhanda Chichi,1,2023-09-18
2023,39,Jhanda Chichi,3,2023-09-25
2023,40,Jhanda Chichi,2,2023-10-02
2023,41,Jhanda Chichi,1,2023-10-09
2023,42,Jhanda Chichi,0,2023-10-16
2023,43,Jhanda Chichi,0,2023-10-23
2023,44,Jhanda Chichi,0,2023-10-30
2023,45,Jhanda Chichi,0,2023-11-06
2023,46,Jhanda Chichi,2,2023-11-13
2023,47,Jhanda Chichi,0,2023-11-20
2023,48,Jhanda Chichi,0,2023-11-27
2023,49,Jhanda Chichi,0,2023-12-04
2023,50,Jhanda Chichi,0,2023-12-11
2023,51,Jhanda Chichi,0,2023-12-18
2023,52,Jhanda Chichi,0,2023-12-25
2024,1,Jhanda Chichi,0,2024-01-01
2024,2,Jhanda Chichi,0,2024-01-08
2024,3,Jhanda Chichi,0,2024-01-15
2024,4,Jhanda Chichi,0,2024-01-22
2024,5,Jhanda Chichi,0,2024-01-29
2024,6,Jhanda Chichi,0,2024-02-05
2024,7,Jhanda Chichi,0,2024-02-12
2024,8,Jhanda Chichi,0,2024-02-19
2024,9,Jhanda Chichi,0,2024-02-26
2024,10,Jhanda Chichi,0,2024-03-04
2024,11,Jhanda Chichi,0,2024-03-11
2024,12,Jhanda Chichi,0,2024-03-18
2024,13,Jhanda Chichi,0,2024-03-25
2024,14,Jhanda Chichi,0,2024-04-01
2024,15,Jhanda Chichi,0,2024-04-08
2024,16,Jhanda Chichi,0,2024-04-15
2024,17,Jhanda Chichi,0,2024-04-22
2024,18,Jhanda Chichi,0,2024-04-29
2024,19,Jhanda Chichi,0,2024-05-06
2024,20,Jhanda Chichi,0,2024-05-13
2024,21,Jhanda Chichi,0,2024-05-20
2024,22,Jhanda Chichi,0,2024-05-27
2024,23,Jhanda Chichi,0,2024-06-03
2024,24,Jhanda Chichi,0,2024-06-10
2024,25,Jhanda Chichi,0,2024-06-17
2024,26,Jhanda Chichi,0,2024-06-24
2024,27,Jhanda Chichi,0,2024-07-01
2024,28,Jhanda Chichi,0,2024-07-08
2024,29,Jhanda Chichi,0,2024-07-15
2024,30,Jhanda Chichi,0,2024-07-22
2024,31,Jhanda Chichi,0,2024-07-29
2024,32,Jhanda Chichi,0,2024-08-05
2024,33,Jhanda Chichi,0,2024-08-12
2024,34,Jhanda Chichi,0,2024-08-19
2024,35,Jhanda Chichi,0,2024-08-26
2024,36,Jhanda Chichi,0,2024-09-02
2024,37,Jhanda Chichi,1,2024-09-09
2024,38,Jhanda Chichi,1,2024-09-16
2024,39,Jhanda Chichi,6,2024-09-23
2024,40,Jhanda Chichi,9,2024-09-30
2024,41,Jhanda Chichi,14,2024-10-07
2024,42,Jhanda Chichi,10,2024-10-14
2024,43,Jhanda Chichi,8,2024-10-21
2024,44,Jhanda Chichi,10,2024-10-28
2024,45,Jhanda Chichi,6,2024-11-04
2024,46,Jhanda Chichi,4,2024-11-11
2024,47,Jhanda Chichi,0,2024-11-18
2024,48,Jhanda Chichi,1,2024-11-25
2024,49,Jhanda Chichi,0,2024-12-02
2024,50,Jhanda Chichi,0,2024-12-09
2024,51,Jhanda Chichi,0,2024-12-16
2024,52,Jhanda Chichi,0,2024-12-23
2021,1,KARTARPURA,0,2021-01-04
2021,2,KARTARPURA,0,2021-01-11
2021,3,KARTARPURA,0,2021-01-18
2021,4,KARTARPURA,0,2021-01-25
2021,5,KARTARPURA,0,2021-02-01
2021,6,KARTARPURA,0,2021-02-08
2021,7,KARTARPURA,0,2021-02-15
2021,8,KARTARPURA,0,2021-02-22
2021,9,KARTARPURA,0,2021-03-01
2021,10,KARTARPURA,0,2021-03-08
2021,11,KARTARPURA,0,2021-03-15
2021,12,KARTARPURA,0,2021-03-22
2021,13,KARTARPURA,0,2021-03-29
2021,14,KARTARPURA,0,2021-04-05
2021,15,KARTARPURA,0,2021-04-12
2021,16,KARTARPURA,0,2021-04-19
2021,17,KARTARPURA,0,2021-04-26
2021,18,KARTARPURA,0,2021-05-03
2021,19,KARTARPURA,0,2021-05-10
2021,20,KARTARPURA,0,2021-05-17
2021,21,KARTARPURA,0,2021-05-24
2021,22,KARTARPURA,0,2021-05-31
2021,23,KARTARPURA,0,2021-06-07
2021,24,KARTARPURA,0,2021-06-14
2021,25,KARTARPURA,0,2021-06-21
2021,26,KARTARPURA,0,2021-06-28
2021,27,KARTARPURA,0,2021-07-05
2021,28,KARTARPURA,0,2021-07-12
2021,29,KARTARPURA,0,2021-07-19
2021,30,KARTARPURA,0,2021-07-26
2021,31,KARTARPURA,0,2021-08-02
2021,32,KARTARPURA,0,2021-08-09
2021,33,KARTARPURA,0,2021-08-16
2021,34,KARTARPURA,0,2021-08-23
2021,35,KARTARPURA,0,2021-08-30
2021,36,KARTARPURA,0,2021-09-06
2021,37,KARTARPURA,0,2021-09-13
2021,38,KARTARPURA,0,2021-09-20
2021,39,KARTARPURA,0,2021-09-27
2021,40,KARTARPURA,1,2021-10-04
2021,41,KARTARPURA,0,2021-10-11
2021,42,KARTARPURA,2,2021-10-18
2021,43,KARTARPURA,0,2021-10-25
2021,44,KARTARPURA,0,2021-11-01
2021,45,KARTARPURA,1,2021-11-08
2021,46,KARTARPURA,1,2021-11-15
2021,47,KARTARPURA,3,2021-11-22
2021,48,KARTARPURA,0,2021-11-29
2021,49,KARTARPURA,0,2021-12-06
2021,50,KARTARPURA,0,2021-12-13
2021,51,KARTARPURA,0,2021-12-20
2021,52,KARTARPURA,0,2021-12-27
2022,1,KARTARPURA,0,2022-01-03
2022,2,KARTARPURA,0,2022-01-10
2022,3,KARTARPURA,0,2022-01-17
2022,4,KARTARPURA,0,2022-01-24
2022,5,KARTARPURA,0,2022-01-31
2022,6,KARTARPURA,0,2022-02-07
2022,7,KARTARPURA,0,2022-02-14
2022,8,KARTARPURA,0,2022-02-21
2022,9,KARTARPURA,0,2022-02-28
2022,10,KARTARPURA,0,2022-03-07
2022,11,KARTARPURA,0,2022-03-14
2022,12,KARTARPURA,0,2022-03-21
2022,13,KARTARPURA,0,2022-03-28
2022,14,KARTARPURA,0,2022-04-04
2022,15,KARTARPURA,0,2022-04-11
2022,16,KARTARPURA,0,2022-04-18
2022,17,KARTARPURA,0,2022-04-25
2022,18,KARTARPURA,0,2022-05-02
2022,19,KARTARPURA,0,2022-05-09
2022,20,KARTARPURA,0,2022-05-16
2022,21,KARTARPURA,0,2022-05-23
2022,22,KARTARPURA,0,2022-05-30
2022,23,KARTARPURA,0,2022-06-06
2022,24,KARTARPURA,0,2022-06-13
2022,25,KARTARPURA,0,2022-06-20
2022,26,KARTARPURA,0,2022-06-27
2022,27,KARTARPURA,0,2022-07-04
2022,28,KARTARPURA,0,2022-07-11
2022,29,KARTARPURA,0,2022-07-18
2022,30,KARTARPURA,0,2022-07-25
2022,31,KARTARPURA,0,2022-08-01
2022,32,KARTARPURA,0,2022-08-08
2022,33,KARTARPURA,0,2022-08-15
2022,34,KARTARPURA,0,2022-08-22
2022,35,KARTARPURA,1,2022-08-29
2022,36,KARTARPURA,0,2022-09-05
2022,37,KARTARPURA,0,2022-09-12
2022,38,KARTARPURA,0,2022-09-19
2022,39,KARTARPURA,5,2022-09-26
2022,40,KARTARPURA,5,2022-10-03
2022,41,KARTARPURA,6,2022-10-10
2022,42,KARTARPURA,2,2022-10-17
2022,43,KARTARPURA,1,2022-10-24
2022,44,KARTARPURA,1,2022-10-31
2022,45,KARTARPURA,2,2022-11-07
2022,46,KARTARPURA,2,2022-11-14
2022,47,KARTARPURA,0,2022-11-21
2022,48,KARTARPURA,0,2022-11-28
2022,49,KARTARPURA,0,2022-12-05
2022,50,KARTARPURA,0,2022-12-12
2022,51,KARTARPURA,0,2022-12-19
2022,52,KARTARPURA,0,2022-12-26
2023,1,KARTARPURA,0,2023-01-02
2023,2,KARTARPURA,0,2023-01-09
2023,3,KARTARPURA,0,2023-01-16
2023,4,KARTARPURA,0,2023-01-23
2023,5,KARTARPURA,0,2023-01-30
2023,6,KARTARPURA,0,2023-02-06
2023,7,KARTARPURA,0,2023-02-13
2023,8,KARTARPURA,0,2023-02-20
2023,9,KARTARPURA,0,2023-02-27
2023,10,KARTARPURA,0,2023-03-06
2023,11,KARTARPURA,0,2023-03-13
2023,12,KARTARPURA,0,2023-03-20
2023,13,KARTARPURA,0,2023-03-27
2023,14,KARTARPURA,0,2023-04-03
2023,15,KARTARPURA,0,2023-04-10
2023,16,KARTARPURA,0,2023-04-17
2023,17,KARTARPURA,0,2023-04-24
2023,18,KARTARPURA,0,2023-05-01
2023,19,KARTARPURA,0,2023-05-08
2023,20,KARTARPURA,0,2023-05-15
2023,21,KARTARPURA,0,2023-05-22
2023,22,KARTARPURA,0,2023-05-29
2023,23,KARTARPURA,1,2023-06-05
2023,24,KARTARPURA,0,2023-06-12
2023,25,KARTARPURA,0,2023-06-19
2023,26,KARTARPURA,0,2023-06-26
2023,27,KARTARPURA,0,2023-07-03
2023,28,KARTARPURA,0,2023-07-10
2023,29,KARTARPURA,0,2023-07-17
2023,30,KARTARPURA,0,2023-07-24
2023,31,KARTARPURA,0,2023-07-31
2023,32,KARTARPURA,0,2023-08-07
2023,33,KARTARPURA,0,2023-08-14
2023,34,KARTARPURA,2,2023-08-21
2023,35,KARTARPURA,0,2023-08-28
2023,36,KARTARPURA,0,2023-09-04
2023,37,KARTARPURA,3,2023-09-11
2023,38,KARTARPURA,0,2023-09-18
2023,39,KARTARPURA,4,2023-09-25
2023,40,KARTARPURA,3,2023-10-02
2023,41,KARTARPURA,4,2023-10-09
2023,42,KARTARPURA,2,2023-10-16
2023,43,KARTARPURA,5,2023-10-23
2023,44,KARTARPURA,2,2023-10-30
2023,45,KARTARPURA,1,2023-11-06
2023,46,KARTARPURA,2,2023-11-13
2023,47,KARTARPURA,0,2023-11-20
2023,48,KARTARPURA,0,2023-11-27
2023,49,KARTARPURA,0,2023-12-04
2023,50,KARTARPURA,0,2023-12-11
2023,51,KARTARPURA,0,2023-12-18
2023,52,KARTARPURA,0,2023-12-25
2024,1,KARTARPURA,0,2024-01-01
2024,2,KARTARPURA,0,2024-01-08
2024,3,KARTARPURA,0,2024-01-15
2024,4,KARTARPURA,0,2024-01-22
2024,5,KARTARPURA,0,2024-01-29
2024,6,KARTARPURA,0,2024-02-05
2024,7,KARTARPURA,0,2024-02-12
2024,8,KARTARPURA,0,2024-02-19
2024,9,KARTARPURA,0,2024-02-26
2024,10,KARTARPURA,0,2024-03-04
2024,11,KARTARPURA,0,2024-03-11
2024,12,KARTARPURA,0,2024-03-18
2024,13,KARTARPURA,0,2024-03-25
2024,14,KARTARPURA,0,2024-04-01
2024,15,KARTARPURA,0,2024-04-08
2024,16,KARTARPURA,0,2024-04-15
2024,17,KARTARPURA,0,2024-04-22
2024,18,KARTARPURA,0,2024-04-29
2024,19,KARTARPURA,0,2024-05-06
2024,20,KARTARPURA,0,2024-05-13
2024,21,KARTARPURA,0,2024-05-20
2024,22,KARTARPURA,0,2024-05-27
2024,23,KARTARPURA,0,2024-06-03
2024,24,KARTARPURA,0,2024-06-10
2024,25,KARTARPURA,0,2024-06-17
2024,26,KARTARPURA,0,2024-06-24
2024,27,KARTARPURA,0,2024-07-01
2024,28,KARTARPURA,0,2024-07-08
2024,29,KARTARPURA,0,2024-07-15
2024,30,KARTARPURA,0,2024-07-22
2024,31,KARTARPURA,0,2024-07-29
2024,32,KARTARPURA,0,2024-08-05
2024,33,KARTARPURA,0,2024-08-12
2024,34,KARTARPURA,0,2024-08-19
2024,35,KARTARPURA,0,2024-08-26
2024,36,KARTARPURA,0,2024-09-02
2024,37,KARTARPURA,0,2024-09-09
2024,38,KARTARPURA,6,2024-09-16
2024,39,KARTARPURA,4,2024-09-23
2024,40,KARTARPURA,2,2024-09-30
2024,41,KARTARPURA,1,2024-10-07
2024,42,KARTARPURA,3,2024-10-14
2024,43,KARTARPURA,3,2024-10-21
2024,44,KARTARPURA,1,2024-10-28
2024,45,KARTARPURA,7,2024-11-04
2024,46,KARTARPURA,3,2024-11-11
2024,47,KARTARPURA,0,2024-11-18
2024,48,KARTARPURA,0,2024-11-25
2024,49,KARTARPURA,0,2024-12-02
2024,50,KARTARPURA,0,2024-12-09
2024,51,KARTARPURA,0,2024-12-16
2024,52,KARTARPURA,0,2024-12-23
2021,1,KHANA DAK,0,2021-01-04
2021,2,KHANA DAK,0,2021-01-11
2021,3,KHANA DAK,0,2021-01-18
2021,4,KHANA DAK,0,2021-01-25
2021,5,KHANA DAK,0,2021-02-01
2021,6,KHANA DAK,0,2021-02-08
2021,7,KHANA DAK,0,2021-02-15
2021,8,KHANA DAK,0,2021-02-22
2021,9,KHANA DAK,0,2021-03-01
2021,10,KHANA DAK,0,2021-03-08
2021,11,KHANA DAK,0,2021-03-15
2021,12,KHANA DAK,0,2021-03-22
2021,13,KHANA DAK,0,2021-03-29
2021,14,KHANA DAK,0,2021-04-05
2021,15,KHANA DAK,0,2021-04-12
2021,16,KHANA DAK,0,2021-04-19
2021,17,KHANA DAK,0,2021-04-26
2021,18,KHANA DAK,0,2021-05-03
2021,19,KHANA DAK,0,2021-05-10
2021,20,KHANA DAK,0,2021-05-17
2021,21,KHANA DAK,0,2021-05-24
2021,22,KHANA DAK,0,2021-05-31
2021,23,KHANA DAK,0,2021-06-07
2021,24,KHANA DAK,0,2021-06-14
2021,25,KHANA DAK,0,2021-06-21
2021,26,KHANA DAK,0,2021-06-28
2021,27,KHANA DAK,0,2021-07-05
2021,28,KHANA DAK,0,2021-07-12
2021,29,KHANA DAK,0,2021-07-19
2021,30,KHANA DAK,0,2021-07-26
2021,31,KHANA DAK,0,2021-08-02
2021,32,KHANA DAK,0,2021-08-09
2021,33,KHANA DAK,0,2021-08-16
2021,34,KHANA DAK,0,2021-08-23
2021,35,KHANA DAK,0,2021-08-30
2021,36,KHANA DAK,0,2021-09-06
2021,37,KHANA DAK,0,2021-09-13
2021,38,KHANA DAK,0,2021-09-20
2021,39,KHANA DAK,0,2021-09-27
2021,40,KHANA DAK,2,2021-10-04
2021,41,KHANA DAK,4,2021-10-11
2021,42,KHANA DAK,2,2021-10-18
2021,43,KHANA DAK,2,2021-10-25
2021,44,KHANA DAK,0,2021-11-01
2021,45,KHANA DAK,3,2021-11-08
2021,46,KHANA DAK,1,2021-11-15
2021,47,KHANA DAK,0,2021-11-22
2021,48,KHANA DAK,0,2021-11-29
2021,49,KHANA DAK,0,2021-12-06
2021,50,KHANA DAK,0,2021-12-13
2021,51,KHANA DAK,0,2021-12-20
2021,52,KHANA DAK,0,2021-12-27
2022,1,KHANA DAK,0,2022-01-03
2022,2,KHANA DAK,0,2022-01-10
2022,3,KHANA DAK,0,2022-01-17
2022,4,KHANA DAK,0,2022-01-24
2022,5,KHANA DAK,0,2022-01-31
2022,6,KHANA DAK,0,2022-02-07
2022,7,KHANA DAK,0,2022-02-14
2022,8,KHANA DAK,0,2022-02-21
2022,9,KHANA DAK,0,2022-02-28
2022,10,KHANA DAK,0,2022-03-07
2022,11,KHANA DAK,0,2022-03-14
2022,12,KHANA DAK,0,2022-03-21
2022,13,KHANA DAK,0,2022-03-28
2022,14,KHANA DAK,0,2022-04-04
2022,15,KHANA DAK,0,2022-04-11
2022,16,KHANA DAK,0,2022-04-18
2022,17,KHANA DAK,0,2022-04-25
2022,18,KHANA DAK,0,2022-05-02
2022,19,KHANA DAK,0,2022-05-09
2022,20,KHANA DAK,0,2022-05-16
2022,21,KHANA DAK,0,2022-05-23
2022,22,KHANA DAK,0,2022-05-30
2022,23,KHANA DAK,0,2022-06-06
2022,24,KHANA DAK,0,2022-06-13
2022,25,KHANA DAK,0,2022-06-20
2022,26,KHANA DAK,0,2022-06-27
2022,27,KHANA DAK,0,2022-07-04
2022,28,KHANA DAK,0,2022-07-11
2022,29,KHANA DAK,0,2022-07-18
2022,30,KHANA DAK,0,2022-07-25
2022,31,KHANA DAK,0,2022-08-01
2022,32,KHANA DAK,2,2022-08-08
2022,33,KHANA DAK,1,2022-08-15
2022,34,KHANA DAK,2,2022-08-22
2022,35,KHANA DAK,3,2022-08-29
2022,36,KHANA DAK,2,2022-09-05
2022,37,KHANA DAK,3,2022-09-12
2022,38,KHANA DAK,4,2022-09-19
2022,39,KHANA DAK,6,2022-09-26
2022,40,KHANA DAK,7,2022-10-03
2022,41,KHANA DAK,5,2022-10-10
2022,42,KHANA DAK,9,2022-10-17
2022,43,KHANA DAK,9,2022-10-24
2022,44,KHANA DAK,3,2022-10-31
2022,45,KHANA DAK,4,2022-11-07
2022,46,KHANA DAK,2,2022-11-14
2022,47,KHANA DAK,0,2022-11-21
2022,48,KHANA DAK,0,2022-11-28
2022,49,KHANA DAK,0,2022-12-05
2022,50,KHANA DAK,0,2022-12-12
2022,51,KHANA DAK,0,2022-12-19
2022,52,KHANA DAK,0,2022-12-26
2023,1,KHANA DAK,0,2023-01-02
2023,2,KHANA DAK,0,2023-01-09
2023,3,KHANA DAK,0,2023-01-16
2023,4,KHANA DAK,0,2023-01-23
2023,5,KHANA DAK,0,2023-01-30
2023,6,KHANA DAK,0,2023-02-06
2023,7,KHANA DAK,0,2023-02-13
2023,8,KHANA DAK,0,2023-02-20
2023,9,KHANA DAK,0,2023-02-27
2023,10,KHANA DAK,0,2023-03-06
2023,11,KHANA DAK,0,2023-03-13
2023,12,KHANA DAK,0,2023-03-20
2023,13,KHANA DAK,0,2023-03-27
2023,14,KHANA DAK,0,2023-04-03
2023,15,KHANA DAK,0,2023-04-10
2023,16,KHANA DAK,0,2023-04-17
2023,17,KHANA DAK,0,2023-04-24
2023,18,KHANA DAK,0,2023-05-01
2023,19,KHANA DAK,0,2023-05-08
2023,20,KHANA DAK,0,2023-05-15
2023,21,KHANA DAK,0,2023-05-22
2023,22,KHANA DAK,0,2023-05-29
2023,23,KHANA DAK,0,2023-06-05
2023,24,KHANA DAK,0,2023-06-12
2023,25,KHANA DAK,0,2023-06-19
2023,26,KHANA DAK,0,2023-06-26
2023,27,KHANA DAK,0,2023-07-03
2023,28,KHANA DAK,0,2023-07-10
2023,29,KHANA DAK,0,2023-07-17
2023,30,KHANA DAK,0,2023-07-24
2023,31,KHANA DAK,0,2023-07-31
2023,32,KHANA DAK,0,2023-08-07
2023,33,KHANA DAK,0,2023-08-14
2023,34,KHANA DAK,0,2023-08-21
2023,35,KHANA DAK,1,2023-08-28
2023,36,KHANA DAK,0,2023-09-04
2023,37,KHANA DAK,2,2023-09-11
2023,38,KHANA DAK,1,2023-09-18
2023,39,KHANA DAK,3,2023-09-25
2023,40,KHANA DAK,2,2023-10-02
2023,41,KHANA DAK,1,2023-10-09
2023,42,KHANA DAK,2,2023-10-16
2023,43,KHANA DAK,1,2023-10-23
2023,44,KHANA DAK,2,2023-10-30
2023,45,KHANA DAK,1,2023-11-06
2023,46,KHANA DAK,0,2023-11-13
2023,47,KHANA DAK,0,2023-11-20
2023,48,KHANA DAK,0,2023-11-27
2023,49,KHANA DAK,0,2023-12-04
2023,50,KHANA DAK,0,2023-12-11
2023,51,KHANA DAK,0,2023-12-18
2023,52,KHANA DAK,0,2023-12-25
2024,1,KHANA DAK,0,2024-01-01
2024,2,KHANA DAK,0,2024-01-08
2024,3,KHANA DAK,0,2024-01-15
2024,4,KHANA DAK,0,2024-01-22
2024,5,KHANA DAK,0,2024-01-29
2024,6,KHANA DAK,0,2024-02-05
2024,7,KHANA DAK,0,2024-02-12
2024,8,KHANA DAK,0,2024-02-19
2024,9,KHANA DAK,0,2024-02-26
2024,10,KHANA DAK,0,2024-03-04
2024,11,KHANA DAK,0,2024-03-11
2024,12,KHANA DAK,0,2024-03-18
2024,13,KHANA DAK,0,2024-03-25
2024,14,KHANA DAK,0,2024-04-01
2024,15,KHANA DAK,0,2024-04-08
2024,16,KHANA DAK,0,2024-04-15
2024,17,KHANA DAK,0,2024-04-22
2024,18,KHANA DAK,0,2024-04-29
2024,19,KHANA DAK,0,2024-05-06
2024,20,KHANA DAK,0,2024-05-13
2024,21,KHANA DAK,0,2024-05-20
2024,22,KHANA DAK,0,2024-05-27
2024,23,KHANA DAK,0,2024-06-03
2024,24,KHANA DAK,0,2024-06-10
2024,25,KHANA DAK,0,2024-06-17
2024,26,KHANA DAK,0,2024-06-24
2024,27,KHANA DAK,0,2024-07-01
2024,28,KHANA DAK,0,2024-07-08
2024,29,KHANA DAK,0,2024-07-15
2024,30,KHANA DAK,0,2024-07-22
2024,31,KHANA DAK,0,2024-07-29
2024,32,KHANA DAK,0,2024-08-05
2024,33,KHANA DAK,0,2024-08-12
2024,34,KHANA DAK,0,2024-08-19
2024,35,KHANA DAK,1,2024-08-26
2024,36,KHANA DAK,0,2024-09-02
2024,37,KHANA DAK,0,2024-09-09
2024,38,KHANA DAK,0,2024-09-16
2024,39,KHANA DAK,3,2024-09-23
2024,40,KHANA DAK,6,2024-09-30
2024,41,KHANA DAK,9,2024-10-07
2024,42,KHANA DAK,9,2024-10-14
2024,43,KHANA DAK,6,2024-10-21
2024,44,KHANA DAK,8,2024-10-28
2024,45,KHANA DAK,9,2024-11-04
2024,46,KHANA DAK,4,2024-11-11
2024,47,KHANA DAK,1,2024-11-18
2024,48,KHANA DAK,3,2024-11-25
2024,49,KHANA DAK,0,2024-12-02
2024,50,KHANA DAK,0,2024-12-09
2024,51,KHANA DAK,0,2024-12-16
2024,52,KHANA DAK,0,2024-12-23
2021,1,KHURRAM COLONY,0,2021-01-04
2021,2,KHURRAM COLONY,0,2021-01-11
2021,3,KHURRAM COLONY,0,2021-01-18
2021,4,KHURRAM COLONY,0,2021-01-25
2021,5,KHURRAM COLONY,0,2021-02-01
2021,6,KHURRAM COLONY,0,2021-02-08
2021,7,KHURRAM COLONY,0,2021-02-15
2021,8,KHURRAM COLONY,0,2021-02-22
2021,9,KHURRAM COLONY,0,2021-03-01
2021,10,KHURRAM COLONY,0,2021-03-08
2021,11,KHURRAM COLONY,0,2021-03-15
2021,12,KHURRAM COLONY,0,2021-03-22
2021,13,KHURRAM COLONY,0,2021-03-29
2021,14,KHURRAM COLONY,0,2021-04-05
2021,15,KHURRAM COLONY,0,2021-04-12
2021,16,KHURRAM COLONY,0,2021-04-19
2021,17,KHURRAM COLONY,0,2021-04-26
2021,18,KHURRAM COLONY,0,2021-05-03
2021,19,KHURRAM COLONY,0,2021-05-10
2021,20,KHURRAM COLONY,0,2021-05-17
2021,21,KHURRAM COLONY,0,2021-05-24
2021,22,KHURRAM COLONY,0,2021-05-31
2021,23,KHURRAM COLONY,0,2021-06-07
2021,24,KHURRAM COLONY,0,2021-06-14
2021,25,KHURRAM COLONY,0,2021-06-21
2021,26,KHURRAM COLONY,0,2021-06-28
2021,27,KHURRAM COLONY,0,2021-07-05
2021,28,KHURRAM COLONY,0,2021-07-12
2021,29,KHURRAM COLONY,0,2021-07-19
2021,30,KHURRAM COLONY,0,2021-07-26
2021,31,KHURRAM COLONY,0,2021-08-02
2021,32,KHURRAM COLONY,0,2021-08-09
2021,33,KHURRAM COLONY,0,2021-08-16
2021,34,KHURRAM COLONY,0,2021-08-23
2021,35,KHURRAM COLONY,0,2021-08-30
2021,36,KHURRAM COLONY,0,2021-09-06
2021,37,KHURRAM COLONY,0,2021-09-13
2021,38,KHURRAM COLONY,0,2021-09-20
2021,39,KHURRAM COLONY,0,2021-09-27
2021,40,KHURRAM COLONY,1,2021-10-04
2021,41,KHURRAM COLONY,0,2021-10-11
2021,42,KHURRAM COLONY,0,2021-10-18
2021,43,KHURRAM COLONY,1,2021-10-25
2021,44,KHURRAM COLONY,0,2021-11-01
2021,45,KHURRAM COLONY,0,2021-11-08
2021,46,KHURRAM COLONY,0,2021-11-15
2021,47,KHURRAM COLONY,0,2021-11-22
2021,48,KHURRAM COLONY,0,2021-11-29
2021,49,KHURRAM COLONY,0,2021-12-06
2021,50,KHURRAM COLONY,0,2021-12-13
2021,51,KHURRAM COLONY,0,2021-12-20
2021,52,KHURRAM COLONY,0,2021-12-27
2022,1,KHURRAM COLONY,0,2022-01-03
2022,2,KHURRAM COLONY,0,2022-01-10
2022,3,KHURRAM COLONY,0,2022-01-17
2022,4,KHURRAM COLONY,0,2022-01-24
2022,5,KHURRAM COLONY,0,2022-01-31
2022,6,KHURRAM COLONY,0,2022-02-07
2022,7,KHURRAM COLONY,0,2022-02-14
2022,8,KHURRAM COLONY,0,2022-02-21
2022,9,KHURRAM COLONY,0,2022-02-28
2022,10,KHURRAM COLONY,0,2022-03-07
2022,11,KHURRAM COLONY,0,2022-03-14
2022,12,KHURRAM COLONY,0,2022-03-21
2022,13,KHURRAM COLONY,0,2022-03-28
2022,14,KHURRAM COLONY,0,2022-04-04
2022,15,KHURRAM COLONY,0,2022-04-11
2022,16,KHURRAM COLONY,0,2022-04-18
2022,17,KHURRAM COLONY,0,2022-04-25
2022,18,KHURRAM COLONY,0,2022-05-02
2022,19,KHURRAM COLONY,0,2022-05-09
2022,20,KHURRAM COLONY,0,2022-05-16
2022,21,KHURRAM COLONY,0,2022-05-23
2022,22,KHURRAM COLONY,0,2022-05-30
2022,23,KHURRAM COLONY,0,2022-06-06
2022,24,KHURRAM COLONY,0,2022-06-13
2022,25,KHURRAM COLONY,0,2022-06-20
2022,26,KHURRAM COLONY,0,2022-06-27
2022,27,KHURRAM COLONY,0,2022-07-04
2022,28,KHURRAM COLONY,0,2022-07-11
2022,29,KHURRAM COLONY,0,2022-07-18
2022,30,KHURRAM COLONY,0,2022-07-25
2022,31,KHURRAM COLONY,0,2022-08-01
2022,32,KHURRAM COLONY,0,2022-08-08
2022,33,KHURRAM COLONY,0,2022-08-15
2022,34,KHURRAM COLONY,0,2022-08-22
2022,35,KHURRAM COLONY,0,2022-08-29
2022,36,KHURRAM COLONY,0,2022-09-05
2022,37,KHURRAM COLONY,3,2022-09-12
2022,38,KHURRAM COLONY,0,2022-09-19
2022,39,KHURRAM COLONY,0,2022-09-26
2022,40,KHURRAM COLONY,0,2022-10-03
2022,41,KHURRAM COLONY,0,2022-10-10
2022,42,KHURRAM COLONY,1,2022-10-17
2022,43,KHURRAM COLONY,0,2022-10-24
2022,44,KHURRAM COLONY,0,2022-10-31
2022,45,KHURRAM COLONY,0,2022-11-07
2022,46,KHURRAM COLONY,0,2022-11-14
2022,47,KHURRAM COLONY,0,2022-11-21
2022,48,KHURRAM COLONY,0,2022-11-28
2022,49,KHURRAM COLONY,0,2022-12-05
2022,50,KHURRAM COLONY,0,2022-12-12
2022,51,KHURRAM COLONY,0,2022-12-19
2022,52,KHURRAM COLONY,0,2022-12-26
2023,1,KHURRAM COLONY,0,2023-01-02
2023,2,KHURRAM COLONY,0,2023-01-09
2023,3,KHURRAM COLONY,0,2023-01-16
2023,4,KHURRAM COLONY,0,2023-01-23
2023,5,KHURRAM COLONY,0,2023-01-30
2023,6,KHURRAM COLONY,0,2023-02-06
2023,7,KHURRAM COLONY,0,2023-02-13
2023,8,KHURRAM COLONY,0,2023-02-20
2023,9,KHURRAM COLONY,0,2023-02-27
2023,10,KHURRAM COLONY,0,2023-03-06
2023,11,KHURRAM COLONY,0,2023-03-13
2023,12,KHURRAM COLONY,0,2023-03-20
2023,13,KHURRAM COLONY,0,2023-03-27
2023,14,KHURRAM COLONY,0,2023-04-03
2023,15,KHURRAM COLONY,0,2023-04-10
2023,16,KHURRAM COLONY,0,2023-04-17
2023,17,KHURRAM COLONY,0,2023-04-24
2023,18,KHURRAM COLONY,0,2023-05-01
2023,19,KHURRAM COLONY,0,2023-05-08
2023,20,KHURRAM COLONY,0,2023-05-15
2023,21,KHURRAM COLONY,0,2023-05-22
2023,22,KHURRAM COLONY,0,2023-05-29
2023,23,KHURRAM COLONY,0,2023-06-05
2023,24,KHURRAM COLONY,0,2023-06-12
2023,25,KHURRAM COLONY,0,2023-06-19
2023,26,KHURRAM COLONY,0,2023-06-26
2023,27,KHURRAM COLONY,1,2023-07-03
2023,28,KHURRAM COLONY,0,2023-07-10
2023,29,KHURRAM COLONY,0,2023-07-17
2023,30,KHURRAM COLONY,0,2023-07-24
2023,31,KHURRAM COLONY,0,2023-07-31
2023,32,KHURRAM COLONY,0,2023-08-07
2023,33,KHURRAM COLONY,0,2023-08-14
2023,34,KHURRAM COLONY,0,2023-08-21
2023,35,KHURRAM COLONY,0,2023-08-28
2023,36,KHURRAM COLONY,0,2023-09-04
2023,37,KHURRAM COLONY,0,2023-09-11
2023,38,KHURRAM COLONY,0,2023-09-18
2023,39,KHURRAM COLONY,0,2023-09-25
2023,40,KHURRAM COLONY,0,2023-10-02
2023,41,KHURRAM COLONY,0,2023-10-09
2023,42,KHURRAM COLONY,0,2023-10-16
2023,43,KHURRAM COLONY,0,2023-10-23
2023,44,KHURRAM COLONY,0,2023-10-30
2023,45,KHURRAM COLONY,0,2023-11-06
2023,46,KHURRAM COLONY,0,2023-11-13
2023,47,KHURRAM COLONY,0,2023-11-20
2023,48,KHURRAM COLONY,0,2023-11-27
2023,49,KHURRAM COLONY,0,2023-12-04
2023,50,KHURRAM COLONY,0,2023-12-11
2023,51,KHURRAM COLONY,0,2023-12-18
2023,52,KHURRAM COLONY,0,2023-12-25
2024,1,KHURRAM COLONY,0,2024-01-01
2024,2,KHURRAM COLONY,0,2024-01-08
2024,3,KHURRAM COLONY,0,2024-01-15
2024,4,KHURRAM COLONY,0,2024-01-22
2024,5,KHURRAM COLONY,0,2024-01-29
2024,6,KHURRAM COLONY,0,2024-02-05
2024,7,KHURRAM COLONY,0,2024-02-12
2024,8,KHURRAM COLONY,0,2024-02-19
2024,9,KHURRAM COLONY,0,2024-02-26
2024,10,KHURRAM COLONY,0,2024-03-04
2024,11,KHURRAM COLONY,0,2024-03-11
2024,12,KHURRAM COLONY,0,2024-03-18
2024,13,KHURRAM COLONY,0,2024-03-25
2024,14,KHURRAM COLONY,0,2024-04-01
2024,15,KHURRAM COLONY,0,2024-04-08
2024,16,KHURRAM COLONY,0,2024-04-15
2024,17,KHURRAM COLONY,0,2024-04-22
2024,18,KHURRAM COLONY,0,2024-04-29
2024,19,KHURRAM COLONY,0,2024-05-06
2024,20,KHURRAM COLONY,0,2024-05-13
2024,21,KHURRAM COLONY,0,2024-05-20
2024,22,KHURRAM COLONY,0,2024-05-27
2024,23,KHURRAM COLONY,0,2024-06-03
2024,24,KHURRAM COLONY,0,2024-06-10
2024,25,KHURRAM COLONY,0,2024-06-17
2024,26,KHURRAM COLONY,0,2024-06-24
2024,27,KHURRAM COLONY,0,2024-07-01
2024,28,KHURRAM COLONY,0,2024-07-08
2024,29,KHURRAM COLONY,0,2024-07-15
2024,30,KHURRAM COLONY,0,2024-07-22
2024,31,KHURRAM COLONY,0,2024-07-29
2024,32,KHURRAM COLONY,0,2024-08-05
2024,33,KHURRAM COLONY,0,2024-08-12
2024,34,KHURRAM COLONY,0,2024-08-19
2024,35,KHURRAM COLONY,0,2024-08-26
2024,36,KHURRAM COLONY,0,2024-09-02
2024,37,KHURRAM COLONY,0,2024-09-09
2024,38,KHURRAM COLONY,0,2024-09-16
2024,39,KHURRAM COLONY,0,2024-09-23
2024,40,KHURRAM COLONY,0,2024-09-30
2024,41,KHURRAM COLONY,0,2024-10-07
2024,42,KHURRAM COLONY,0,2024-10-14
2024,43,KHURRAM COLONY,0,2024-10-21
2024,44,KHURRAM COLONY,0,2024-10-28
2024,45,KHURRAM COLONY,1,2024-11-04
2024,46,KHURRAM COLONY,0,2024-11-11
2024,47,KHURRAM COLONY,0,2024-11-18
2024,48,KHURRAM COLONY,0,2024-11-25
2024,49,KHURRAM COLONY,0,2024-12-02
2024,50,KHURRAM COLONY,0,2024-12-09
2024,51,KHURRAM COLONY,0,2024-12-16
2024,52,KHURRAM COLONY,0,2024-12-23
2021,1,KHYBAN SIR SYED(NORTH),0,2021-01-04
2021,2,KHYBAN SIR SYED(NORTH),0,2021-01-11
2021,3,KHYBAN SIR SYED(NORTH),0,2021-01-18
2021,4,KHYBAN SIR SYED(NORTH),0,2021-01-25
2021,5,KHYBAN SIR SYED(NORTH),0,2021-02-01
2021,6,KHYBAN SIR SYED(NORTH),0,2021-02-08
2021,7,KHYBAN SIR SYED(NORTH),0,2021-02-15
2021,8,KHYBAN SIR SYED(NORTH),0,2021-02-22
2021,9,KHYBAN SIR SYED(NORTH),0,2021-03-01
2021,10,KHYBAN SIR SYED(NORTH),0,2021-03-08
2021,11,KHYBAN SIR SYED(NORTH),0,2021-03-15
2021,12,KHYBAN SIR SYED(NORTH),0,2021-03-22
2021,13,KHYBAN SIR SYED(NORTH),0,2021-03-29
2021,14,KHYBAN SIR SYED(NORTH),0,2021-04-05
2021,15,KHYBAN SIR SYED(NORTH),0,2021-04-12
2021,16,KHYBAN SIR SYED(NORTH),0,2021-04-19
2021,17,KHYBAN SIR SYED(NORTH),0,2021-04-26
2021,18,KHYBAN SIR SYED(NORTH),0,2021-05-03
2021,19,KHYBAN SIR SYED(NORTH),0,2021-05-10
2021,20,KHYBAN SIR SYED(NORTH),0,2021-05-17
2021,21,KHYBAN SIR SYED(NORTH),0,2021-05-24
2021,22,KHYBAN SIR SYED(NORTH),0,2021-05-31
2021,23,KHYBAN SIR SYED(NORTH),0,2021-06-07
2021,24,KHYBAN SIR SYED(NORTH),0,2021-06-14
2021,25,KHYBAN SIR SYED(NORTH),0,2021-06-21
2021,26,KHYBAN SIR SYED(NORTH),0,2021-06-28
2021,27,KHYBAN SIR SYED(NORTH),0,2021-07-05
2021,28,KHYBAN SIR SYED(NORTH),0,2021-07-12
2021,29,KHYBAN SIR SYED(NORTH),0,2021-07-19
2021,30,KHYBAN SIR SYED(NORTH),0,2021-07-26
2021,31,KHYBAN SIR SYED(NORTH),0,2021-08-02
2021,32,KHYBAN SIR SYED(NORTH),0,2021-08-09
2021,33,KHYBAN SIR SYED(NORTH),0,2021-08-16
2021,34,KHYBAN SIR SYED(NORTH),0,2021-08-23
2021,35,KHYBAN SIR SYED(NORTH),0,2021-08-30
2021,36,KHYBAN SIR SYED(NORTH),0,2021-09-06
2021,37,KHYBAN SIR SYED(NORTH),0,2021-09-13
2021,38,KHYBAN SIR SYED(NORTH),0,2021-09-20
2021,39,KHYBAN SIR SYED(NORTH),0,2021-09-27
2021,40,KHYBAN SIR SYED(NORTH),0,2021-10-04
2021,41,KHYBAN SIR SYED(NORTH),0,2021-10-11
2021,42,KHYBAN SIR SYED(NORTH),0,2021-10-18
2021,43,KHYBAN SIR SYED(NORTH),0,2021-10-25
2021,44,KHYBAN SIR SYED(NORTH),0,2021-11-01
2021,45,KHYBAN SIR SYED(NORTH),0,2021-11-08
2021,46,KHYBAN SIR SYED(NORTH),0,2021-11-15
2021,47,KHYBAN SIR SYED(NORTH),0,2021-11-22
2021,48,KHYBAN SIR SYED(NORTH),0,2021-11-29
2021,49,KHYBAN SIR SYED(NORTH),0,2021-12-06
2021,50,KHYBAN SIR SYED(NORTH),0,2021-12-13
2021,51,KHYBAN SIR SYED(NORTH),0,2021-12-20
2021,52,KHYBAN SIR SYED(NORTH),0,2021-12-27
2022,1,KHYBAN SIR SYED(NORTH),0,2022-01-03
2022,2,KHYBAN SIR SYED(NORTH),0,2022-01-10
2022,3,KHYBAN SIR SYED(NORTH),0,2022-01-17
2022,4,KHYBAN SIR SYED(NORTH),0,2022-01-24
2022,5,KHYBAN SIR SYED(NORTH),0,2022-01-31
2022,6,KHYBAN SIR SYED(NORTH),0,2022-02-07
2022,7,KHYBAN SIR SYED(NORTH),0,2022-02-14
2022,8,KHYBAN SIR SYED(NORTH),0,2022-02-21
2022,9,KHYBAN SIR SYED(NORTH),0,2022-02-28
2022,10,KHYBAN SIR SYED(NORTH),0,2022-03-07
2022,11,KHYBAN SIR SYED(NORTH),0,2022-03-14
2022,12,KHYBAN SIR SYED(NORTH),0,2022-03-21
2022,13,KHYBAN SIR SYED(NORTH),0,2022-03-28
2022,14,KHYBAN SIR SYED(NORTH),0,2022-04-04
2022,15,KHYBAN SIR SYED(NORTH),0,2022-04-11
2022,16,KHYBAN SIR SYED(NORTH),0,2022-04-18
2022,17,KHYBAN SIR SYED(NORTH),0,2022-04-25
2022,18,KHYBAN SIR SYED(NORTH),0,2022-05-02
2022,19,KHYBAN SIR SYED(NORTH),0,2022-05-09
2022,20,KHYBAN SIR SYED(NORTH),0,2022-05-16
2022,21,KHYBAN SIR SYED(NORTH),0,2022-05-23
2022,22,KHYBAN SIR SYED(NORTH),0,2022-05-30
2022,23,KHYBAN SIR SYED(NORTH),0,2022-06-06
2022,24,KHYBAN SIR SYED(NORTH),0,2022-06-13
2022,25,KHYBAN SIR SYED(NORTH),0,2022-06-20
2022,26,KHYBAN SIR SYED(NORTH),0,2022-06-27
2022,27,KHYBAN SIR SYED(NORTH),0,2022-07-04
2022,28,KHYBAN SIR SYED(NORTH),0,2022-07-11
2022,29,KHYBAN SIR SYED(NORTH),0,2022-07-18
2022,30,KHYBAN SIR SYED(NORTH),0,2022-07-25
2022,31,KHYBAN SIR SYED(NORTH),0,2022-08-01
2022,32,KHYBAN SIR SYED(NORTH),0,2022-08-08
2022,33,KHYBAN SIR SYED(NORTH),0,2022-08-15
2022,34,KHYBAN SIR SYED(NORTH),0,2022-08-22
2022,35,KHYBAN SIR SYED(NORTH),0,2022-08-29
2022,36,KHYBAN SIR SYED(NORTH),0,2022-09-05
2022,37,KHYBAN SIR SYED(NORTH),0,2022-09-12
2022,38,KHYBAN SIR SYED(NORTH),0,2022-09-19
2022,39,KHYBAN SIR SYED(NORTH),0,2022-09-26
2022,40,KHYBAN SIR SYED(NORTH),0,2022-10-03
2022,41,KHYBAN SIR SYED(NORTH),0,2022-10-10
2022,42,KHYBAN SIR SYED(NORTH),0,2022-10-17
2022,43,KHYBAN SIR SYED(NORTH),0,2022-10-24
2022,44,KHYBAN SIR SYED(NORTH),0,2022-10-31
2022,45,KHYBAN SIR SYED(NORTH),0,2022-11-07
2022,46,KHYBAN SIR SYED(NORTH),0,2022-11-14
2022,47,KHYBAN SIR SYED(NORTH),0,2022-11-21
2022,48,KHYBAN SIR SYED(NORTH),0,2022-11-28
2022,49,KHYBAN SIR SYED(NORTH),0,2022-12-05
2022,50,KHYBAN SIR SYED(NORTH),0,2022-12-12
2022,51,KHYBAN SIR SYED(NORTH),0,2022-12-19
2022,52,KHYBAN SIR SYED(NORTH),0,2022-12-26
2023,1,KHYBAN SIR SYED(NORTH),0,2023-01-02
2023,2,KHYBAN SIR SYED(NORTH),0,2023-01-09
2023,3,KHYBAN SIR SYED(NORTH),0,2023-01-16
2023,4,KHYBAN SIR SYED(NORTH),0,2023-01-23
2023,5,KHYBAN SIR SYED(NORTH),0,2023-01-30
2023,6,KHYBAN SIR SYED(NORTH),0,2023-02-06
2023,7,KHYBAN SIR SYED(NORTH),0,2023-02-13
2023,8,KHYBAN SIR SYED(NORTH),0,2023-02-20
2023,9,KHYBAN SIR SYED(NORTH),0,2023-02-27
2023,10,KHYBAN SIR SYED(NORTH),0,2023-03-06
2023,11,KHYBAN SIR SYED(NORTH),0,2023-03-13
2023,12,KHYBAN SIR SYED(NORTH),0,2023-03-20
2023,13,KHYBAN SIR SYED(NORTH),0,2023-03-27
2023,14,KHYBAN SIR SYED(NORTH),0,2023-04-03
2023,15,KHYBAN SIR SYED(NORTH),0,2023-04-10
2023,16,KHYBAN SIR SYED(NORTH),0,2023-04-17
2023,17,KHYBAN SIR SYED(NORTH),0,2023-04-24
2023,18,KHYBAN SIR SYED(NORTH),0,2023-05-01
2023,19,KHYBAN SIR SYED(NORTH),0,2023-05-08
2023,20,KHYBAN SIR SYED(NORTH),0,2023-05-15
2023,21,KHYBAN SIR SYED(NORTH),0,2023-05-22
2023,22,KHYBAN SIR SYED(NORTH),0,2023-05-29
2023,23,KHYBAN SIR SYED(NORTH),0,2023-06-05
2023,24,KHYBAN SIR SYED(NORTH),0,2023-06-12
2023,25,KHYBAN SIR SYED(NORTH),0,2023-06-19
2023,26,KHYBAN SIR SYED(NORTH),0,2023-06-26
2023,27,KHYBAN SIR SYED(NORTH),0,2023-07-03
2023,28,KHYBAN SIR SYED(NORTH),0,2023-07-10
2023,29,KHYBAN SIR SYED(NORTH),0,2023-07-17
2023,30,KHYBAN SIR SYED(NORTH),0,2023-07-24
2023,31,KHYBAN SIR SYED(NORTH),0,2023-07-31
2023,32,KHYBAN SIR SYED(NORTH),0,2023-08-07
2023,33,KHYBAN SIR SYED(NORTH),0,2023-08-14
2023,34,KHYBAN SIR SYED(NORTH),0,2023-08-21
2023,35,KHYBAN SIR SYED(NORTH),0,2023-08-28
2023,36,KHYBAN SIR SYED(NORTH),0,2023-09-04
2023,37,KHYBAN SIR SYED(NORTH),0,2023-09-11
2023,38,KHYBAN SIR SYED(NORTH),0,2023-09-18
2023,39,KHYBAN SIR SYED(NORTH),0,2023-09-25
2023,40,KHYBAN SIR SYED(NORTH),0,2023-10-02
2023,41,KHYBAN SIR SYED(NORTH),0,2023-10-09
2023,42,KHYBAN SIR SYED(NORTH),0,2023-10-16
2023,43,KHYBAN SIR SYED(NORTH),0,2023-10-23
2023,44,KHYBAN SIR SYED(NORTH),0,2023-10-30
2023,45,KHYBAN SIR SYED(NORTH),0,2023-11-06
2023,46,KHYBAN SIR SYED(NORTH),0,2023-11-13
2023,47,KHYBAN SIR SYED(NORTH),0,2023-11-20
2023,48,KHYBAN SIR SYED(NORTH),0,2023-11-27
2023,49,KHYBAN SIR SYED(NORTH),0,2023-12-04
2023,50,KHYBAN SIR SYED(NORTH),0,2023-12-11
2023,51,KHYBAN SIR SYED(NORTH),0,2023-12-18
2023,52,KHYBAN SIR SYED(NORTH),0,2023-12-25
2024,1,KHYBAN SIR SYED(NORTH),0,2024-01-01
2024,2,KHYBAN SIR SYED(NORTH),0,2024-01-08
2024,3,KHYBAN SIR SYED(NORTH),0,2024-01-15
2024,4,KHYBAN SIR SYED(NORTH),0,2024-01-22
2024,5,KHYBAN SIR SYED(NORTH),0,2024-01-29
2024,6,KHYBAN SIR SYED(NORTH),0,2024-02-05
2024,7,KHYBAN SIR SYED(NORTH),0,2024-02-12
2024,8,KHYBAN SIR SYED(NORTH),0,2024-02-19
2024,9,KHYBAN SIR SYED(NORTH),0,2024-02-26
2024,10,KHYBAN SIR SYED(NORTH),0,2024-03-04
2024,11,KHYBAN SIR SYED(NORTH),0,2024-03-11
2024,12,KHYBAN SIR SYED(NORTH),0,2024-03-18
2024,13,KHYBAN SIR SYED(NORTH),0,2024-03-25
2024,14,KHYBAN SIR SYED(NORTH),0,2024-04-01
2024,15,KHYBAN SIR SYED(NORTH),0,2024-04-08
2024,16,KHYBAN SIR SYED(NORTH),0,2024-04-15
2024,17,KHYBAN SIR SYED(NORTH),0,2024-04-22
2024,18,KHYBAN SIR SYED(NORTH),0,2024-04-29
2024,19,KHYBAN SIR SYED(NORTH),0,2024-05-06
2024,20,KHYBAN SIR SYED(NORTH),0,2024-05-13
2024,21,KHYBAN SIR SYED(NORTH),0,2024-05-20
2024,22,KHYBAN SIR SYED(NORTH),0,2024-05-27
2024,23,KHYBAN SIR SYED(NORTH),0,2024-06-03
2024,24,KHYBAN SIR SYED(NORTH),0,2024-06-10
2024,25,KHYBAN SIR SYED(NORTH),0,2024-06-17
2024,26,KHYBAN SIR SYED(NORTH),0,2024-06-24
2024,27,KHYBAN SIR SYED(NORTH),0,2024-07-01
2024,28,KHYBAN SIR SYED(NORTH),0,2024-07-08
2024,29,KHYBAN SIR SYED(NORTH),0,2024-07-15
2024,30,KHYBAN SIR SYED(NORTH),0,2024-07-22
2024,31,KHYBAN SIR SYED(NORTH),0,2024-07-29
2024,32,KHYBAN SIR SYED(NORTH),0,2024-08-05
2024,33,KHYBAN SIR SYED(NORTH),0,2024-08-12
2024,34,KHYBAN SIR SYED(NORTH),0,2024-08-19
2024,35,KHYBAN SIR SYED(NORTH),0,2024-08-26
2024,36,KHYBAN SIR SYED(NORTH),0,2024-09-02
2024,37,KHYBAN SIR SYED(NORTH),0,2024-09-09
2024,38,KHYBAN SIR SYED(NORTH),0,2024-09-16
2024,39,KHYBAN SIR SYED(NORTH),0,2024-09-23
2024,40,KHYBAN SIR SYED(NORTH),0,2024-09-30
2024,41,KHYBAN SIR SYED(NORTH),0,2024-10-07
2024,42,KHYBAN SIR SYED(NORTH),0,2024-10-14
2024,43,KHYBAN SIR SYED(NORTH),0,2024-10-21
2024,44,KHYBAN SIR SYED(NORTH),0,2024-10-28
2024,45,KHYBAN SIR SYED(NORTH),0,2024-11-04
2024,46,KHYBAN SIR SYED(NORTH),0,2024-11-11
2024,47,KHYBAN SIR SYED(NORTH),0,2024-11-18
2024,48,KHYBAN SIR SYED(NORTH),0,2024-11-25
2024,49,KHYBAN SIR SYED(NORTH),0,2024-12-02
2024,50,KHYBAN SIR SYED(NORTH),0,2024-12-09
2024,51,KHYBAN SIR SYED(NORTH),0,2024-12-16
2024,52,KHYBAN SIR SYED(NORTH),0,2024-12-23
2021,1,KHYBAN SIR SYED(SOUTH),0,2021-01-04
2021,2,KHYBAN SIR SYED(SOUTH),0,2021-01-11
2021,3,KHYBAN SIR SYED(SOUTH),0,2021-01-18
2021,4,KHYBAN SIR SYED(SOUTH),0,2021-01-25
2021,5,KHYBAN SIR SYED(SOUTH),0,2021-02-01
2021,6,KHYBAN SIR SYED(SOUTH),0,2021-02-08
2021,7,KHYBAN SIR SYED(SOUTH),0,2021-02-15
2021,8,KHYBAN SIR SYED(SOUTH),0,2021-02-22
2021,9,KHYBAN SIR SYED(SOUTH),0,2021-03-01
2021,10,KHYBAN SIR SYED(SOUTH),0,2021-03-08
2021,11,KHYBAN SIR SYED(SOUTH),0,2021-03-15
2021,12,KHYBAN SIR SYED(SOUTH),0,2021-03-22
2021,13,KHYBAN SIR SYED(SOUTH),0,2021-03-29
2021,14,KHYBAN SIR SYED(SOUTH),0,2021-04-05
2021,15,KHYBAN SIR SYED(SOUTH),0,2021-04-12
2021,16,KHYBAN SIR SYED(SOUTH),0,2021-04-19
2021,17,KHYBAN SIR SYED(SOUTH),0,2021-04-26
2021,18,KHYBAN SIR SYED(SOUTH),0,2021-05-03
2021,19,KHYBAN SIR SYED(SOUTH),0,2021-05-10
2021,20,KHYBAN SIR SYED(SOUTH),0,2021-05-17
2021,21,KHYBAN SIR SYED(SOUTH),0,2021-05-24
2021,22,KHYBAN SIR SYED(SOUTH),0,2021-05-31
2021,23,KHYBAN SIR SYED(SOUTH),0,2021-06-07
2021,24,KHYBAN SIR SYED(SOUTH),0,2021-06-14
2021,25,KHYBAN SIR SYED(SOUTH),0,2021-06-21
2021,26,KHYBAN SIR SYED(SOUTH),0,2021-06-28
2021,27,KHYBAN SIR SYED(SOUTH),0,2021-07-05
2021,28,KHYBAN SIR SYED(SOUTH),0,2021-07-12
2021,29,KHYBAN SIR SYED(SOUTH),0,2021-07-19
2021,30,KHYBAN SIR SYED(SOUTH),0,2021-07-26
2021,31,KHYBAN SIR SYED(SOUTH),0,2021-08-02
2021,32,KHYBAN SIR SYED(SOUTH),0,2021-08-09
2021,33,KHYBAN SIR SYED(SOUTH),0,2021-08-16
2021,34,KHYBAN SIR SYED(SOUTH),0,2021-08-23
2021,35,KHYBAN SIR SYED(SOUTH),0,2021-08-30
2021,36,KHYBAN SIR SYED(SOUTH),0,2021-09-06
2021,37,KHYBAN SIR SYED(SOUTH),0,2021-09-13
2021,38,KHYBAN SIR SYED(SOUTH),0,2021-09-20
2021,39,KHYBAN SIR SYED(SOUTH),0,2021-09-27
2021,40,KHYBAN SIR SYED(SOUTH),0,2021-10-04
2021,41,KHYBAN SIR SYED(SOUTH),0,2021-10-11
2021,42,KHYBAN SIR SYED(SOUTH),0,2021-10-18
2021,43,KHYBAN SIR SYED(SOUTH),0,2021-10-25
2021,44,KHYBAN SIR SYED(SOUTH),0,2021-11-01
2021,45,KHYBAN SIR SYED(SOUTH),0,2021-11-08
2021,46,KHYBAN SIR SYED(SOUTH),0,2021-11-15
2021,47,KHYBAN SIR SYED(SOUTH),0,2021-11-22
2021,48,KHYBAN SIR SYED(SOUTH),0,2021-11-29
2021,49,KHYBAN SIR SYED(SOUTH),0,2021-12-06
2021,50,KHYBAN SIR SYED(SOUTH),0,2021-12-13
2021,51,KHYBAN SIR SYED(SOUTH),0,2021-12-20
2021,52,KHYBAN SIR SYED(SOUTH),0,2021-12-27
2022,1,KHYBAN SIR SYED(SOUTH),0,2022-01-03
2022,2,KHYBAN SIR SYED(SOUTH),0,2022-01-10
2022,3,KHYBAN SIR SYED(SOUTH),0,2022-01-17
2022,4,KHYBAN SIR SYED(SOUTH),0,2022-01-24
2022,5,KHYBAN SIR SYED(SOUTH),0,2022-01-31
2022,6,KHYBAN SIR SYED(SOUTH),0,2022-02-07
2022,7,KHYBAN SIR SYED(SOUTH),0,2022-02-14
2022,8,KHYBAN SIR SYED(SOUTH),0,2022-02-21
2022,9,KHYBAN SIR SYED(SOUTH),0,2022-02-28
2022,10,KHYBAN SIR SYED(SOUTH),0,2022-03-07
2022,11,KHYBAN SIR SYED(SOUTH),0,2022-03-14
2022,12,KHYBAN SIR SYED(SOUTH),0,2022-03-21
2022,13,KHYBAN SIR SYED(SOUTH),0,2022-03-28
2022,14,KHYBAN SIR SYED(SOUTH),0,2022-04-04
2022,15,KHYBAN SIR SYED(SOUTH),0,2022-04-11
2022,16,KHYBAN SIR SYED(SOUTH),0,2022-04-18
2022,17,KHYBAN SIR SYED(SOUTH),0,2022-04-25
2022,18,KHYBAN SIR SYED(SOUTH),0,2022-05-02
2022,19,KHYBAN SIR SYED(SOUTH),0,2022-05-09
2022,20,KHYBAN SIR SYED(SOUTH),0,2022-05-16
2022,21,KHYBAN SIR SYED(SOUTH),0,2022-05-23
2022,22,KHYBAN SIR SYED(SOUTH),0,2022-05-30
2022,23,KHYBAN SIR SYED(SOUTH),0,2022-06-06
2022,24,KHYBAN SIR SYED(SOUTH),0,2022-06-13
2022,25,KHYBAN SIR SYED(SOUTH),0,2022-06-20
2022,26,KHYBAN SIR SYED(SOUTH),0,2022-06-27
2022,27,KHYBAN SIR SYED(SOUTH),0,2022-07-04
2022,28,KHYBAN SIR SYED(SOUTH),0,2022-07-11
2022,29,KHYBAN SIR SYED(SOUTH),0,2022-07-18
2022,30,KHYBAN SIR SYED(SOUTH),0,2022-07-25
2022,31,KHYBAN SIR SYED(SOUTH),0,2022-08-01
2022,32,KHYBAN SIR SYED(SOUTH),0,2022-08-08
2022,33,KHYBAN SIR SYED(SOUTH),0,2022-08-15
2022,34,KHYBAN SIR SYED(SOUTH),0,2022-08-22
2022,35,KHYBAN SIR SYED(SOUTH),0,2022-08-29
2022,36,KHYBAN SIR SYED(SOUTH),0,2022-09-05
2022,37,KHYBAN SIR SYED(SOUTH),0,2022-09-12
2022,38,KHYBAN SIR SYED(SOUTH),0,2022-09-19
2022,39,KHYBAN SIR SYED(SOUTH),0,2022-09-26
2022,40,KHYBAN SIR SYED(SOUTH),0,2022-10-03
2022,41,KHYBAN SIR SYED(SOUTH),0,2022-10-10
2022,42,KHYBAN SIR SYED(SOUTH),0,2022-10-17
2022,43,KHYBAN SIR SYED(SOUTH),0,2022-10-24
2022,44,KHYBAN SIR SYED(SOUTH),0,2022-10-31
2022,45,KHYBAN SIR SYED(SOUTH),1,2022-11-07
2022,46,KHYBAN SIR SYED(SOUTH),0,2022-11-14
2022,47,KHYBAN SIR SYED(SOUTH),0,2022-11-21
2022,48,KHYBAN SIR SYED(SOUTH),0,2022-11-28
2022,49,KHYBAN SIR SYED(SOUTH),0,2022-12-05
2022,50,KHYBAN SIR SYED(SOUTH),0,2022-12-12
2022,51,KHYBAN SIR SYED(SOUTH),0,2022-12-19
2022,52,KHYBAN SIR SYED(SOUTH),0,2022-12-26
2023,1,KHYBAN SIR SYED(SOUTH),0,2023-01-02
2023,2,KHYBAN SIR SYED(SOUTH),0,2023-01-09
2023,3,KHYBAN SIR SYED(SOUTH),0,2023-01-16
2023,4,KHYBAN SIR SYED(SOUTH),0,2023-01-23
2023,5,KHYBAN SIR SYED(SOUTH),0,2023-01-30
2023,6,KHYBAN SIR SYED(SOUTH),0,2023-02-06
2023,7,KHYBAN SIR SYED(SOUTH),0,2023-02-13
2023,8,KHYBAN SIR SYED(SOUTH),0,2023-02-20
2023,9,KHYBAN SIR SYED(SOUTH),0,2023-02-27
2023,10,KHYBAN SIR SYED(SOUTH),0,2023-03-06
2023,11,KHYBAN SIR SYED(SOUTH),0,2023-03-13
2023,12,KHYBAN SIR SYED(SOUTH),0,2023-03-20
2023,13,KHYBAN SIR SYED(SOUTH),0,2023-03-27
2023,14,KHYBAN SIR SYED(SOUTH),0,2023-04-03
2023,15,KHYBAN SIR SYED(SOUTH),0,2023-04-10
2023,16,KHYBAN SIR SYED(SOUTH),0,2023-04-17
2023,17,KHYBAN SIR SYED(SOUTH),0,2023-04-24
2023,18,KHYBAN SIR SYED(SOUTH),0,2023-05-01
2023,19,KHYBAN SIR SYED(SOUTH),0,2023-05-08
2023,20,KHYBAN SIR SYED(SOUTH),0,2023-05-15
2023,21,KHYBAN SIR SYED(SOUTH),0,2023-05-22
2023,22,KHYBAN SIR SYED(SOUTH),0,2023-05-29
2023,23,KHYBAN SIR SYED(SOUTH),0,2023-06-05
2023,24,KHYBAN SIR SYED(SOUTH),0,2023-06-12
2023,25,KHYBAN SIR SYED(SOUTH),0,2023-06-19
2023,26,KHYBAN SIR SYED(SOUTH),0,2023-06-26
2023,27,KHYBAN SIR SYED(SOUTH),0,2023-07-03
2023,28,KHYBAN SIR SYED(SOUTH),0,2023-07-10
2023,29,KHYBAN SIR SYED(SOUTH),0,2023-07-17
2023,30,KHYBAN SIR SYED(SOUTH),0,2023-07-24
2023,31,KHYBAN SIR SYED(SOUTH),0,2023-07-31
2023,32,KHYBAN SIR SYED(SOUTH),0,2023-08-07
2023,33,KHYBAN SIR SYED(SOUTH),0,2023-08-14
2023,34,KHYBAN SIR SYED(SOUTH),0,2023-08-21
2023,35,KHYBAN SIR SYED(SOUTH),0,2023-08-28
2023,36,KHYBAN SIR SYED(SOUTH),0,2023-09-04
2023,37,KHYBAN SIR SYED(SOUTH),0,2023-09-11
2023,38,KHYBAN SIR SYED(SOUTH),0,2023-09-18
2023,39,KHYBAN SIR SYED(SOUTH),0,2023-09-25
2023,40,KHYBAN SIR SYED(SOUTH),0,2023-10-02
2023,41,KHYBAN SIR SYED(SOUTH),0,2023-10-09
2023,42,KHYBAN SIR SYED(SOUTH),0,2023-10-16
2023,43,KHYBAN SIR SYED(SOUTH),0,2023-10-23
2023,44,KHYBAN SIR SYED(SOUTH),0,2023-10-30
2023,45,KHYBAN SIR SYED(SOUTH),0,2023-11-06
2023,46,KHYBAN SIR SYED(SOUTH),0,2023-11-13
2023,47,KHYBAN SIR SYED(SOUTH),0,2023-11-20
2023,48,KHYBAN SIR SYED(SOUTH),0,2023-11-27
2023,49,KHYBAN SIR SYED(SOUTH),0,2023-12-04
2023,50,KHYBAN SIR SYED(SOUTH),0,2023-12-11
2023,51,KHYBAN SIR SYED(SOUTH),0,2023-12-18
2023,52,KHYBAN SIR SYED(SOUTH),0,2023-12-25
2024,1,KHYBAN SIR SYED(SOUTH),0,2024-01-01
2024,2,KHYBAN SIR SYED(SOUTH),0,2024-01-08
2024,3,KHYBAN SIR SYED(SOUTH),0,2024-01-15
2024,4,KHYBAN SIR SYED(SOUTH),0,2024-01-22
2024,5,KHYBAN SIR SYED(SOUTH),0,2024-01-29
2024,6,KHYBAN SIR SYED(SOUTH),0,2024-02-05
2024,7,KHYBAN SIR SYED(SOUTH),0,2024-02-12
2024,8,KHYBAN SIR SYED(SOUTH),0,2024-02-19
2024,9,KHYBAN SIR SYED(SOUTH),0,2024-02-26
2024,10,KHYBAN SIR SYED(SOUTH),0,2024-03-04
2024,11,KHYBAN SIR SYED(SOUTH),0,2024-03-11
2024,12,KHYBAN SIR SYED(SOUTH),0,2024-03-18
2024,13,KHYBAN SIR SYED(SOUTH),0,2024-03-25
2024,14,KHYBAN SIR SYED(SOUTH),0,2024-04-01
2024,15,KHYBAN SIR SYED(SOUTH),0,2024-04-08
2024,16,KHYBAN SIR SYED(SOUTH),0,2024-04-15
2024,17,KHYBAN SIR SYED(SOUTH),0,2024-04-22
2024,18,KHYBAN SIR SYED(SOUTH),0,2024-04-29
2024,19,KHYBAN SIR SYED(SOUTH),0,2024-05-06
2024,20,KHYBAN SIR SYED(SOUTH),0,2024-05-13
2024,21,KHYBAN SIR SYED(SOUTH),0,2024-05-20
2024,22,KHYBAN SIR SYED(SOUTH),0,2024-05-27
2024,23,KHYBAN SIR SYED(SOUTH),0,2024-06-03
2024,24,KHYBAN SIR SYED(SOUTH),0,2024-06-10
2024,25,KHYBAN SIR SYED(SOUTH),0,2024-06-17
2024,26,KHYBAN SIR SYED(SOUTH),0,2024-06-24
2024,27,KHYBAN SIR SYED(SOUTH),0,2024-07-01
2024,28,KHYBAN SIR SYED(SOUTH),0,2024-07-08
2024,29,KHYBAN SIR SYED(SOUTH),0,2024-07-15
2024,30,KHYBAN SIR SYED(SOUTH),0,2024-07-22
2024,31,KHYBAN SIR SYED(SOUTH),0,2024-07-29
2024,32,KHYBAN SIR SYED(SOUTH),0,2024-08-05
2024,33,KHYBAN SIR SYED(SOUTH),0,2024-08-12
2024,34,KHYBAN SIR SYED(SOUTH),0,2024-08-19
2024,35,KHYBAN SIR SYED(SOUTH),0,2024-08-26
2024,36,KHYBAN SIR SYED(SOUTH),0,2024-09-02
2024,37,KHYBAN SIR SYED(SOUTH),0,2024-09-09
2024,38,KHYBAN SIR SYED(SOUTH),0,2024-09-16
2024,39,KHYBAN SIR SYED(SOUTH),0,2024-09-23
2024,40,KHYBAN SIR SYED(SOUTH),0,2024-09-30
2024,41,KHYBAN SIR SYED(SOUTH),0,2024-10-07
2024,42,KHYBAN SIR SYED(SOUTH),2,2024-10-14
2024,43,KHYBAN SIR SYED(SOUTH),0,2024-10-21
2024,44,KHYBAN SIR SYED(SOUTH),0,2024-10-28
2024,45,KHYBAN SIR SYED(SOUTH),0,2024-11-04
2024,46,KHYBAN SIR SYED(SOUTH),0,2024-11-11
2024,47,KHYBAN SIR SYED(SOUTH),0,2024-11-18
2024,48,KHYBAN SIR SYED(SOUTH),0,2024-11-25
2024,49,KHYBAN SIR SYED(SOUTH),0,2024-12-02
2024,50,KHYBAN SIR SYED(SOUTH),0,2024-12-09
2024,51,KHYBAN SIR SYED(SOUTH),0,2024-12-16
2024,52,KHYBAN SIR SYED(SOUTH),0,2024-12-23
2021,1,KOTHA KALAN,0,2021-01-04
2021,2,KOTHA KALAN,0,2021-01-11
2021,3,KOTHA KALAN,0,2021-01-18
2021,4,KOTHA KALAN,0,2021-01-25
2021,5,KOTHA KALAN,0,2021-02-01
2021,6,KOTHA KALAN,0,2021-02-08
2021,7,KOTHA KALAN,0,2021-02-15
2021,8,KOTHA KALAN,0,2021-02-22
2021,9,KOTHA KALAN,0,2021-03-01
2021,10,KOTHA KALAN,0,2021-03-08
2021,11,KOTHA KALAN,0,2021-03-15
2021,12,KOTHA KALAN,0,2021-03-22
2021,13,KOTHA KALAN,0,2021-03-29
2021,14,KOTHA KALAN,0,2021-04-05
2021,15,KOTHA KALAN,0,2021-04-12
2021,16,KOTHA KALAN,0,2021-04-19
2021,17,KOTHA KALAN,0,2021-04-26
2021,18,KOTHA KALAN,0,2021-05-03
2021,19,KOTHA KALAN,0,2021-05-10
2021,20,KOTHA KALAN,0,2021-05-17
2021,21,KOTHA KALAN,0,2021-05-24
2021,22,KOTHA KALAN,0,2021-05-31
2021,23,KOTHA KALAN,0,2021-06-07
2021,24,KOTHA KALAN,0,2021-06-14
2021,25,KOTHA KALAN,0,2021-06-21
2021,26,KOTHA KALAN,0,2021-06-28
2021,27,KOTHA KALAN,0,2021-07-05
2021,28,KOTHA KALAN,0,2021-07-12
2021,29,KOTHA KALAN,0,2021-07-19
2021,30,KOTHA KALAN,0,2021-07-26
2021,31,KOTHA KALAN,0,2021-08-02
2021,32,KOTHA KALAN,0,2021-08-09
2021,33,KOTHA KALAN,0,2021-08-16
2021,34,KOTHA KALAN,0,2021-08-23
2021,35,KOTHA KALAN,0,2021-08-30
2021,36,KOTHA KALAN,0,2021-09-06
2021,37,KOTHA KALAN,0,2021-09-13
2021,38,KOTHA KALAN,0,2021-09-20
2021,39,KOTHA KALAN,1,2021-09-27
2021,40,KOTHA KALAN,5,2021-10-04
2021,41,KOTHA KALAN,9,2021-10-11
2021,42,KOTHA KALAN,4,2021-10-18
2021,43,KOTHA KALAN,11,2021-10-25
2021,44,KOTHA KALAN,9,2021-11-01
2021,45,KOTHA KALAN,5,2021-11-08
2021,46,KOTHA KALAN,3,2021-11-15
2021,47,KOTHA KALAN,1,2021-11-22
2021,48,KOTHA KALAN,0,2021-11-29
2021,49,KOTHA KALAN,1,2021-12-06
2021,50,KOTHA KALAN,0,2021-12-13
2021,51,KOTHA KALAN,0,2021-12-20
2021,52,KOTHA KALAN,0,2021-12-27
2022,1,KOTHA KALAN,0,2022-01-03
2022,2,KOTHA KALAN,0,2022-01-10
2022,3,KOTHA KALAN,0,2022-01-17
2022,4,KOTHA KALAN,0,2022-01-24
2022,5,KOTHA KALAN,0,2022-01-31
2022,6,KOTHA KALAN,0,2022-02-07
2022,7,KOTHA KALAN,0,2022-02-14
2022,8,KOTHA KALAN,0,2022-02-21
2022,9,KOTHA KALAN,0,2022-02-28
2022,10,KOTHA KALAN,0,2022-03-07
2022,11,KOTHA KALAN,0,2022-03-14
2022,12,KOTHA KALAN,0,2022-03-21
2022,13,KOTHA KALAN,0,2022-03-28
2022,14,KOTHA KALAN,0,2022-04-04
2022,15,KOTHA KALAN,0,2022-04-11
2022,16,KOTHA KALAN,0,2022-04-18
2022,17,KOTHA KALAN,0,2022-04-25
2022,18,KOTHA KALAN,0,2022-05-02
2022,19,KOTHA KALAN,0,2022-05-09
2022,20,KOTHA KALAN,0,2022-05-16
2022,21,KOTHA KALAN,0,2022-05-23
2022,22,KOTHA KALAN,0,2022-05-30
2022,23,KOTHA KALAN,0,2022-06-06
2022,24,KOTHA KALAN,0,2022-06-13
2022,25,KOTHA KALAN,0,2022-06-20
2022,26,KOTHA KALAN,0,2022-06-27
2022,27,KOTHA KALAN,0,2022-07-04
2022,28,KOTHA KALAN,0,2022-07-11
2022,29,KOTHA KALAN,0,2022-07-18
2022,30,KOTHA KALAN,0,2022-07-25
2022,31,KOTHA KALAN,0,2022-08-01
2022,32,KOTHA KALAN,2,2022-08-08
2022,33,KOTHA KALAN,0,2022-08-15
2022,34,KOTHA KALAN,0,2022-08-22
2022,35,KOTHA KALAN,2,2022-08-29
2022,36,KOTHA KALAN,0,2022-09-05
2022,37,KOTHA KALAN,9,2022-09-12
2022,38,KOTHA KALAN,24,2022-09-19
2022,39,KOTHA KALAN,18,2022-09-26
2022,40,KOTHA KALAN,21,2022-10-03
2022,41,KOTHA KALAN,23,2022-10-10
2022,42,KOTHA KALAN,17,2022-10-17
2022,43,KOTHA KALAN,21,2022-10-24
2022,44,KOTHA KALAN,20,2022-10-31
2022,45,KOTHA KALAN,10,2022-11-07
2022,46,KOTHA KALAN,4,2022-11-14
2022,47,KOTHA KALAN,3,2022-11-21
2022,48,KOTHA KALAN,1,2022-11-28
2022,49,KOTHA KALAN,0,2022-12-05
2022,50,KOTHA KALAN,0,2022-12-12
2022,51,KOTHA KALAN,0,2022-12-19
2022,52,KOTHA KALAN,0,2022-12-26
2023,1,KOTHA KALAN,0,2023-01-02
2023,2,KOTHA KALAN,0,2023-01-09
2023,3,KOTHA KALAN,0,2023-01-16
2023,4,KOTHA KALAN,0,2023-01-23
2023,5,KOTHA KALAN,0,2023-01-30
2023,6,KOTHA KALAN,0,2023-02-06
2023,7,KOTHA KALAN,0,2023-02-13
2023,8,KOTHA KALAN,0,2023-02-20
2023,9,KOTHA KALAN,0,2023-02-27
2023,10,KOTHA KALAN,0,2023-03-06
2023,11,KOTHA KALAN,0,2023-03-13
2023,12,KOTHA KALAN,0,2023-03-20
2023,13,KOTHA KALAN,0,2023-03-27
2023,14,KOTHA KALAN,0,2023-04-03
2023,15,KOTHA KALAN,0,2023-04-10
2023,16,KOTHA KALAN,0,2023-04-17
2023,17,KOTHA KALAN,0,2023-04-24
2023,18,KOTHA KALAN,0,2023-05-01
2023,19,KOTHA KALAN,0,2023-05-08
2023,20,KOTHA KALAN,0,2023-05-15
2023,21,KOTHA KALAN,0,2023-05-22
2023,22,KOTHA KALAN,0,2023-05-29
2023,23,KOTHA KALAN,0,2023-06-05
2023,24,KOTHA KALAN,0,2023-06-12
2023,25,KOTHA KALAN,0,2023-06-19
2023,26,KOTHA KALAN,0,2023-06-26
2023,27,KOTHA KALAN,0,2023-07-03
2023,28,KOTHA KALAN,0,2023-07-10
2023,29,KOTHA KALAN,0,2023-07-17
2023,30,KOTHA KALAN,0,2023-07-24
2023,31,KOTHA KALAN,0,2023-07-31
2023,32,KOTHA KALAN,0,2023-08-07
2023,33,KOTHA KALAN,0,2023-08-14
2023,34,KOTHA KALAN,1,2023-08-21
2023,35,KOTHA KALAN,1,2023-08-28
2023,36,KOTHA KALAN,3,2023-09-04
2023,37,KOTHA KALAN,8,2023-09-11
2023,38,KOTHA KALAN,13,2023-09-18
2023,39,KOTHA KALAN,16,2023-09-25
2023,40,KOTHA KALAN,30,2023-10-02
2023,41,KOTHA KALAN,14,2023-10-09
2023,42,KOTHA KALAN,7,2023-10-16
2023,43,KOTHA KALAN,11,2023-10-23
2023,44,KOTHA KALAN,5,2023-10-30
2023,45,KOTHA KALAN,7,2023-11-06
2023,46,KOTHA KALAN,7,2023-11-13
2023,47,KOTHA KALAN,1,2023-11-20
2023,48,KOTHA KALAN,1,2023-11-27
2023,49,KOTHA KALAN,0,2023-12-04
2023,50,KOTHA KALAN,0,2023-12-11
2023,51,KOTHA KALAN,0,2023-12-18
2023,52,KOTHA KALAN,0,2023-12-25
2024,1,KOTHA KALAN,0,2024-01-01
2024,2,KOTHA KALAN,0,2024-01-08
2024,3,KOTHA KALAN,0,2024-01-15
2024,4,KOTHA KALAN,0,2024-01-22
2024,5,KOTHA KALAN,0,2024-01-29
2024,6,KOTHA KALAN,0,2024-02-05
2024,7,KOTHA KALAN,0,2024-02-12
2024,8,KOTHA KALAN,0,2024-02-19
2024,9,KOTHA KALAN,0,2024-02-26
2024,10,KOTHA KALAN,0,2024-03-04
2024,11,KOTHA KALAN,0,2024-03-11
2024,12,KOTHA KALAN,0,2024-03-18
2024,13,KOTHA KALAN,0,2024-03-25
2024,14,KOTHA KALAN,0,2024-04-01
2024,15,KOTHA KALAN,0,2024-04-08
2024,16,KOTHA KALAN,0,2024-04-15
2024,17,KOTHA KALAN,0,2024-04-22
2024,18,KOTHA KALAN,0,2024-04-29
2024,19,KOTHA KALAN,0,2024-05-06
2024,20,KOTHA KALAN,0,2024-05-13
2024,21,KOTHA KALAN,0,2024-05-20
2024,22,KOTHA KALAN,0,2024-05-27
2024,23,KOTHA KALAN,0,2024-06-03
2024,24,KOTHA KALAN,0,2024-06-10
2024,25,KOTHA KALAN,0,2024-06-17
2024,26,KOTHA KALAN,0,2024-06-24
2024,27,KOTHA KALAN,0,2024-07-01
2024,28,KOTHA KALAN,0,2024-07-08
2024,29,KOTHA KALAN,0,2024-07-15
2024,30,KOTHA KALAN,0,2024-07-22
2024,31,KOTHA KALAN,0,2024-07-29
2024,32,KOTHA KALAN,0,2024-08-05
2024,33,KOTHA KALAN,0,2024-08-12
2024,34,KOTHA KALAN,0,2024-08-19
2024,35,KOTHA KALAN,1,2024-08-26
2024,36,KOTHA KALAN,2,2024-09-02
2024,37,KOTHA KALAN,2,2024-09-09
2024,38,KOTHA KALAN,10,2024-09-16
2024,39,KOTHA KALAN,21,2024-09-23
2024,40,KOTHA KALAN,29,2024-09-30
2024,41,KOTHA KALAN,39,2024-10-07
2024,42,KOTHA KALAN,35,2024-10-14
2024,43,KOTHA KALAN,31,2024-10-21
2024,44,KOTHA KALAN,37,2024-10-28
2024,45,KOTHA KALAN,21,2024-11-04
2024,46,KOTHA KALAN,15,2024-11-11
2024,47,KOTHA KALAN,4,2024-11-18
2024,48,KOTHA KALAN,0,2024-11-25
2024,49,KOTHA KALAN,0,2024-12-02
2024,50,KOTHA KALAN,0,2024-12-09
2024,51,KOTHA KALAN,0,2024-12-16
2024,52,KOTHA KALAN,0,2024-12-23
2021,1,Khurram Colony,0,2021-01-04
2021,2,Khurram Colony,0,2021-01-11
2021,3,Khurram Colony,0,2021-01-18
2021,4,Khurram Colony,0,2021-01-25
2021,5,Khurram Colony,0,2021-02-01
2021,6,Khurram Colony,0,2021-02-08
2021,7,Khurram Colony,0,2021-02-15
2021,8,Khurram Colony,0,2021-02-22
2021,9,Khurram Colony,0,2021-03-01
2021,10,Khurram Colony,0,2021-03-08
2021,11,Khurram Colony,0,2021-03-15
2021,12,Khurram Colony,0,2021-03-22
2021,13,Khurram Colony,0,2021-03-29
2021,14,Khurram Colony,0,2021-04-05
2021,15,Khurram Colony,0,2021-04-12
2021,16,Khurram Colony,0,2021-04-19
2021,17,Khurram Colony,0,2021-04-26
2021,18,Khurram Colony,0,2021-05-03
2021,19,Khurram Colony,0,2021-05-10
2021,20,Khurram Colony,0,2021-05-17
2021,21,Khurram Colony,0,2021-05-24
2021,22,Khurram Colony,0,2021-05-31
2021,23,Khurram Colony,0,2021-06-07
2021,24,Khurram Colony,0,2021-06-14
2021,25,Khurram Colony,0,2021-06-21
2021,26,Khurram Colony,0,2021-06-28
2021,27,Khurram Colony,0,2021-07-05
2021,28,Khurram Colony,0,2021-07-12
2021,29,Khurram Colony,0,2021-07-19
2021,30,Khurram Colony,0,2021-07-26
2021,31,Khurram Colony,0,2021-08-02
2021,32,Khurram Colony,0,2021-08-09
2021,33,Khurram Colony,0,2021-08-16
2021,34,Khurram Colony,0,2021-08-23
2021,35,Khurram Colony,0,2021-08-30
2021,36,Khurram Colony,1,2021-09-06
2021,37,Khurram Colony,0,2021-09-13
2021,38,Khurram Colony,2,2021-09-20
2021,39,Khurram Colony,2,2021-09-27
2021,40,Khurram Colony,2,2021-10-04
2021,41,Khurram Colony,4,2021-10-11
2021,42,Khurram Colony,0,2021-10-18
2021,43,Khurram Colony,4,2021-10-25
2021,44,Khurram Colony,3,2021-11-01
2021,45,Khurram Colony,1,2021-11-08
2021,46,Khurram Colony,2,2021-11-15
2021,47,Khurram Colony,2,2021-11-22
2021,48,Khurram Colony,0,2021-11-29
2021,49,Khurram Colony,0,2021-12-06
2021,50,Khurram Colony,0,2021-12-13
2021,51,Khurram Colony,0,2021-12-20
2021,52,Khurram Colony,0,2021-12-27
2022,1,Khurram Colony,0,2022-01-03
2022,2,Khurram Colony,0,2022-01-10
2022,3,Khurram Colony,0,2022-01-17
2022,4,Khurram Colony,0,2022-01-24
2022,5,Khurram Colony,0,2022-01-31
2022,6,Khurram Colony,0,2022-02-07
2022,7,Khurram Colony,0,2022-02-14
2022,8,Khurram Colony,0,2022-02-21
2022,9,Khurram Colony,0,2022-02-28
2022,10,Khurram Colony,0,2022-03-07
2022,11,Khurram Colony,0,2022-03-14
2022,12,Khurram Colony,0,2022-03-21
2022,13,Khurram Colony,0,2022-03-28
2022,14,Khurram Colony,0,2022-04-04
2022,15,Khurram Colony,0,2022-04-11
2022,16,Khurram Colony,0,2022-04-18
2022,17,Khurram Colony,0,2022-04-25
2022,18,Khurram Colony,0,2022-05-02
2022,19,Khurram Colony,1,2022-05-09
2022,20,Khurram Colony,0,2022-05-16
2022,21,Khurram Colony,0,2022-05-23
2022,22,Khurram Colony,0,2022-05-30
2022,23,Khurram Colony,0,2022-06-06
2022,24,Khurram Colony,0,2022-06-13
2022,25,Khurram Colony,0,2022-06-20
2022,26,Khurram Colony,0,2022-06-27
2022,27,Khurram Colony,0,2022-07-04
2022,28,Khurram Colony,0,2022-07-11
2022,29,Khurram Colony,0,2022-07-18
2022,30,Khurram Colony,0,2022-07-25
2022,31,Khurram Colony,0,2022-08-01
2022,32,Khurram Colony,0,2022-08-08
2022,33,Khurram Colony,0,2022-08-15
2022,34,Khurram Colony,0,2022-08-22
2022,35,Khurram Colony,1,2022-08-29
2022,36,Khurram Colony,5,2022-09-05
2022,37,Khurram Colony,11,2022-09-12
2022,38,Khurram Colony,10,2022-09-19
2022,39,Khurram Colony,13,2022-09-26
2022,40,Khurram Colony,11,2022-10-03
2022,41,Khurram Colony,17,2022-10-10
2022,42,Khurram Colony,13,2022-10-17
2022,43,Khurram Colony,14,2022-10-24
2022,44,Khurram Colony,6,2022-10-31
2022,45,Khurram Colony,3,2022-11-07
2022,46,Khurram Colony,1,2022-11-14
2022,47,Khurram Colony,1,2022-11-21
2022,48,Khurram Colony,0,2022-11-28
2022,49,Khurram Colony,0,2022-12-05
2022,50,Khurram Colony,0,2022-12-12
2022,51,Khurram Colony,0,2022-12-19
2022,52,Khurram Colony,0,2022-12-26
2023,1,Khurram Colony,0,2023-01-02
2023,2,Khurram Colony,0,2023-01-09
2023,3,Khurram Colony,0,2023-01-16
2023,4,Khurram Colony,0,2023-01-23
2023,5,Khurram Colony,0,2023-01-30
2023,6,Khurram Colony,0,2023-02-06
2023,7,Khurram Colony,0,2023-02-13
2023,8,Khurram Colony,0,2023-02-20
2023,9,Khurram Colony,0,2023-02-27
2023,10,Khurram Colony,0,2023-03-06
2023,11,Khurram Colony,0,2023-03-13
2023,12,Khurram Colony,0,2023-03-20
2023,13,Khurram Colony,0,2023-03-27
2023,14,Khurram Colony,0,2023-04-03
2023,15,Khurram Colony,0,2023-04-10
2023,16,Khurram Colony,0,2023-04-17
2023,17,Khurram Colony,0,2023-04-24
2023,18,Khurram Colony,0,2023-05-01
2023,19,Khurram Colony,0,2023-05-08
2023,20,Khurram Colony,0,2023-05-15
2023,21,Khurram Colony,0,2023-05-22
2023,22,Khurram Colony,0,2023-05-29
2023,23,Khurram Colony,0,2023-06-05
2023,24,Khurram Colony,0,2023-06-12
2023,25,Khurram Colony,0,2023-06-19
2023,26,Khurram Colony,0,2023-06-26
2023,27,Khurram Colony,0,2023-07-03
2023,28,Khurram Colony,0,2023-07-10
2023,29,Khurram Colony,0,2023-07-17
2023,30,Khurram Colony,0,2023-07-24
2023,31,Khurram Colony,0,2023-07-31
2023,32,Khurram Colony,0,2023-08-07
2023,33,Khurram Colony,0,2023-08-14
2023,34,Khurram Colony,0,2023-08-21
2023,35,Khurram Colony,1,2023-08-28
2023,36,Khurram Colony,3,2023-09-04
2023,37,Khurram Colony,4,2023-09-11
2023,38,Khurram Colony,7,2023-09-18
2023,39,Khurram Colony,10,2023-09-25
2023,40,Khurram Colony,20,2023-10-02
2023,41,Khurram Colony,29,2023-10-09
2023,42,Khurram Colony,13,2023-10-16
2023,43,Khurram Colony,12,2023-10-23
2023,44,Khurram Colony,14,2023-10-30
2023,45,Khurram Colony,6,2023-11-06
2023,46,Khurram Colony,4,2023-11-13
2023,47,Khurram Colony,2,2023-11-20
2023,48,Khurram Colony,0,2023-11-27
2023,49,Khurram Colony,0,2023-12-04
2023,50,Khurram Colony,0,2023-12-11
2023,51,Khurram Colony,0,2023-12-18
2023,52,Khurram Colony,0,2023-12-25
2024,1,Khurram Colony,0,2024-01-01
2024,2,Khurram Colony,0,2024-01-08
2024,3,Khurram Colony,0,2024-01-15
2024,4,Khurram Colony,0,2024-01-22
2024,5,Khurram Colony,0,2024-01-29
2024,6,Khurram Colony,0,2024-02-05
2024,7,Khurram Colony,0,2024-02-12
2024,8,Khurram Colony,0,2024-02-19
2024,9,Khurram Colony,0,2024-02-26
2024,10,Khurram Colony,0,2024-03-04
2024,11,Khurram Colony,0,2024-03-11
2024,12,Khurram Colony,0,2024-03-18
2024,13,Khurram Colony,0,2024-03-25
2024,14,Khurram Colony,0,2024-04-01
2024,15,Khurram Colony,0,2024-04-08
2024,16,Khurram Colony,0,2024-04-15
2024,17,Khurram Colony,0,2024-04-22
2024,18,Khurram Colony,0,2024-04-29
2024,19,Khurram Colony,0,2024-05-06
2024,20,Khurram Colony,0,2024-05-13
2024,21,Khurram Colony,0,2024-05-20
2024,22,Khurram Colony,0,2024-05-27
2024,23,Khurram Colony,0,2024-06-03
2024,24,Khurram Colony,0,2024-06-10
2024,25,Khurram Colony,0,2024-06-17
2024,26,Khurram Colony,0,2024-06-24
2024,27,Khurram Colony,0,2024-07-01
2024,28,Khurram Colony,0,2024-07-08
2024,29,Khurram Colony,0,2024-07-15
2024,30,Khurram Colony,0,2024-07-22
2024,31,Khurram Colony,0,2024-07-29
2024,32,Khurram Colony,0,2024-08-05
2024,33,Khurram Colony,0,2024-08-12
2024,34,Khurram Colony,0,2024-08-19
2024,35,Khurram Colony,1,2024-08-26
2024,36,Khurram Colony,1,2024-09-02
2024,37,Khurram Colony,1,2024-09-09
2024,38,Khurram Colony,5,2024-09-16
2024,39,Khurram Colony,23,2024-09-23
2024,40,Khurram Colony,36,2024-09-30
2024,41,Khurram Colony,21,2024-10-07
2024,42,Khurram Colony,22,2024-10-14
2024,43,Khurram Colony,19,2024-10-21
2024,44,Khurram Colony,23,2024-10-28
2024,45,Khurram Colony,21,2024-11-04
2024,46,Khurram Colony,7,2024-11-11
2024,47,Khurram Colony,4,2024-11-18
2024,48,Khurram Colony,3,2024-11-25
2024,49,Khurram Colony,1,2024-12-02
2024,50,Khurram Colony,0,2024-12-09
2024,51,Khurram Colony,0,2024-12-16
2024,52,Khurram Colony,0,2024-12-23
2021,1,Kolian Hamid,0,2021-01-04
2021,2,Kolian Hamid,0,2021-01-11
2021,3,Kolian Hamid,0,2021-01-18
2021,4,Kolian Hamid,0,2021-01-25
2021,5,Kolian Hamid,0,2021-02-01
2021,6,Kolian Hamid,0,2021-02-08
2021,7,Kolian Hamid,0,2021-02-15
2021,8,Kolian Hamid,0,2021-02-22
2021,9,Kolian Hamid,0,2021-03-01
2021,10,Kolian Hamid,0,2021-03-08
2021,11,Kolian Hamid,0,2021-03-15
2021,12,Kolian Hamid,0,2021-03-22
2021,13,Kolian Hamid,0,2021-03-29
2021,14,Kolian Hamid,0,2021-04-05
2021,15,Kolian Hamid,0,2021-04-12
2021,16,Kolian Hamid,0,2021-04-19
2021,17,Kolian Hamid,0,2021-04-26
2021,18,Kolian Hamid,0,2021-05-03
2021,19,Kolian Hamid,0,2021-05-10
2021,20,Kolian Hamid,0,2021-05-17
2021,21,Kolian Hamid,0,2021-05-24
2021,22,Kolian Hamid,0,2021-05-31
2021,23,Kolian Hamid,0,2021-06-07
2021,24,Kolian Hamid,0,2021-06-14
2021,25,Kolian Hamid,0,2021-06-21
2021,26,Kolian Hamid,0,2021-06-28
2021,27,Kolian Hamid,0,2021-07-05
2021,28,Kolian Hamid,0,2021-07-12
2021,29,Kolian Hamid,0,2021-07-19
2021,30,Kolian Hamid,0,2021-07-26
2021,31,Kolian Hamid,0,2021-08-02
2021,32,Kolian Hamid,0,2021-08-09
2021,33,Kolian Hamid,0,2021-08-16
2021,34,Kolian Hamid,0,2021-08-23
2021,35,Kolian Hamid,0,2021-08-30
2021,36,Kolian Hamid,0,2021-09-06
2021,37,Kolian Hamid,0,2021-09-13
2021,38,Kolian Hamid,0,2021-09-20
2021,39,Kolian Hamid,0,2021-09-27
2021,40,Kolian Hamid,0,2021-10-04
2021,41,Kolian Hamid,0,2021-10-11
2021,42,Kolian Hamid,0,2021-10-18
2021,43,Kolian Hamid,0,2021-10-25
2021,44,Kolian Hamid,0,2021-11-01
2021,45,Kolian Hamid,0,2021-11-08
2021,46,Kolian Hamid,0,2021-11-15
2021,47,Kolian Hamid,0,2021-11-22
2021,48,Kolian Hamid,0,2021-11-29
2021,49,Kolian Hamid,0,2021-12-06
2021,50,Kolian Hamid,0,2021-12-13
2021,51,Kolian Hamid,0,2021-12-20
2021,52,Kolian Hamid,0,2021-12-27
2022,1,Kolian Hamid,0,2022-01-03
2022,2,Kolian Hamid,0,2022-01-10
2022,3,Kolian Hamid,0,2022-01-17
2022,4,Kolian Hamid,0,2022-01-24
2022,5,Kolian Hamid,0,2022-01-31
2022,6,Kolian Hamid,0,2022-02-07
2022,7,Kolian Hamid,0,2022-02-14
2022,8,Kolian Hamid,0,2022-02-21
2022,9,Kolian Hamid,0,2022-02-28
2022,10,Kolian Hamid,0,2022-03-07
2022,11,Kolian Hamid,0,2022-03-14
2022,12,Kolian Hamid,0,2022-03-21
2022,13,Kolian Hamid,0,2022-03-28
2022,14,Kolian Hamid,0,2022-04-04
2022,15,Kolian Hamid,0,2022-04-11
2022,16,Kolian Hamid,0,2022-04-18
2022,17,Kolian Hamid,0,2022-04-25
2022,18,Kolian Hamid,0,2022-05-02
2022,19,Kolian Hamid,0,2022-05-09
2022,20,Kolian Hamid,0,2022-05-16
2022,21,Kolian Hamid,0,2022-05-23
2022,22,Kolian Hamid,0,2022-05-30
2022,23,Kolian Hamid,0,2022-06-06
2022,24,Kolian Hamid,0,2022-06-13
2022,25,Kolian Hamid,0,2022-06-20
2022,26,Kolian Hamid,0,2022-06-27
2022,27,Kolian Hamid,0,2022-07-04
2022,28,Kolian Hamid,0,2022-07-11
2022,29,Kolian Hamid,0,2022-07-18
2022,30,Kolian Hamid,0,2022-07-25
2022,31,Kolian Hamid,0,2022-08-01
2022,32,Kolian Hamid,0,2022-08-08
2022,33,Kolian Hamid,0,2022-08-15
2022,34,Kolian Hamid,0,2022-08-22
2022,35,Kolian Hamid,0,2022-08-29
2022,36,Kolian Hamid,0,2022-09-05
2022,37,Kolian Hamid,0,2022-09-12
2022,38,Kolian Hamid,1,2022-09-19
2022,39,Kolian Hamid,2,2022-09-26
2022,40,Kolian Hamid,0,2022-10-03
2022,41,Kolian Hamid,0,2022-10-10
2022,42,Kolian Hamid,1,2022-10-17
2022,43,Kolian Hamid,0,2022-10-24
2022,44,Kolian Hamid,0,2022-10-31
2022,45,Kolian Hamid,0,2022-11-07
2022,46,Kolian Hamid,0,2022-11-14
2022,47,Kolian Hamid,0,2022-11-21
2022,48,Kolian Hamid,0,2022-11-28
2022,49,Kolian Hamid,0,2022-12-05
2022,50,Kolian Hamid,0,2022-12-12
2022,51,Kolian Hamid,0,2022-12-19
2022,52,Kolian Hamid,0,2022-12-26
2023,1,Kolian Hamid,0,2023-01-02
2023,2,Kolian Hamid,0,2023-01-09
2023,3,Kolian Hamid,0,2023-01-16
2023,4,Kolian Hamid,0,2023-01-23
2023,5,Kolian Hamid,0,2023-01-30
2023,6,Kolian Hamid,0,2023-02-06
2023,7,Kolian Hamid,0,2023-02-13
2023,8,Kolian Hamid,0,2023-02-20
2023,9,Kolian Hamid,0,2023-02-27
2023,10,Kolian Hamid,0,2023-03-06
2023,11,Kolian Hamid,0,2023-03-13
2023,12,Kolian Hamid,0,2023-03-20
2023,13,Kolian Hamid,0,2023-03-27
2023,14,Kolian Hamid,0,2023-04-03
2023,15,Kolian Hamid,0,2023-04-10
2023,16,Kolian Hamid,0,2023-04-17
2023,17,Kolian Hamid,0,2023-04-24
2023,18,Kolian Hamid,0,2023-05-01
2023,19,Kolian Hamid,0,2023-05-08
2023,20,Kolian Hamid,0,2023-05-15
2023,21,Kolian Hamid,0,2023-05-22
2023,22,Kolian Hamid,0,2023-05-29
2023,23,Kolian Hamid,0,2023-06-05
2023,24,Kolian Hamid,0,2023-06-12
2023,25,Kolian Hamid,0,2023-06-19
2023,26,Kolian Hamid,0,2023-06-26
2023,27,Kolian Hamid,0,2023-07-03
2023,28,Kolian Hamid,0,2023-07-10
2023,29,Kolian Hamid,0,2023-07-17
2023,30,Kolian Hamid,0,2023-07-24
2023,31,Kolian Hamid,1,2023-07-31
2023,32,Kolian Hamid,0,2023-08-07
2023,33,Kolian Hamid,0,2023-08-14
2023,34,Kolian Hamid,0,2023-08-21
2023,35,Kolian Hamid,0,2023-08-28
2023,36,Kolian Hamid,0,2023-09-04
2023,37,Kolian Hamid,0,2023-09-11
2023,38,Kolian Hamid,0,2023-09-18
2023,39,Kolian Hamid,0,2023-09-25
2023,40,Kolian Hamid,0,2023-10-02
2023,41,Kolian Hamid,0,2023-10-09
2023,42,Kolian Hamid,0,2023-10-16
2023,43,Kolian Hamid,0,2023-10-23
2023,44,Kolian Hamid,0,2023-10-30
2023,45,Kolian Hamid,0,2023-11-06
2023,46,Kolian Hamid,1,2023-11-13
2023,47,Kolian Hamid,0,2023-11-20
2023,48,Kolian Hamid,0,2023-11-27
2023,49,Kolian Hamid,1,2023-12-04
2023,50,Kolian Hamid,0,2023-12-11
2023,51,Kolian Hamid,0,2023-12-18
2023,52,Kolian Hamid,0,2023-12-25
2024,1,Kolian Hamid,0,2024-01-01
2024,2,Kolian Hamid,0,2024-01-08
2024,3,Kolian Hamid,0,2024-01-15
2024,4,Kolian Hamid,0,2024-01-22
2024,5,Kolian Hamid,0,2024-01-29
2024,6,Kolian Hamid,0,2024-02-05
2024,7,Kolian Hamid,0,2024-02-12
2024,8,Kolian Hamid,0,2024-02-19
2024,9,Kolian Hamid,0,2024-02-26
2024,10,Kolian Hamid,0,2024-03-04
2024,11,Kolian Hamid,0,2024-03-11
2024,12,Kolian Hamid,0,2024-03-18
2024,13,Kolian Hamid,0,2024-03-25
2024,14,Kolian Hamid,0,2024-04-01
2024,15,Kolian Hamid,0,2024-04-08
2024,16,Kolian Hamid,0,2024-04-15
2024,17,Kolian Hamid,0,2024-04-22
2024,18,Kolian Hamid,0,2024-04-29
2024,19,Kolian Hamid,0,2024-05-06
2024,20,Kolian Hamid,0,2024-05-13
2024,21,Kolian Hamid,0,2024-05-20
2024,22,Kolian Hamid,0,2024-05-27
2024,23,Kolian Hamid,0,2024-06-03
2024,24,Kolian Hamid,0,2024-06-10
2024,25,Kolian Hamid,0,2024-06-17
2024,26,Kolian Hamid,0,2024-06-24
2024,27,Kolian Hamid,0,2024-07-01
2024,28,Kolian Hamid,0,2024-07-08
2024,29,Kolian Hamid,0,2024-07-15
2024,30,Kolian Hamid,0,2024-07-22
2024,31,Kolian Hamid,0,2024-07-29
2024,32,Kolian Hamid,0,2024-08-05
2024,33,Kolian Hamid,0,2024-08-12
2024,34,Kolian Hamid,0,2024-08-19
2024,35,Kolian Hamid,0,2024-08-26
2024,36,Kolian Hamid,0,2024-09-02
2024,37,Kolian Hamid,0,2024-09-09
2024,38,Kolian Hamid,0,2024-09-16
2024,39,Kolian Hamid,0,2024-09-23
2024,40,Kolian Hamid,0,2024-09-30
2024,41,Kolian Hamid,1,2024-10-07
2024,42,Kolian Hamid,1,2024-10-14
2024,43,Kolian Hamid,1,2024-10-21
2024,44,Kolian Hamid,1,2024-10-28
2024,45,Kolian Hamid,0,2024-11-04
2024,46,Kolian Hamid,1,2024-11-11
2024,47,Kolian Hamid,0,2024-11-18
2024,48,Kolian Hamid,1,2024-11-25
2024,49,Kolian Hamid,0,2024-12-02
2024,50,Kolian Hamid,1,2024-12-09
2024,51,Kolian Hamid,0,2024-12-16
2024,52,Kolian Hamid,0,2024-12-23
2021,1,LAKKHAN,0,2021-01-04
2021,2,LAKKHAN,0,2021-01-11
2021,3,LAKKHAN,0,2021-01-18
2021,4,LAKKHAN,0,2021-01-25
2021,5,LAKKHAN,0,2021-02-01
2021,6,LAKKHAN,0,2021-02-08
2021,7,LAKKHAN,0,2021-02-15
2021,8,LAKKHAN,0,2021-02-22
2021,9,LAKKHAN,0,2021-03-01
2021,10,LAKKHAN,0,2021-03-08
2021,11,LAKKHAN,0,2021-03-15
2021,12,LAKKHAN,0,2021-03-22
2021,13,LAKKHAN,0,2021-03-29
2021,14,LAKKHAN,0,2021-04-05
2021,15,LAKKHAN,0,2021-04-12
2021,16,LAKKHAN,0,2021-04-19
2021,17,LAKKHAN,0,2021-04-26
2021,18,LAKKHAN,0,2021-05-03
2021,19,LAKKHAN,0,2021-05-10
2021,20,LAKKHAN,0,2021-05-17
2021,21,LAKKHAN,0,2021-05-24
2021,22,LAKKHAN,0,2021-05-31
2021,23,LAKKHAN,0,2021-06-07
2021,24,LAKKHAN,0,2021-06-14
2021,25,LAKKHAN,0,2021-06-21
2021,26,LAKKHAN,0,2021-06-28
2021,27,LAKKHAN,0,2021-07-05
2021,28,LAKKHAN,0,2021-07-12
2021,29,LAKKHAN,0,2021-07-19
2021,30,LAKKHAN,0,2021-07-26
2021,31,LAKKHAN,0,2021-08-02
2021,32,LAKKHAN,0,2021-08-09
2021,33,LAKKHAN,0,2021-08-16
2021,34,LAKKHAN,0,2021-08-23
2021,35,LAKKHAN,0,2021-08-30
2021,36,LAKKHAN,0,2021-09-06
2021,37,LAKKHAN,0,2021-09-13
2021,38,LAKKHAN,0,2021-09-20
2021,39,LAKKHAN,8,2021-09-27
2021,40,LAKKHAN,9,2021-10-04
2021,41,LAKKHAN,12,2021-10-11
2021,42,LAKKHAN,9,2021-10-18
2021,43,LAKKHAN,22,2021-10-25
2021,44,LAKKHAN,27,2021-11-01
2021,45,LAKKHAN,15,2021-11-08
2021,46,LAKKHAN,15,2021-11-15
2021,47,LAKKHAN,2,2021-11-22
2021,48,LAKKHAN,2,2021-11-29
2021,49,LAKKHAN,1,2021-12-06
2021,50,LAKKHAN,0,2021-12-13
2021,51,LAKKHAN,0,2021-12-20
2021,52,LAKKHAN,0,2021-12-27
2022,1,LAKKHAN,0,2022-01-03
2022,2,LAKKHAN,0,2022-01-10
2022,3,LAKKHAN,0,2022-01-17
2022,4,LAKKHAN,0,2022-01-24
2022,5,LAKKHAN,0,2022-01-31
2022,6,LAKKHAN,0,2022-02-07
2022,7,LAKKHAN,0,2022-02-14
2022,8,LAKKHAN,0,2022-02-21
2022,9,LAKKHAN,0,2022-02-28
2022,10,LAKKHAN,0,2022-03-07
2022,11,LAKKHAN,0,2022-03-14
2022,12,LAKKHAN,0,2022-03-21
2022,13,LAKKHAN,0,2022-03-28
2022,14,LAKKHAN,0,2022-04-04
2022,15,LAKKHAN,0,2022-04-11
2022,16,LAKKHAN,0,2022-04-18
2022,17,LAKKHAN,0,2022-04-25
2022,18,LAKKHAN,0,2022-05-02
2022,19,LAKKHAN,0,2022-05-09
2022,20,LAKKHAN,0,2022-05-16
2022,21,LAKKHAN,0,2022-05-23
2022,22,LAKKHAN,0,2022-05-30
2022,23,LAKKHAN,0,2022-06-06
2022,24,LAKKHAN,0,2022-06-13
2022,25,LAKKHAN,1,2022-06-20
2022,26,LAKKHAN,0,2022-06-27
2022,27,LAKKHAN,0,2022-07-04
2022,28,LAKKHAN,0,2022-07-11
2022,29,LAKKHAN,0,2022-07-18
2022,30,LAKKHAN,0,2022-07-25
2022,31,LAKKHAN,3,2022-08-01
2022,32,LAKKHAN,6,2022-08-08
2022,33,LAKKHAN,12,2022-08-15
2022,34,LAKKHAN,27,2022-08-22
2022,35,LAKKHAN,24,2022-08-29
2022,36,LAKKHAN,23,2022-09-05
2022,37,LAKKHAN,42,2022-09-12
2022,38,LAKKHAN,38,2022-09-19
2022,39,LAKKHAN,42,2022-09-26
2022,40,LAKKHAN,45,2022-10-03
2022,41,LAKKHAN,51,2022-10-10
2022,42,LAKKHAN,18,2022-10-17
2022,43,LAKKHAN,18,2022-10-24
2022,44,LAKKHAN,14,2022-10-31
2022,45,LAKKHAN,6,2022-11-07
2022,46,LAKKHAN,5,2022-11-14
2022,47,LAKKHAN,1,2022-11-21
2022,48,LAKKHAN,0,2022-11-28
2022,49,LAKKHAN,0,2022-12-05
2022,50,LAKKHAN,0,2022-12-12
2022,51,LAKKHAN,0,2022-12-19
2022,52,LAKKHAN,0,2022-12-26
2023,1,LAKKHAN,0,2023-01-02
2023,2,LAKKHAN,0,2023-01-09
2023,3,LAKKHAN,0,2023-01-16
2023,4,LAKKHAN,0,2023-01-23
2023,5,LAKKHAN,0,2023-01-30
2023,6,LAKKHAN,0,2023-02-06
2023,7,LAKKHAN,0,2023-02-13
2023,8,LAKKHAN,0,2023-02-20
2023,9,LAKKHAN,0,2023-02-27
2023,10,LAKKHAN,0,2023-03-06
2023,11,LAKKHAN,0,2023-03-13
2023,12,LAKKHAN,0,2023-03-20
2023,13,LAKKHAN,0,2023-03-27
2023,14,LAKKHAN,0,2023-04-03
2023,15,LAKKHAN,0,2023-04-10
2023,16,LAKKHAN,0,2023-04-17
2023,17,LAKKHAN,0,2023-04-24
2023,18,LAKKHAN,0,2023-05-01
2023,19,LAKKHAN,0,2023-05-08
2023,20,LAKKHAN,0,2023-05-15
2023,21,LAKKHAN,0,2023-05-22
2023,22,LAKKHAN,0,2023-05-29
2023,23,LAKKHAN,0,2023-06-05
2023,24,LAKKHAN,0,2023-06-12
2023,25,LAKKHAN,0,2023-06-19
2023,26,LAKKHAN,0,2023-06-26
2023,27,LAKKHAN,0,2023-07-03
2023,28,LAKKHAN,0,2023-07-10
2023,29,LAKKHAN,0,2023-07-17
2023,30,LAKKHAN,0,2023-07-24
2023,31,LAKKHAN,0,2023-07-31
2023,32,LAKKHAN,0,2023-08-07
2023,33,LAKKHAN,1,2023-08-14
2023,34,LAKKHAN,0,2023-08-21
2023,35,LAKKHAN,1,2023-08-28
2023,36,LAKKHAN,0,2023-09-04
2023,37,LAKKHAN,0,2023-09-11
2023,38,LAKKHAN,0,2023-09-18
2023,39,LAKKHAN,2,2023-09-25
2023,40,LAKKHAN,3,2023-10-02
2023,41,LAKKHAN,2,2023-10-09
2023,42,LAKKHAN,4,2023-10-16
2023,43,LAKKHAN,3,2023-10-23
2023,44,LAKKHAN,2,2023-10-30
2023,45,LAKKHAN,3,2023-11-06
2023,46,LAKKHAN,0,2023-11-13
2023,47,LAKKHAN,1,2023-11-20
2023,48,LAKKHAN,0,2023-11-27
2023,49,LAKKHAN,0,2023-12-04
2023,50,LAKKHAN,0,2023-12-11
2023,51,LAKKHAN,0,2023-12-18
2023,52,LAKKHAN,0,2023-12-25
2024,1,LAKKHAN,0,2024-01-01
2024,2,LAKKHAN,0,2024-01-08
2024,3,LAKKHAN,0,2024-01-15
2024,4,LAKKHAN,0,2024-01-22
2024,5,LAKKHAN,0,2024-01-29
2024,6,LAKKHAN,0,2024-02-05
2024,7,LAKKHAN,0,2024-02-12
2024,8,LAKKHAN,0,2024-02-19
2024,9,LAKKHAN,0,2024-02-26
2024,10,LAKKHAN,0,2024-03-04
2024,11,LAKKHAN,0,2024-03-11
2024,12,LAKKHAN,0,2024-03-18
2024,13,LAKKHAN,0,2024-03-25
2024,14,LAKKHAN,0,2024-04-01
2024,15,LAKKHAN,0,2024-04-08
2024,16,LAKKHAN,0,2024-04-15
2024,17,LAKKHAN,0,2024-04-22
2024,18,LAKKHAN,0,2024-04-29
2024,19,LAKKHAN,0,2024-05-06
2024,20,LAKKHAN,0,2024-05-13
2024,21,LAKKHAN,0,2024-05-20
2024,22,LAKKHAN,0,2024-05-27
2024,23,LAKKHAN,0,2024-06-03
2024,24,LAKKHAN,0,2024-06-10
2024,25,LAKKHAN,0,2024-06-17
2024,26,LAKKHAN,0,2024-06-24
2024,27,LAKKHAN,0,2024-07-01
2024,28,LAKKHAN,0,2024-07-08
2024,29,LAKKHAN,0,2024-07-15
2024,30,LAKKHAN,0,2024-07-22
2024,31,LAKKHAN,0,2024-07-29
2024,32,LAKKHAN,0,2024-08-05
2024,33,LAKKHAN,0,2024-08-12
2024,34,LAKKHAN,0,2024-08-19
2024,35,LAKKHAN,4,2024-08-26
2024,36,LAKKHAN,7,2024-09-02
2024,37,LAKKHAN,16,2024-09-09
2024,38,LAKKHAN,31,2024-09-16
2024,39,LAKKHAN,65,2024-09-23
2024,40,LAKKHAN,69,2024-09-30
2024,41,LAKKHAN,66,2024-10-07
2024,42,LAKKHAN,51,2024-10-14
2024,43,LAKKHAN,63,2024-10-21
2024,44,LAKKHAN,67,2024-10-28
2024,45,LAKKHAN,46,2024-11-04
2024,46,LAKKHAN,26,2024-11-11
2024,47,LAKKHAN,11,2024-11-18
2024,48,LAKKHAN,9,2024-11-25
2024,49,LAKKHAN,1,2024-12-02
2024,50,LAKKHAN,0,2024-12-09
2024,51,LAKKHAN,0,2024-12-16
2024,52,LAKKHAN,0,2024-12-23
2021,1,LOHDRA,0,2021-01-04
2021,2,LOHDRA,0,2021-01-11
2021,3,LOHDRA,0,2021-01-18
2021,4,LOHDRA,0,2021-01-25
2021,5,LOHDRA,0,2021-02-01
2021,6,LOHDRA,0,2021-02-08
2021,7,LOHDRA,0,2021-02-15
2021,8,LOHDRA,0,2021-02-22
2021,9,LOHDRA,0,2021-03-01
2021,10,LOHDRA,0,2021-03-08
2021,11,LOHDRA,0,2021-03-15
2021,12,LOHDRA,0,2021-03-22
2021,13,LOHDRA,0,2021-03-29
2021,14,LOHDRA,0,2021-04-05
2021,15,LOHDRA,0,2021-04-12
2021,16,LOHDRA,0,2021-04-19
2021,17,LOHDRA,0,2021-04-26
2021,18,LOHDRA,0,2021-05-03
2021,19,LOHDRA,0,2021-05-10
2021,20,LOHDRA,0,2021-05-17
2021,21,LOHDRA,0,2021-05-24
2021,22,LOHDRA,0,2021-05-31
2021,23,LOHDRA,0,2021-06-07
2021,24,LOHDRA,0,2021-06-14
2021,25,LOHDRA,0,2021-06-21
2021,26,LOHDRA,0,2021-06-28
2021,27,LOHDRA,0,2021-07-05
2021,28,LOHDRA,0,2021-07-12
2021,29,LOHDRA,0,2021-07-19
2021,30,LOHDRA,0,2021-07-26
2021,31,LOHDRA,0,2021-08-02
2021,32,LOHDRA,0,2021-08-09
2021,33,LOHDRA,0,2021-08-16
2021,34,LOHDRA,0,2021-08-23
2021,35,LOHDRA,0,2021-08-30
2021,36,LOHDRA,0,2021-09-06
2021,37,LOHDRA,0,2021-09-13
2021,38,LOHDRA,0,2021-09-20
2021,39,LOHDRA,0,2021-09-27
2021,40,LOHDRA,1,2021-10-04
2021,41,LOHDRA,0,2021-10-11
2021,42,LOHDRA,1,2021-10-18
2021,43,LOHDRA,1,2021-10-25
2021,44,LOHDRA,0,2021-11-01
2021,45,LOHDRA,0,2021-11-08
2021,46,LOHDRA,0,2021-11-15
2021,47,LOHDRA,0,2021-11-22
2021,48,LOHDRA,0,2021-11-29
2021,49,LOHDRA,0,2021-12-06
2021,50,LOHDRA,0,2021-12-13
2021,51,LOHDRA,0,2021-12-20
2021,52,LOHDRA,0,2021-12-27
2022,1,LOHDRA,0,2022-01-03
2022,2,LOHDRA,0,2022-01-10
2022,3,LOHDRA,0,2022-01-17
2022,4,LOHDRA,0,2022-01-24
2022,5,LOHDRA,0,2022-01-31
2022,6,LOHDRA,0,2022-02-07
2022,7,LOHDRA,0,2022-02-14
2022,8,LOHDRA,0,2022-02-21
2022,9,LOHDRA,0,2022-02-28
2022,10,LOHDRA,0,2022-03-07
2022,11,LOHDRA,0,2022-03-14
2022,12,LOHDRA,0,2022-03-21
2022,13,LOHDRA,0,2022-03-28
2022,14,LOHDRA,0,2022-04-04
2022,15,LOHDRA,0,2022-04-11
2022,16,LOHDRA,0,2022-04-18
2022,17,LOHDRA,0,2022-04-25
2022,18,LOHDRA,0,2022-05-02
2022,19,LOHDRA,0,2022-05-09
2022,20,LOHDRA,0,2022-05-16
2022,21,LOHDRA,0,2022-05-23
2022,22,LOHDRA,0,2022-05-30
2022,23,LOHDRA,0,2022-06-06
2022,24,LOHDRA,0,2022-06-13
2022,25,LOHDRA,0,2022-06-20
2022,26,LOHDRA,0,2022-06-27
2022,27,LOHDRA,0,2022-07-04
2022,28,LOHDRA,0,2022-07-11
2022,29,LOHDRA,0,2022-07-18
2022,30,LOHDRA,0,2022-07-25
2022,31,LOHDRA,0,2022-08-01
2022,32,LOHDRA,0,2022-08-08
2022,33,LOHDRA,0,2022-08-15
2022,34,LOHDRA,0,2022-08-22
2022,35,LOHDRA,0,2022-08-29
2022,36,LOHDRA,0,2022-09-05
2022,37,LOHDRA,0,2022-09-12
2022,38,LOHDRA,2,2022-09-19
2022,39,LOHDRA,3,2022-09-26
2022,40,LOHDRA,1,2022-10-03
2022,41,LOHDRA,6,2022-10-10
2022,42,LOHDRA,4,2022-10-17
2022,43,LOHDRA,0,2022-10-24
2022,44,LOHDRA,1,2022-10-31
2022,45,LOHDRA,1,2022-11-07
2022,46,LOHDRA,1,2022-11-14
2022,47,LOHDRA,0,2022-11-21
2022,48,LOHDRA,0,2022-11-28
2022,49,LOHDRA,0,2022-12-05
2022,50,LOHDRA,0,2022-12-12
2022,51,LOHDRA,0,2022-12-19
2022,52,LOHDRA,0,2022-12-26
2023,1,LOHDRA,0,2023-01-02
2023,2,LOHDRA,0,2023-01-09
2023,3,LOHDRA,0,2023-01-16
2023,4,LOHDRA,0,2023-01-23
2023,5,LOHDRA,0,2023-01-30
2023,6,LOHDRA,0,2023-02-06
2023,7,LOHDRA,0,2023-02-13
2023,8,LOHDRA,0,2023-02-20
2023,9,LOHDRA,0,2023-02-27
2023,10,LOHDRA,0,2023-03-06
2023,11,LOHDRA,0,2023-03-13
2023,12,LOHDRA,0,2023-03-20
2023,13,LOHDRA,0,2023-03-27
2023,14,LOHDRA,0,2023-04-03
2023,15,LOHDRA,0,2023-04-10
2023,16,LOHDRA,0,2023-04-17
2023,17,LOHDRA,0,2023-04-24
2023,18,LOHDRA,0,2023-05-01
2023,19,LOHDRA,0,2023-05-08
2023,20,LOHDRA,0,2023-05-15
2023,21,LOHDRA,0,2023-05-22
2023,22,LOHDRA,0,2023-05-29
2023,23,LOHDRA,0,2023-06-05
2023,24,LOHDRA,0,2023-06-12
2023,25,LOHDRA,0,2023-06-19
2023,26,LOHDRA,0,2023-06-26
2023,27,LOHDRA,0,2023-07-03
2023,28,LOHDRA,0,2023-07-10
2023,29,LOHDRA,0,2023-07-17
2023,30,LOHDRA,0,2023-07-24
2023,31,LOHDRA,0,2023-07-31
2023,32,LOHDRA,0,2023-08-07
2023,33,LOHDRA,0,2023-08-14
2023,34,LOHDRA,0,2023-08-21
2023,35,LOHDRA,0,2023-08-28
2023,36,LOHDRA,0,2023-09-04
2023,37,LOHDRA,0,2023-09-11
2023,38,LOHDRA,0,2023-09-18
2023,39,LOHDRA,0,2023-09-25
2023,40,LOHDRA,0,2023-10-02
2023,41,LOHDRA,0,2023-10-09
2023,42,LOHDRA,0,2023-10-16
2023,43,LOHDRA,0,2023-10-23
2023,44,LOHDRA,0,2023-10-30
2023,45,LOHDRA,0,2023-11-06
2023,46,LOHDRA,0,2023-11-13
2023,47,LOHDRA,0,2023-11-20
2023,48,LOHDRA,0,2023-11-27
2023,49,LOHDRA,0,2023-12-04
2023,50,LOHDRA,0,2023-12-11
2023,51,LOHDRA,0,2023-12-18
2023,52,LOHDRA,0,2023-12-25
2024,1,LOHDRA,0,2024-01-01
2024,2,LOHDRA,0,2024-01-08
2024,3,LOHDRA,0,2024-01-15
2024,4,LOHDRA,0,2024-01-22
2024,5,LOHDRA,0,2024-01-29
2024,6,LOHDRA,0,2024-02-05
2024,7,LOHDRA,0,2024-02-12
2024,8,LOHDRA,0,2024-02-19
2024,9,LOHDRA,0,2024-02-26
2024,10,LOHDRA,0,2024-03-04
2024,11,LOHDRA,0,2024-03-11
2024,12,LOHDRA,0,2024-03-18
2024,13,LOHDRA,0,2024-03-25
2024,14,LOHDRA,0,2024-04-01
2024,15,LOHDRA,0,2024-04-08
2024,16,LOHDRA,0,2024-04-15
2024,17,LOHDRA,0,2024-04-22
2024,18,LOHDRA,0,2024-04-29
2024,19,LOHDRA,0,2024-05-06
2024,20,LOHDRA,0,2024-05-13
2024,21,LOHDRA,0,2024-05-20
2024,22,LOHDRA,0,2024-05-27
2024,23,LOHDRA,0,2024-06-03
2024,24,LOHDRA,0,2024-06-10
2024,25,LOHDRA,0,2024-06-17
2024,26,LOHDRA,0,2024-06-24
2024,27,LOHDRA,0,2024-07-01
2024,28,LOHDRA,0,2024-07-08
2024,29,LOHDRA,0,2024-07-15
2024,30,LOHDRA,0,2024-07-22
2024,31,LOHDRA,0,2024-07-29
2024,32,LOHDRA,0,2024-08-05
2024,33,LOHDRA,0,2024-08-12
2024,34,LOHDRA,0,2024-08-19
2024,35,LOHDRA,0,2024-08-26
2024,36,LOHDRA,1,2024-09-02
2024,37,LOHDRA,2,2024-09-09
2024,38,LOHDRA,1,2024-09-16
2024,39,LOHDRA,1,2024-09-23
2024,40,LOHDRA,2,2024-09-30
2024,41,LOHDRA,2,2024-10-07
2024,42,LOHDRA,6,2024-10-14
2024,43,LOHDRA,1,2024-10-21
2024,44,LOHDRA,8,2024-10-28
2024,45,LOHDRA,3,2024-11-04
2024,46,LOHDRA,2,2024-11-11
2024,47,LOHDRA,0,2024-11-18
2024,48,LOHDRA,0,2024-11-25
2024,49,LOHDRA,0,2024-12-02
2024,50,LOHDRA,0,2024-12-09
2024,51,LOHDRA,0,2024-12-16
2024,52,LOHDRA,0,2024-12-23
2021,1,MILLAT COLONY,0,2021-01-04
2021,2,MILLAT COLONY,0,2021-01-11
2021,3,MILLAT COLONY,0,2021-01-18
2021,4,MILLAT COLONY,0,2021-01-25
2021,5,MILLAT COLONY,0,2021-02-01
2021,6,MILLAT COLONY,0,2021-02-08
2021,7,MILLAT COLONY,0,2021-02-15
2021,8,MILLAT COLONY,0,2021-02-22
2021,9,MILLAT COLONY,0,2021-03-01
2021,10,MILLAT COLONY,0,2021-03-08
2021,11,MILLAT COLONY,0,2021-03-15
2021,12,MILLAT COLONY,0,2021-03-22
2021,13,MILLAT COLONY,0,2021-03-29
2021,14,MILLAT COLONY,0,2021-04-05
2021,15,MILLAT COLONY,0,2021-04-12
2021,16,MILLAT COLONY,0,2021-04-19
2021,17,MILLAT COLONY,0,2021-04-26
2021,18,MILLAT COLONY,0,2021-05-03
2021,19,MILLAT COLONY,0,2021-05-10
2021,20,MILLAT COLONY,0,2021-05-17
2021,21,MILLAT COLONY,0,2021-05-24
2021,22,MILLAT COLONY,0,2021-05-31
2021,23,MILLAT COLONY,0,2021-06-07
2021,24,MILLAT COLONY,0,2021-06-14
2021,25,MILLAT COLONY,0,2021-06-21
2021,26,MILLAT COLONY,0,2021-06-28
2021,27,MILLAT COLONY,0,2021-07-05
2021,28,MILLAT COLONY,0,2021-07-12
2021,29,MILLAT COLONY,0,2021-07-19
2021,30,MILLAT COLONY,0,2021-07-26
2021,31,MILLAT COLONY,0,2021-08-02
2021,32,MILLAT COLONY,0,2021-08-09
2021,33,MILLAT COLONY,0,2021-08-16
2021,34,MILLAT COLONY,0,2021-08-23
2021,35,MILLAT COLONY,0,2021-08-30
2021,36,MILLAT COLONY,0,2021-09-06
2021,37,MILLAT COLONY,0,2021-09-13
2021,38,MILLAT COLONY,0,2021-09-20
2021,39,MILLAT COLONY,0,2021-09-27
2021,40,MILLAT COLONY,1,2021-10-04
2021,41,MILLAT COLONY,2,2021-10-11
2021,42,MILLAT COLONY,1,2021-10-18
2021,43,MILLAT COLONY,1,2021-10-25
2021,44,MILLAT COLONY,1,2021-11-01
2021,45,MILLAT COLONY,0,2021-11-08
2021,46,MILLAT COLONY,0,2021-11-15
2021,47,MILLAT COLONY,0,2021-11-22
2021,48,MILLAT COLONY,0,2021-11-29
2021,49,MILLAT COLONY,0,2021-12-06
2021,50,MILLAT COLONY,0,2021-12-13
2021,51,MILLAT COLONY,0,2021-12-20
2021,52,MILLAT COLONY,0,2021-12-27
2022,1,MILLAT COLONY,0,2022-01-03
2022,2,MILLAT COLONY,0,2022-01-10
2022,3,MILLAT COLONY,0,2022-01-17
2022,4,MILLAT COLONY,0,2022-01-24
2022,5,MILLAT COLONY,0,2022-01-31
2022,6,MILLAT COLONY,0,2022-02-07
2022,7,MILLAT COLONY,0,2022-02-14
2022,8,MILLAT COLONY,0,2022-02-21
2022,9,MILLAT COLONY,0,2022-02-28
2022,10,MILLAT COLONY,0,2022-03-07
2022,11,MILLAT COLONY,0,2022-03-14
2022,12,MILLAT COLONY,0,2022-03-21
2022,13,MILLAT COLONY,0,2022-03-28
2022,14,MILLAT COLONY,0,2022-04-04
2022,15,MILLAT COLONY,0,2022-04-11
2022,16,MILLAT COLONY,0,2022-04-18
2022,17,MILLAT COLONY,0,2022-04-25
2022,18,MILLAT COLONY,0,2022-05-02
2022,19,MILLAT COLONY,0,2022-05-09
2022,20,MILLAT COLONY,0,2022-05-16
2022,21,MILLAT COLONY,0,2022-05-23
2022,22,MILLAT COLONY,0,2022-05-30
2022,23,MILLAT COLONY,0,2022-06-06
2022,24,MILLAT COLONY,0,2022-06-13
2022,25,MILLAT COLONY,0,2022-06-20
2022,26,MILLAT COLONY,0,2022-06-27
2022,27,MILLAT COLONY,0,2022-07-04
2022,28,MILLAT COLONY,0,2022-07-11
2022,29,MILLAT COLONY,0,2022-07-18
2022,30,MILLAT COLONY,0,2022-07-25
2022,31,MILLAT COLONY,0,2022-08-01
2022,32,MILLAT COLONY,0,2022-08-08
2022,33,MILLAT COLONY,0,2022-08-15
2022,34,MILLAT COLONY,0,2022-08-22
2022,35,MILLAT COLONY,1,2022-08-29
2022,36,MILLAT COLONY,0,2022-09-05
2022,37,MILLAT COLONY,2,2022-09-12
2022,38,MILLAT COLONY,7,2022-09-19
2022,39,MILLAT COLONY,6,2022-09-26
2022,40,MILLAT COLONY,1,2022-10-03
2022,41,MILLAT COLONY,2,2022-10-10
2022,42,MILLAT COLONY,0,2022-10-17
2022,43,MILLAT COLONY,1,2022-10-24
2022,44,MILLAT COLONY,0,2022-10-31
2022,45,MILLAT COLONY,0,2022-11-07
2022,46,MILLAT COLONY,1,2022-11-14
2022,47,MILLAT COLONY,1,2022-11-21
2022,48,MILLAT COLONY,0,2022-11-28
2022,49,MILLAT COLONY,0,2022-12-05
2022,50,MILLAT COLONY,0,2022-12-12
2022,51,MILLAT COLONY,0,2022-12-19
2022,52,MILLAT COLONY,0,2022-12-26
2023,1,MILLAT COLONY,0,2023-01-02
2023,2,MILLAT COLONY,0,2023-01-09
2023,3,MILLAT COLONY,0,2023-01-16
2023,4,MILLAT COLONY,0,2023-01-23
2023,5,MILLAT COLONY,0,2023-01-30
2023,6,MILLAT COLONY,0,2023-02-06
2023,7,MILLAT COLONY,0,2023-02-13
2023,8,MILLAT COLONY,0,2023-02-20
2023,9,MILLAT COLONY,0,2023-02-27
2023,10,MILLAT COLONY,0,2023-03-06
2023,11,MILLAT COLONY,0,2023-03-13
2023,12,MILLAT COLONY,0,2023-03-20
2023,13,MILLAT COLONY,0,2023-03-27
2023,14,MILLAT COLONY,0,2023-04-03
2023,15,MILLAT COLONY,0,2023-04-10
2023,16,MILLAT COLONY,0,2023-04-17
2023,17,MILLAT COLONY,0,2023-04-24
2023,18,MILLAT COLONY,0,2023-05-01
2023,19,MILLAT COLONY,0,2023-05-08
2023,20,MILLAT COLONY,0,2023-05-15
2023,21,MILLAT COLONY,0,2023-05-22
2023,22,MILLAT COLONY,0,2023-05-29
2023,23,MILLAT COLONY,0,2023-06-05
2023,24,MILLAT COLONY,0,2023-06-12
2023,25,MILLAT COLONY,0,2023-06-19
2023,26,MILLAT COLONY,0,2023-06-26
2023,27,MILLAT COLONY,0,2023-07-03
2023,28,MILLAT COLONY,0,2023-07-10
2023,29,MILLAT COLONY,0,2023-07-17
2023,30,MILLAT COLONY,0,2023-07-24
2023,31,MILLAT COLONY,0,2023-07-31
2023,32,MILLAT COLONY,1,2023-08-07
2023,33,MILLAT COLONY,0,2023-08-14
2023,34,MILLAT COLONY,3,2023-08-21
2023,35,MILLAT COLONY,12,2023-08-28
2023,36,MILLAT COLONY,11,2023-09-04
2023,37,MILLAT COLONY,7,2023-09-11
2023,38,MILLAT COLONY,9,2023-09-18
2023,39,MILLAT COLONY,4,2023-09-25
2023,40,MILLAT COLONY,5,2023-10-02
2023,41,MILLAT COLONY,1,2023-10-09
2023,42,MILLAT COLONY,3,2023-10-16
2023,43,MILLAT COLONY,1,2023-10-23
2023,44,MILLAT COLONY,7,2023-10-30
2023,45,MILLAT COLONY,0,2023-11-06
2023,46,MILLAT COLONY,0,2023-11-13
2023,47,MILLAT COLONY,0,2023-11-20
2023,48,MILLAT COLONY,0,2023-11-27
2023,49,MILLAT COLONY,0,2023-12-04
2023,50,MILLAT COLONY,0,2023-12-11
2023,51,MILLAT COLONY,0,2023-12-18
2023,52,MILLAT COLONY,0,2023-12-25
2024,1,MILLAT COLONY,0,2024-01-01
2024,2,MILLAT COLONY,0,2024-01-08
2024,3,MILLAT COLONY,0,2024-01-15
2024,4,MILLAT COLONY,0,2024-01-22
2024,5,MILLAT COLONY,0,2024-01-29
2024,6,MILLAT COLONY,0,2024-02-05
2024,7,MILLAT COLONY,0,2024-02-12
2024,8,MILLAT COLONY,0,2024-02-19
2024,9,MILLAT COLONY,0,2024-02-26
2024,10,MILLAT COLONY,0,2024-03-04
2024,11,MILLAT COLONY,0,2024-03-11
2024,12,MILLAT COLONY,0,2024-03-18
2024,13,MILLAT COLONY,0,2024-03-25
2024,14,MILLAT COLONY,0,2024-04-01
2024,15,MILLAT COLONY,0,2024-04-08
2024,16,MILLAT COLONY,0,2024-04-15
2024,17,MILLAT COLONY,0,2024-04-22
2024,18,MILLAT COLONY,0,2024-04-29
2024,19,MILLAT COLONY,0,2024-05-06
2024,20,MILLAT COLONY,0,2024-05-13
2024,21,MILLAT COLONY,0,2024-05-20
2024,22,MILLAT COLONY,0,2024-05-27
2024,23,MILLAT COLONY,0,2024-06-03
2024,24,MILLAT COLONY,0,2024-06-10
2024,25,MILLAT COLONY,0,2024-06-17
2024,26,MILLAT COLONY,0,2024-06-24
2024,27,MILLAT COLONY,0,2024-07-01
2024,28,MILLAT COLONY,0,2024-07-08
2024,29,MILLAT COLONY,0,2024-07-15
2024,30,MILLAT COLONY,0,2024-07-22
2024,31,MILLAT COLONY,0,2024-07-29
2024,32,MILLAT COLONY,0,2024-08-05
2024,33,MILLAT COLONY,0,2024-08-12
2024,34,MILLAT COLONY,0,2024-08-19
2024,35,MILLAT COLONY,0,2024-08-26
2024,36,MILLAT COLONY,0,2024-09-02
2024,37,MILLAT COLONY,2,2024-09-09
2024,38,MILLAT COLONY,1,2024-09-16
2024,39,MILLAT COLONY,7,2024-09-23
2024,40,MILLAT COLONY,6,2024-09-30
2024,41,MILLAT COLONY,5,2024-10-07
2024,42,MILLAT COLONY,3,2024-10-14
2024,43,MILLAT COLONY,4,2024-10-21
2024,44,MILLAT COLONY,4,2024-10-28
2024,45,MILLAT COLONY,1,2024-11-04
2024,46,MILLAT COLONY,0,2024-11-11
2024,47,MILLAT COLONY,0,2024-11-18
2024,48,MILLAT COLONY,0,2024-11-25
2024,49,MILLAT COLONY,0,2024-12-02
2024,50,MILLAT COLONY,0,2024-12-09
2024,51,MILLAT COLONY,0,2024-12-16
2024,52,MILLAT COLONY,0,2024-12-23
2021,1,MOHANPURA,0,2021-01-04
2021,2,MOHANPURA,0,2021-01-11
2021,3,MOHANPURA,0,2021-01-18
2021,4,MOHANPURA,0,2021-01-25
2021,5,MOHANPURA,0,2021-02-01
2021,6,MOHANPURA,0,2021-02-08
2021,7,MOHANPURA,0,2021-02-15
2021,8,MOHANPURA,0,2021-02-22
2021,9,MOHANPURA,0,2021-03-01
2021,10,MOHANPURA,0,2021-03-08
2021,11,MOHANPURA,0,2021-03-15
2021,12,MOHANPURA,0,2021-03-22
2021,13,MOHANPURA,0,2021-03-29
2021,14,MOHANPURA,0,2021-04-05
2021,15,MOHANPURA,0,2021-04-12
2021,16,MOHANPURA,0,2021-04-19
2021,17,MOHANPURA,0,2021-04-26
2021,18,MOHANPURA,0,2021-05-03
2021,19,MOHANPURA,0,2021-05-10
2021,20,MOHANPURA,0,2021-05-17
2021,21,MOHANPURA,0,2021-05-24
2021,22,MOHANPURA,0,2021-05-31
2021,23,MOHANPURA,0,2021-06-07
2021,24,MOHANPURA,0,2021-06-14
2021,25,MOHANPURA,0,2021-06-21
2021,26,MOHANPURA,0,2021-06-28
2021,27,MOHANPURA,0,2021-07-05
2021,28,MOHANPURA,0,2021-07-12
2021,29,MOHANPURA,0,2021-07-19
2021,30,MOHANPURA,0,2021-07-26
2021,31,MOHANPURA,0,2021-08-02
2021,32,MOHANPURA,0,2021-08-09
2021,33,MOHANPURA,0,2021-08-16
2021,34,MOHANPURA,0,2021-08-23
2021,35,MOHANPURA,0,2021-08-30
2021,36,MOHANPURA,0,2021-09-06
2021,37,MOHANPURA,0,2021-09-13
2021,38,MOHANPURA,0,2021-09-20
2021,39,MOHANPURA,1,2021-09-27
2021,40,MOHANPURA,1,2021-10-04
2021,41,MOHANPURA,0,2021-10-11
2021,42,MOHANPURA,1,2021-10-18
2021,43,MOHANPURA,3,2021-10-25
2021,44,MOHANPURA,2,2021-11-01
2021,45,MOHANPURA,0,2021-11-08
2021,46,MOHANPURA,0,2021-11-15
2021,47,MOHANPURA,0,2021-11-22
2021,48,MOHANPURA,0,2021-11-29
2021,49,MOHANPURA,0,2021-12-06
2021,50,MOHANPURA,0,2021-12-13
2021,51,MOHANPURA,0,2021-12-20
2021,52,MOHANPURA,0,2021-12-27
2022,1,MOHANPURA,0,2022-01-03
2022,2,MOHANPURA,0,2022-01-10
2022,3,MOHANPURA,0,2022-01-17
2022,4,MOHANPURA,0,2022-01-24
2022,5,MOHANPURA,0,2022-01-31
2022,6,MOHANPURA,0,2022-02-07
2022,7,MOHANPURA,0,2022-02-14
2022,8,MOHANPURA,0,2022-02-21
2022,9,MOHANPURA,0,2022-02-28
2022,10,MOHANPURA,0,2022-03-07
2022,11,MOHANPURA,0,2022-03-14
2022,12,MOHANPURA,0,2022-03-21
2022,13,MOHANPURA,0,2022-03-28
2022,14,MOHANPURA,0,2022-04-04
2022,15,MOHANPURA,0,2022-04-11
2022,16,MOHANPURA,0,2022-04-18
2022,17,MOHANPURA,0,2022-04-25
2022,18,MOHANPURA,0,2022-05-02
2022,19,MOHANPURA,0,2022-05-09
2022,20,MOHANPURA,0,2022-05-16
2022,21,MOHANPURA,0,2022-05-23
2022,22,MOHANPURA,0,2022-05-30
2022,23,MOHANPURA,0,2022-06-06
2022,24,MOHANPURA,0,2022-06-13
2022,25,MOHANPURA,0,2022-06-20
2022,26,MOHANPURA,0,2022-06-27
2022,27,MOHANPURA,0,2022-07-04
2022,28,MOHANPURA,0,2022-07-11
2022,29,MOHANPURA,0,2022-07-18
2022,30,MOHANPURA,0,2022-07-25
2022,31,MOHANPURA,0,2022-08-01
2022,32,MOHANPURA,0,2022-08-08
2022,33,MOHANPURA,0,2022-08-15
2022,34,MOHANPURA,1,2022-08-22
2022,35,MOHANPURA,0,2022-08-29
2022,36,MOHANPURA,1,2022-09-05
2022,37,MOHANPURA,1,2022-09-12
2022,38,MOHANPURA,0,2022-09-19
2022,39,MOHANPURA,0,2022-09-26
2022,40,MOHANPURA,0,2022-10-03
2022,41,MOHANPURA,3,2022-10-10
2022,42,MOHANPURA,1,2022-10-17
2022,43,MOHANPURA,1,2022-10-24
2022,44,MOHANPURA,0,2022-10-31
2022,45,MOHANPURA,0,2022-11-07
2022,46,MOHANPURA,0,2022-11-14
2022,47,MOHANPURA,1,2022-11-21
2022,48,MOHANPURA,0,2022-11-28
2022,49,MOHANPURA,0,2022-12-05
2022,50,MOHANPURA,0,2022-12-12
2022,51,MOHANPURA,0,2022-12-19
2022,52,MOHANPURA,0,2022-12-26
2023,1,MOHANPURA,0,2023-01-02
2023,2,MOHANPURA,0,2023-01-09
2023,3,MOHANPURA,0,2023-01-16
2023,4,MOHANPURA,0,2023-01-23
2023,5,MOHANPURA,0,2023-01-30
2023,6,MOHANPURA,0,2023-02-06
2023,7,MOHANPURA,0,2023-02-13
2023,8,MOHANPURA,0,2023-02-20
2023,9,MOHANPURA,0,2023-02-27
2023,10,MOHANPURA,0,2023-03-06
2023,11,MOHANPURA,0,2023-03-13
2023,12,MOHANPURA,0,2023-03-20
2023,13,MOHANPURA,0,2023-03-27
2023,14,MOHANPURA,0,2023-04-03
2023,15,MOHANPURA,0,2023-04-10
2023,16,MOHANPURA,0,2023-04-17
2023,17,MOHANPURA,0,2023-04-24
2023,18,MOHANPURA,0,2023-05-01
2023,19,MOHANPURA,0,2023-05-08
2023,20,MOHANPURA,0,2023-05-15
2023,21,MOHANPURA,0,2023-05-22
2023,22,MOHANPURA,0,2023-05-29
2023,23,MOHANPURA,0,2023-06-05
2023,24,MOHANPURA,0,2023-06-12
2023,25,MOHANPURA,0,2023-06-19
2023,26,MOHANPURA,0,2023-06-26
2023,27,MOHANPURA,0,2023-07-03
2023,28,MOHANPURA,0,2023-07-10
2023,29,MOHANPURA,0,2023-07-17
2023,30,MOHANPURA,0,2023-07-24
2023,31,MOHANPURA,0,2023-07-31
2023,32,MOHANPURA,0,2023-08-07
2023,33,MOHANPURA,0,2023-08-14
2023,34,MOHANPURA,0,2023-08-21
2023,35,MOHANPURA,0,2023-08-28
2023,36,MOHANPURA,0,2023-09-04
2023,37,MOHANPURA,2,2023-09-11
2023,38,MOHANPURA,0,2023-09-18
2023,39,MOHANPURA,1,2023-09-25
2023,40,MOHANPURA,0,2023-10-02
2023,41,MOHANPURA,1,2023-10-09
2023,42,MOHANPURA,2,2023-10-16
2023,43,MOHANPURA,2,2023-10-23
2023,44,MOHANPURA,0,2023-10-30
2023,45,MOHANPURA,0,2023-11-06
2023,46,MOHANPURA,0,2023-11-13
2023,47,MOHANPURA,0,2023-11-20
2023,48,MOHANPURA,0,2023-11-27
2023,49,MOHANPURA,0,2023-12-04
2023,50,MOHANPURA,0,2023-12-11
2023,51,MOHANPURA,0,2023-12-18
2023,52,MOHANPURA,0,2023-12-25
2024,1,MOHANPURA,0,2024-01-01
2024,2,MOHANPURA,0,2024-01-08
2024,3,MOHANPURA,0,2024-01-15
2024,4,MOHANPURA,0,2024-01-22
2024,5,MOHANPURA,0,2024-01-29
2024,6,MOHANPURA,0,2024-02-05
2024,7,MOHANPURA,0,2024-02-12
2024,8,MOHANPURA,0,2024-02-19
2024,9,MOHANPURA,0,2024-02-26
2024,10,MOHANPURA,0,2024-03-04
2024,11,MOHANPURA,0,2024-03-11
2024,12,MOHANPURA,0,2024-03-18
2024,13,MOHANPURA,0,2024-03-25
2024,14,MOHANPURA,0,2024-04-01
2024,15,MOHANPURA,0,2024-04-08
2024,16,MOHANPURA,0,2024-04-15
2024,17,MOHANPURA,0,2024-04-22
2024,18,MOHANPURA,0,2024-04-29
2024,19,MOHANPURA,0,2024-05-06
2024,20,MOHANPURA,0,2024-05-13
2024,21,MOHANPURA,0,2024-05-20
2024,22,MOHANPURA,0,2024-05-27
2024,23,MOHANPURA,0,2024-06-03
2024,24,MOHANPURA,0,2024-06-10
2024,25,MOHANPURA,0,2024-06-17
2024,26,MOHANPURA,0,2024-06-24
2024,27,MOHANPURA,0,2024-07-01
2024,28,MOHANPURA,0,2024-07-08
2024,29,MOHANPURA,0,2024-07-15
2024,30,MOHANPURA,0,2024-07-22
2024,31,MOHANPURA,0,2024-07-29
2024,32,MOHANPURA,0,2024-08-05
2024,33,MOHANPURA,0,2024-08-12
2024,34,MOHANPURA,0,2024-08-19
2024,35,MOHANPURA,0,2024-08-26
2024,36,MOHANPURA,0,2024-09-02
2024,37,MOHANPURA,0,2024-09-09
2024,38,MOHANPURA,1,2024-09-16
2024,39,MOHANPURA,4,2024-09-23
2024,40,MOHANPURA,1,2024-09-30
2024,41,MOHANPURA,0,2024-10-07
2024,42,MOHANPURA,0,2024-10-14
2024,43,MOHANPURA,7,2024-10-21
2024,44,MOHANPURA,2,2024-10-28
2024,45,MOHANPURA,1,2024-11-04
2024,46,MOHANPURA,1,2024-11-11
2024,47,MOHANPURA,1,2024-11-18
2024,48,MOHANPURA,0,2024-11-25
2024,49,MOHANPURA,0,2024-12-02
2024,50,MOHANPURA,0,2024-12-09
2024,51,MOHANPURA,0,2024-12-16
2024,52,MOHANPURA,0,2024-12-23
2021,1,MORGAH,0,2021-01-04
2021,2,MORGAH,0,2021-01-11
2021,3,MORGAH,0,2021-01-18
2021,4,MORGAH,0,2021-01-25
2021,5,MORGAH,0,2021-02-01
2021,6,MORGAH,0,2021-02-08
2021,7,MORGAH,0,2021-02-15
2021,8,MORGAH,0,2021-02-22
2021,9,MORGAH,0,2021-03-01
2021,10,MORGAH,0,2021-03-08
2021,11,MORGAH,0,2021-03-15
2021,12,MORGAH,0,2021-03-22
2021,13,MORGAH,0,2021-03-29
2021,14,MORGAH,0,2021-04-05
2021,15,MORGAH,0,2021-04-12
2021,16,MORGAH,0,2021-04-19
2021,17,MORGAH,0,2021-04-26
2021,18,MORGAH,0,2021-05-03
2021,19,MORGAH,0,2021-05-10
2021,20,MORGAH,0,2021-05-17
2021,21,MORGAH,0,2021-05-24
2021,22,MORGAH,0,2021-05-31
2021,23,MORGAH,0,2021-06-07
2021,24,MORGAH,0,2021-06-14
2021,25,MORGAH,0,2021-06-21
2021,26,MORGAH,0,2021-06-28
2021,27,MORGAH,0,2021-07-05
2021,28,MORGAH,0,2021-07-12
2021,29,MORGAH,0,2021-07-19
2021,30,MORGAH,0,2021-07-26
2021,31,MORGAH,0,2021-08-02
2021,32,MORGAH,0,2021-08-09
2021,33,MORGAH,0,2021-08-16
2021,34,MORGAH,0,2021-08-23
2021,35,MORGAH,0,2021-08-30
2021,36,MORGAH,0,2021-09-06
2021,37,MORGAH,1,2021-09-13
2021,38,MORGAH,1,2021-09-20
2021,39,MORGAH,0,2021-09-27
2021,40,MORGAH,0,2021-10-04
2021,41,MORGAH,0,2021-10-11
2021,42,MORGAH,0,2021-10-18
2021,43,MORGAH,2,2021-10-25
2021,44,MORGAH,0,2021-11-01
2021,45,MORGAH,1,2021-11-08
2021,46,MORGAH,0,2021-11-15
2021,47,MORGAH,0,2021-11-22
2021,48,MORGAH,0,2021-11-29
2021,49,MORGAH,1,2021-12-06
2021,50,MORGAH,0,2021-12-13
2021,51,MORGAH,0,2021-12-20
2021,52,MORGAH,0,2021-12-27
2022,1,MORGAH,0,2022-01-03
2022,2,MORGAH,0,2022-01-10
2022,3,MORGAH,0,2022-01-17
2022,4,MORGAH,0,2022-01-24
2022,5,MORGAH,0,2022-01-31
2022,6,MORGAH,0,2022-02-07
2022,7,MORGAH,0,2022-02-14
2022,8,MORGAH,0,2022-02-21
2022,9,MORGAH,0,2022-02-28
2022,10,MORGAH,0,2022-03-07
2022,11,MORGAH,0,2022-03-14
2022,12,MORGAH,0,2022-03-21
2022,13,MORGAH,0,2022-03-28
2022,14,MORGAH,0,2022-04-04
2022,15,MORGAH,0,2022-04-11
2022,16,MORGAH,0,2022-04-18
2022,17,MORGAH,0,2022-04-25
2022,18,MORGAH,0,2022-05-02
2022,19,MORGAH,0,2022-05-09
2022,20,MORGAH,0,2022-05-16
2022,21,MORGAH,0,2022-05-23
2022,22,MORGAH,0,2022-05-30
2022,23,MORGAH,0,2022-06-06
2022,24,MORGAH,0,2022-06-13
2022,25,MORGAH,0,2022-06-20
2022,26,MORGAH,0,2022-06-27
2022,27,MORGAH,0,2022-07-04
2022,28,MORGAH,0,2022-07-11
2022,29,MORGAH,0,2022-07-18
2022,30,MORGAH,0,2022-07-25
2022,31,MORGAH,0,2022-08-01
2022,32,MORGAH,0,2022-08-08
2022,33,MORGAH,1,2022-08-15
2022,34,MORGAH,1,2022-08-22
2022,35,MORGAH,1,2022-08-29
2022,36,MORGAH,1,2022-09-05
2022,37,MORGAH,4,2022-09-12
2022,38,MORGAH,3,2022-09-19
2022,39,MORGAH,4,2022-09-26
2022,40,MORGAH,9,2022-10-03
2022,41,MORGAH,8,2022-10-10
2022,42,MORGAH,4,2022-10-17
2022,43,MORGAH,4,2022-10-24
2022,44,MORGAH,0,2022-10-31
2022,45,MORGAH,0,2022-11-07
2022,46,MORGAH,0,2022-11-14
2022,47,MORGAH,1,2022-11-21
2022,48,MORGAH,0,2022-11-28
2022,49,MORGAH,0,2022-12-05
2022,50,MORGAH,0,2022-12-12
2022,51,MORGAH,0,2022-12-19
2022,52,MORGAH,0,2022-12-26
2023,1,MORGAH,0,2023-01-02
2023,2,MORGAH,0,2023-01-09
2023,3,MORGAH,0,2023-01-16
2023,4,MORGAH,0,2023-01-23
2023,5,MORGAH,0,2023-01-30
2023,6,MORGAH,0,2023-02-06
2023,7,MORGAH,0,2023-02-13
2023,8,MORGAH,0,2023-02-20
2023,9,MORGAH,0,2023-02-27
2023,10,MORGAH,0,2023-03-06
2023,11,MORGAH,0,2023-03-13
2023,12,MORGAH,0,2023-03-20
2023,13,MORGAH,0,2023-03-27
2023,14,MORGAH,0,2023-04-03
2023,15,MORGAH,0,2023-04-10
2023,16,MORGAH,0,2023-04-17
2023,17,MORGAH,0,2023-04-24
2023,18,MORGAH,0,2023-05-01
2023,19,MORGAH,0,2023-05-08
2023,20,MORGAH,0,2023-05-15
2023,21,MORGAH,0,2023-05-22
2023,22,MORGAH,0,2023-05-29
2023,23,MORGAH,0,2023-06-05
2023,24,MORGAH,0,2023-06-12
2023,25,MORGAH,0,2023-06-19
2023,26,MORGAH,0,2023-06-26
2023,27,MORGAH,0,2023-07-03
2023,28,MORGAH,0,2023-07-10
2023,29,MORGAH,0,2023-07-17
2023,30,MORGAH,0,2023-07-24
2023,31,MORGAH,0,2023-07-31
2023,32,MORGAH,0,2023-08-07
2023,33,MORGAH,2,2023-08-14
2023,34,MORGAH,0,2023-08-21
2023,35,MORGAH,0,2023-08-28
2023,36,MORGAH,0,2023-09-04
2023,37,MORGAH,2,2023-09-11
2023,38,MORGAH,1,2023-09-18
2023,39,MORGAH,2,2023-09-25
2023,40,MORGAH,2,2023-10-02
2023,41,MORGAH,1,2023-10-09
2023,42,MORGAH,0,2023-10-16
2023,43,MORGAH,1,2023-10-23
2023,44,MORGAH,1,2023-10-30
2023,45,MORGAH,0,2023-11-06
2023,46,MORGAH,0,2023-11-13
2023,47,MORGAH,0,2023-11-20
2023,48,MORGAH,0,2023-11-27
2023,49,MORGAH,0,2023-12-04
2023,50,MORGAH,0,2023-12-11
2023,51,MORGAH,0,2023-12-18
2023,52,MORGAH,0,2023-12-25
2024,1,MORGAH,0,2024-01-01
2024,2,MORGAH,0,2024-01-08
2024,3,MORGAH,0,2024-01-15
2024,4,MORGAH,0,2024-01-22
2024,5,MORGAH,0,2024-01-29
2024,6,MORGAH,0,2024-02-05
2024,7,MORGAH,0,2024-02-12
2024,8,MORGAH,0,2024-02-19
2024,9,MORGAH,0,2024-02-26
2024,10,MORGAH,0,2024-03-04
2024,11,MORGAH,0,2024-03-11
2024,12,MORGAH,0,2024-03-18
2024,13,MORGAH,0,2024-03-25
2024,14,MORGAH,0,2024-04-01
2024,15,MORGAH,0,2024-04-08
2024,16,MORGAH,0,2024-04-15
2024,17,MORGAH,0,2024-04-22
2024,18,MORGAH,0,2024-04-29
2024,19,MORGAH,0,2024-05-06
2024,20,MORGAH,0,2024-05-13
2024,21,MORGAH,1,2024-05-20
2024,22,MORGAH,0,2024-05-27
2024,23,MORGAH,0,2024-06-03
2024,24,MORGAH,0,2024-06-10
2024,25,MORGAH,0,2024-06-17
2024,26,MORGAH,0,2024-06-24
2024,27,MORGAH,0,2024-07-01
2024,28,MORGAH,0,2024-07-08
2024,29,MORGAH,0,2024-07-15
2024,30,MORGAH,0,2024-07-22
2024,31,MORGAH,0,2024-07-29
2024,32,MORGAH,0,2024-08-05
2024,33,MORGAH,0,2024-08-12
2024,34,MORGAH,0,2024-08-19
2024,35,MORGAH,0,2024-08-26
2024,36,MORGAH,0,2024-09-02
2024,37,MORGAH,0,2024-09-09
2024,38,MORGAH,2,2024-09-16
2024,39,MORGAH,1,2024-09-23
2024,40,MORGAH,2,2024-09-30
2024,41,MORGAH,4,2024-10-07
2024,42,MORGAH,0,2024-10-14
2024,43,MORGAH,2,2024-10-21
2024,44,MORGAH,3,2024-10-28
2024,45,MORGAH,3,2024-11-04
2024,46,MORGAH,2,2024-11-11
2024,47,MORGAH,0,2024-11-18
2024,48,MORGAH,1,2024-11-25
2024,49,MORGAH,0,2024-12-02
2024,50,MORGAH,0,2024-12-09
2024,51,MORGAH,0,2024-12-16
2024,52,MORGAH,0,2024-12-23
2021,1,MUHALLA AMAMBARA,0,2021-01-04
2021,2,MUHALLA AMAMBARA,0,2021-01-11
2021,3,MUHALLA AMAMBARA,0,2021-01-18
2021,4,MUHALLA AMAMBARA,0,2021-01-25
2021,5,MUHALLA AMAMBARA,0,2021-02-01
2021,6,MUHALLA AMAMBARA,0,2021-02-08
2021,7,MUHALLA AMAMBARA,0,2021-02-15
2021,8,MUHALLA AMAMBARA,0,2021-02-22
2021,9,MUHALLA AMAMBARA,0,2021-03-01
2021,10,MUHALLA AMAMBARA,0,2021-03-08
2021,11,MUHALLA AMAMBARA,0,2021-03-15
2021,12,MUHALLA AMAMBARA,0,2021-03-22
2021,13,MUHALLA AMAMBARA,0,2021-03-29
2021,14,MUHALLA AMAMBARA,0,2021-04-05
2021,15,MUHALLA AMAMBARA,0,2021-04-12
2021,16,MUHALLA AMAMBARA,0,2021-04-19
2021,17,MUHALLA AMAMBARA,0,2021-04-26
2021,18,MUHALLA AMAMBARA,0,2021-05-03
2021,19,MUHALLA AMAMBARA,0,2021-05-10
2021,20,MUHALLA AMAMBARA,0,2021-05-17
2021,21,MUHALLA AMAMBARA,0,2021-05-24
2021,22,MUHALLA AMAMBARA,0,2021-05-31
2021,23,MUHALLA AMAMBARA,0,2021-06-07
2021,24,MUHALLA AMAMBARA,0,2021-06-14
2021,25,MUHALLA AMAMBARA,0,2021-06-21
2021,26,MUHALLA AMAMBARA,0,2021-06-28
2021,27,MUHALLA AMAMBARA,0,2021-07-05
2021,28,MUHALLA AMAMBARA,0,2021-07-12
2021,29,MUHALLA AMAMBARA,0,2021-07-19
2021,30,MUHALLA AMAMBARA,0,2021-07-26
2021,31,MUHALLA AMAMBARA,0,2021-08-02
2021,32,MUHALLA AMAMBARA,0,2021-08-09
2021,33,MUHALLA AMAMBARA,0,2021-08-16
2021,34,MUHALLA AMAMBARA,0,2021-08-23
2021,35,MUHALLA AMAMBARA,0,2021-08-30
2021,36,MUHALLA AMAMBARA,0,2021-09-06
2021,37,MUHALLA AMAMBARA,0,2021-09-13
2021,38,MUHALLA AMAMBARA,0,2021-09-20
2021,39,MUHALLA AMAMBARA,0,2021-09-27
2021,40,MUHALLA AMAMBARA,0,2021-10-04
2021,41,MUHALLA AMAMBARA,0,2021-10-11
2021,42,MUHALLA AMAMBARA,0,2021-10-18
2021,43,MUHALLA AMAMBARA,0,2021-10-25
2021,44,MUHALLA AMAMBARA,0,2021-11-01
2021,45,MUHALLA AMAMBARA,0,2021-11-08
2021,46,MUHALLA AMAMBARA,0,2021-11-15
2021,47,MUHALLA AMAMBARA,0,2021-11-22
2021,48,MUHALLA AMAMBARA,0,2021-11-29
2021,49,MUHALLA AMAMBARA,0,2021-12-06
2021,50,MUHALLA AMAMBARA,0,2021-12-13
2021,51,MUHALLA AMAMBARA,0,2021-12-20
2021,52,MUHALLA AMAMBARA,0,2021-12-27
2022,1,MUHALLA AMAMBARA,0,2022-01-03
2022,2,MUHALLA AMAMBARA,0,2022-01-10
2022,3,MUHALLA AMAMBARA,0,2022-01-17
2022,4,MUHALLA AMAMBARA,0,2022-01-24
2022,5,MUHALLA AMAMBARA,0,2022-01-31
2022,6,MUHALLA AMAMBARA,0,2022-02-07
2022,7,MUHALLA AMAMBARA,0,2022-02-14
2022,8,MUHALLA AMAMBARA,0,2022-02-21
2022,9,MUHALLA AMAMBARA,0,2022-02-28
2022,10,MUHALLA AMAMBARA,0,2022-03-07
2022,11,MUHALLA AMAMBARA,0,2022-03-14
2022,12,MUHALLA AMAMBARA,0,2022-03-21
2022,13,MUHALLA AMAMBARA,0,2022-03-28
2022,14,MUHALLA AMAMBARA,0,2022-04-04
2022,15,MUHALLA AMAMBARA,0,2022-04-11
2022,16,MUHALLA AMAMBARA,0,2022-04-18
2022,17,MUHALLA AMAMBARA,0,2022-04-25
2022,18,MUHALLA AMAMBARA,0,2022-05-02
2022,19,MUHALLA AMAMBARA,0,2022-05-09
2022,20,MUHALLA AMAMBARA,0,2022-05-16
2022,21,MUHALLA AMAMBARA,0,2022-05-23
2022,22,MUHALLA AMAMBARA,0,2022-05-30
2022,23,MUHALLA AMAMBARA,0,2022-06-06
2022,24,MUHALLA AMAMBARA,0,2022-06-13
2022,25,MUHALLA AMAMBARA,0,2022-06-20
2022,26,MUHALLA AMAMBARA,0,2022-06-27
2022,27,MUHALLA AMAMBARA,0,2022-07-04
2022,28,MUHALLA AMAMBARA,0,2022-07-11
2022,29,MUHALLA AMAMBARA,0,2022-07-18
2022,30,MUHALLA AMAMBARA,0,2022-07-25
2022,31,MUHALLA AMAMBARA,0,2022-08-01
2022,32,MUHALLA AMAMBARA,0,2022-08-08
2022,33,MUHALLA AMAMBARA,0,2022-08-15
2022,34,MUHALLA AMAMBARA,0,2022-08-22
2022,35,MUHALLA AMAMBARA,0,2022-08-29
2022,36,MUHALLA AMAMBARA,0,2022-09-05
2022,37,MUHALLA AMAMBARA,0,2022-09-12
2022,38,MUHALLA AMAMBARA,0,2022-09-19
2022,39,MUHALLA AMAMBARA,0,2022-09-26
2022,40,MUHALLA AMAMBARA,0,2022-10-03
2022,41,MUHALLA AMAMBARA,0,2022-10-10
2022,42,MUHALLA AMAMBARA,0,2022-10-17
2022,43,MUHALLA AMAMBARA,0,2022-10-24
2022,44,MUHALLA AMAMBARA,0,2022-10-31
2022,45,MUHALLA AMAMBARA,0,2022-11-07
2022,46,MUHALLA AMAMBARA,0,2022-11-14
2022,47,MUHALLA AMAMBARA,0,2022-11-21
2022,48,MUHALLA AMAMBARA,0,2022-11-28
2022,49,MUHALLA AMAMBARA,0,2022-12-05
2022,50,MUHALLA AMAMBARA,0,2022-12-12
2022,51,MUHALLA AMAMBARA,0,2022-12-19
2022,52,MUHALLA AMAMBARA,0,2022-12-26
2023,1,MUHALLA AMAMBARA,0,2023-01-02
2023,2,MUHALLA AMAMBARA,0,2023-01-09
2023,3,MUHALLA AMAMBARA,0,2023-01-16
2023,4,MUHALLA AMAMBARA,0,2023-01-23
2023,5,MUHALLA AMAMBARA,0,2023-01-30
2023,6,MUHALLA AMAMBARA,0,2023-02-06
2023,7,MUHALLA AMAMBARA,0,2023-02-13
2023,8,MUHALLA AMAMBARA,0,2023-02-20
2023,9,MUHALLA AMAMBARA,0,2023-02-27
2023,10,MUHALLA AMAMBARA,0,2023-03-06
2023,11,MUHALLA AMAMBARA,0,2023-03-13
2023,12,MUHALLA AMAMBARA,0,2023-03-20
2023,13,MUHALLA AMAMBARA,0,2023-03-27
2023,14,MUHALLA AMAMBARA,0,2023-04-03
2023,15,MUHALLA AMAMBARA,0,2023-04-10
2023,16,MUHALLA AMAMBARA,0,2023-04-17
2023,17,MUHALLA AMAMBARA,0,2023-04-24
2023,18,MUHALLA AMAMBARA,0,2023-05-01
2023,19,MUHALLA AMAMBARA,0,2023-05-08
2023,20,MUHALLA AMAMBARA,0,2023-05-15
2023,21,MUHALLA AMAMBARA,0,2023-05-22
2023,22,MUHALLA AMAMBARA,0,2023-05-29
2023,23,MUHALLA AMAMBARA,0,2023-06-05
2023,24,MUHALLA AMAMBARA,0,2023-06-12
2023,25,MUHALLA AMAMBARA,0,2023-06-19
2023,26,MUHALLA AMAMBARA,0,2023-06-26
2023,27,MUHALLA AMAMBARA,0,2023-07-03
2023,28,MUHALLA AMAMBARA,0,2023-07-10
2023,29,MUHALLA AMAMBARA,0,2023-07-17
2023,30,MUHALLA AMAMBARA,0,2023-07-24
2023,31,MUHALLA AMAMBARA,0,2023-07-31
2023,32,MUHALLA AMAMBARA,0,2023-08-07
2023,33,MUHALLA AMAMBARA,0,2023-08-14
2023,34,MUHALLA AMAMBARA,0,2023-08-21
2023,35,MUHALLA AMAMBARA,0,2023-08-28
2023,36,MUHALLA AMAMBARA,0,2023-09-04
2023,37,MUHALLA AMAMBARA,0,2023-09-11
2023,38,MUHALLA AMAMBARA,0,2023-09-18
2023,39,MUHALLA AMAMBARA,0,2023-09-25
2023,40,MUHALLA AMAMBARA,0,2023-10-02
2023,41,MUHALLA AMAMBARA,0,2023-10-09
2023,42,MUHALLA AMAMBARA,0,2023-10-16
2023,43,MUHALLA AMAMBARA,0,2023-10-23
2023,44,MUHALLA AMAMBARA,0,2023-10-30
2023,45,MUHALLA AMAMBARA,0,2023-11-06
2023,46,MUHALLA AMAMBARA,0,2023-11-13
2023,47,MUHALLA AMAMBARA,0,2023-11-20
2023,48,MUHALLA AMAMBARA,0,2023-11-27
2023,49,MUHALLA AMAMBARA,0,2023-12-04
2023,50,MUHALLA AMAMBARA,0,2023-12-11
2023,51,MUHALLA AMAMBARA,0,2023-12-18
2023,52,MUHALLA AMAMBARA,0,2023-12-25
2024,1,MUHALLA AMAMBARA,0,2024-01-01
2024,2,MUHALLA AMAMBARA,0,2024-01-08
2024,3,MUHALLA AMAMBARA,0,2024-01-15
2024,4,MUHALLA AMAMBARA,0,2024-01-22
2024,5,MUHALLA AMAMBARA,0,2024-01-29
2024,6,MUHALLA AMAMBARA,0,2024-02-05
2024,7,MUHALLA AMAMBARA,0,2024-02-12
2024,8,MUHALLA AMAMBARA,0,2024-02-19
2024,9,MUHALLA AMAMBARA,0,2024-02-26
2024,10,MUHALLA AMAMBARA,0,2024-03-04
2024,11,MUHALLA AMAMBARA,0,2024-03-11
2024,12,MUHALLA AMAMBARA,0,2024-03-18
2024,13,MUHALLA AMAMBARA,0,2024-03-25
2024,14,MUHALLA AMAMBARA,0,2024-04-01
2024,15,MUHALLA AMAMBARA,0,2024-04-08
2024,16,MUHALLA AMAMBARA,0,2024-04-15
2024,17,MUHALLA AMAMBARA,0,2024-04-22
2024,18,MUHALLA AMAMBARA,0,2024-04-29
2024,19,MUHALLA AMAMBARA,0,2024-05-06
2024,20,MUHALLA AMAMBARA,0,2024-05-13
2024,21,MUHALLA AMAMBARA,0,2024-05-20
2024,22,MUHALLA AMAMBARA,0,2024-05-27
2024,23,MUHALLA AMAMBARA,0,2024-06-03
2024,24,MUHALLA AMAMBARA,0,2024-06-10
2024,25,MUHALLA AMAMBARA,0,2024-06-17
2024,26,MUHALLA AMAMBARA,0,2024-06-24
2024,27,MUHALLA AMAMBARA,0,2024-07-01
2024,28,MUHALLA AMAMBARA,0,2024-07-08
2024,29,MUHALLA AMAMBARA,0,2024-07-15
2024,30,MUHALLA AMAMBARA,0,2024-07-22
2024,31,MUHALLA AMAMBARA,0,2024-07-29
2024,32,MUHALLA AMAMBARA,0,2024-08-05
2024,33,MUHALLA AMAMBARA,0,2024-08-12
2024,34,MUHALLA AMAMBARA,0,2024-08-19
2024,35,MUHALLA AMAMBARA,0,2024-08-26
2024,36,MUHALLA AMAMBARA,0,2024-09-02
2024,37,MUHALLA AMAMBARA,0,2024-09-09
2024,38,MUHALLA AMAMBARA,0,2024-09-16
2024,39,MUHALLA AMAMBARA,0,2024-09-23
2024,40,MUHALLA AMAMBARA,0,2024-09-30
2024,41,MUHALLA AMAMBARA,0,2024-10-07
2024,42,MUHALLA AMAMBARA,0,2024-10-14
2024,43,MUHALLA AMAMBARA,1,2024-10-21
2024,44,MUHALLA AMAMBARA,0,2024-10-28
2024,45,MUHALLA AMAMBARA,0,2024-11-04
2024,46,MUHALLA AMAMBARA,0,2024-11-11
2024,47,MUHALLA AMAMBARA,0,2024-11-18
2024,48,MUHALLA AMAMBARA,0,2024-11-25
2024,49,MUHALLA AMAMBARA,0,2024-12-02
2024,50,MUHALLA AMAMBARA,0,2024-12-09
2024,51,MUHALLA AMAMBARA,0,2024-12-16
2024,52,MUHALLA AMAMBARA,0,2024-12-23
2021,1,MUHALLA EIDGAH,0,2021-01-04
2021,2,MUHALLA EIDGAH,0,2021-01-11
2021,3,MUHALLA EIDGAH,0,2021-01-18
2021,4,MUHALLA EIDGAH,0,2021-01-25
2021,5,MUHALLA EIDGAH,0,2021-02-01
2021,6,MUHALLA EIDGAH,0,2021-02-08
2021,7,MUHALLA EIDGAH,0,2021-02-15
2021,8,MUHALLA EIDGAH,0,2021-02-22
2021,9,MUHALLA EIDGAH,0,2021-03-01
2021,10,MUHALLA EIDGAH,0,2021-03-08
2021,11,MUHALLA EIDGAH,0,2021-03-15
2021,12,MUHALLA EIDGAH,0,2021-03-22
2021,13,MUHALLA EIDGAH,0,2021-03-29
2021,14,MUHALLA EIDGAH,0,2021-04-05
2021,15,MUHALLA EIDGAH,0,2021-04-12
2021,16,MUHALLA EIDGAH,0,2021-04-19
2021,17,MUHALLA EIDGAH,0,2021-04-26
2021,18,MUHALLA EIDGAH,0,2021-05-03
2021,19,MUHALLA EIDGAH,0,2021-05-10
2021,20,MUHALLA EIDGAH,0,2021-05-17
2021,21,MUHALLA EIDGAH,0,2021-05-24
2021,22,MUHALLA EIDGAH,0,2021-05-31
2021,23,MUHALLA EIDGAH,0,2021-06-07
2021,24,MUHALLA EIDGAH,0,2021-06-14
2021,25,MUHALLA EIDGAH,0,2021-06-21
2021,26,MUHALLA EIDGAH,0,2021-06-28
2021,27,MUHALLA EIDGAH,0,2021-07-05
2021,28,MUHALLA EIDGAH,0,2021-07-12
2021,29,MUHALLA EIDGAH,0,2021-07-19
2021,30,MUHALLA EIDGAH,0,2021-07-26
2021,31,MUHALLA EIDGAH,0,2021-08-02
2021,32,MUHALLA EIDGAH,0,2021-08-09
2021,33,MUHALLA EIDGAH,0,2021-08-16
2021,34,MUHALLA EIDGAH,0,2021-08-23
2021,35,MUHALLA EIDGAH,0,2021-08-30
2021,36,MUHALLA EIDGAH,0,2021-09-06
2021,37,MUHALLA EIDGAH,0,2021-09-13
2021,38,MUHALLA EIDGAH,0,2021-09-20
2021,39,MUHALLA EIDGAH,0,2021-09-27
2021,40,MUHALLA EIDGAH,0,2021-10-04
2021,41,MUHALLA EIDGAH,0,2021-10-11
2021,42,MUHALLA EIDGAH,0,2021-10-18
2021,43,MUHALLA EIDGAH,0,2021-10-25
2021,44,MUHALLA EIDGAH,0,2021-11-01
2021,45,MUHALLA EIDGAH,0,2021-11-08
2021,46,MUHALLA EIDGAH,0,2021-11-15
2021,47,MUHALLA EIDGAH,0,2021-11-22
2021,48,MUHALLA EIDGAH,0,2021-11-29
2021,49,MUHALLA EIDGAH,0,2021-12-06
2021,50,MUHALLA EIDGAH,0,2021-12-13
2021,51,MUHALLA EIDGAH,0,2021-12-20
2021,52,MUHALLA EIDGAH,0,2021-12-27
2022,1,MUHALLA EIDGAH,0,2022-01-03
2022,2,MUHALLA EIDGAH,0,2022-01-10
2022,3,MUHALLA EIDGAH,0,2022-01-17
2022,4,MUHALLA EIDGAH,0,2022-01-24
2022,5,MUHALLA EIDGAH,0,2022-01-31
2022,6,MUHALLA EIDGAH,0,2022-02-07
2022,7,MUHALLA EIDGAH,0,2022-02-14
2022,8,MUHALLA EIDGAH,0,2022-02-21
2022,9,MUHALLA EIDGAH,0,2022-02-28
2022,10,MUHALLA EIDGAH,0,2022-03-07
2022,11,MUHALLA EIDGAH,0,2022-03-14
2022,12,MUHALLA EIDGAH,0,2022-03-21
2022,13,MUHALLA EIDGAH,0,2022-03-28
2022,14,MUHALLA EIDGAH,0,2022-04-04
2022,15,MUHALLA EIDGAH,0,2022-04-11
2022,16,MUHALLA EIDGAH,0,2022-04-18
2022,17,MUHALLA EIDGAH,0,2022-04-25
2022,18,MUHALLA EIDGAH,0,2022-05-02
2022,19,MUHALLA EIDGAH,0,2022-05-09
2022,20,MUHALLA EIDGAH,0,2022-05-16
2022,21,MUHALLA EIDGAH,0,2022-05-23
2022,22,MUHALLA EIDGAH,0,2022-05-30
2022,23,MUHALLA EIDGAH,0,2022-06-06
2022,24,MUHALLA EIDGAH,0,2022-06-13
2022,25,MUHALLA EIDGAH,0,2022-06-20
2022,26,MUHALLA EIDGAH,0,2022-06-27
2022,27,MUHALLA EIDGAH,0,2022-07-04
2022,28,MUHALLA EIDGAH,0,2022-07-11
2022,29,MUHALLA EIDGAH,0,2022-07-18
2022,30,MUHALLA EIDGAH,0,2022-07-25
2022,31,MUHALLA EIDGAH,0,2022-08-01
2022,32,MUHALLA EIDGAH,0,2022-08-08
2022,33,MUHALLA EIDGAH,0,2022-08-15
2022,34,MUHALLA EIDGAH,0,2022-08-22
2022,35,MUHALLA EIDGAH,0,2022-08-29
2022,36,MUHALLA EIDGAH,0,2022-09-05
2022,37,MUHALLA EIDGAH,0,2022-09-12
2022,38,MUHALLA EIDGAH,0,2022-09-19
2022,39,MUHALLA EIDGAH,0,2022-09-26
2022,40,MUHALLA EIDGAH,0,2022-10-03
2022,41,MUHALLA EIDGAH,0,2022-10-10
2022,42,MUHALLA EIDGAH,0,2022-10-17
2022,43,MUHALLA EIDGAH,1,2022-10-24
2022,44,MUHALLA EIDGAH,0,2022-10-31
2022,45,MUHALLA EIDGAH,0,2022-11-07
2022,46,MUHALLA EIDGAH,0,2022-11-14
2022,47,MUHALLA EIDGAH,0,2022-11-21
2022,48,MUHALLA EIDGAH,0,2022-11-28
2022,49,MUHALLA EIDGAH,0,2022-12-05
2022,50,MUHALLA EIDGAH,0,2022-12-12
2022,51,MUHALLA EIDGAH,0,2022-12-19
2022,52,MUHALLA EIDGAH,0,2022-12-26
2023,1,MUHALLA EIDGAH,0,2023-01-02
2023,2,MUHALLA EIDGAH,0,2023-01-09
2023,3,MUHALLA EIDGAH,0,2023-01-16
2023,4,MUHALLA EIDGAH,0,2023-01-23
2023,5,MUHALLA EIDGAH,0,2023-01-30
2023,6,MUHALLA EIDGAH,0,2023-02-06
2023,7,MUHALLA EIDGAH,0,2023-02-13
2023,8,MUHALLA EIDGAH,0,2023-02-20
2023,9,MUHALLA EIDGAH,0,2023-02-27
2023,10,MUHALLA EIDGAH,0,2023-03-06
2023,11,MUHALLA EIDGAH,0,2023-03-13
2023,12,MUHALLA EIDGAH,0,2023-03-20
2023,13,MUHALLA EIDGAH,0,2023-03-27
2023,14,MUHALLA EIDGAH,0,2023-04-03
2023,15,MUHALLA EIDGAH,0,2023-04-10
2023,16,MUHALLA EIDGAH,0,2023-04-17
2023,17,MUHALLA EIDGAH,0,2023-04-24
2023,18,MUHALLA EIDGAH,0,2023-05-01
2023,19,MUHALLA EIDGAH,0,2023-05-08
2023,20,MUHALLA EIDGAH,0,2023-05-15
2023,21,MUHALLA EIDGAH,0,2023-05-22
2023,22,MUHALLA EIDGAH,0,2023-05-29
2023,23,MUHALLA EIDGAH,0,2023-06-05
2023,24,MUHALLA EIDGAH,0,2023-06-12
2023,25,MUHALLA EIDGAH,0,2023-06-19
2023,26,MUHALLA EIDGAH,0,2023-06-26
2023,27,MUHALLA EIDGAH,0,2023-07-03
2023,28,MUHALLA EIDGAH,0,2023-07-10
2023,29,MUHALLA EIDGAH,0,2023-07-17
2023,30,MUHALLA EIDGAH,0,2023-07-24
2023,31,MUHALLA EIDGAH,0,2023-07-31
2023,32,MUHALLA EIDGAH,0,2023-08-07
2023,33,MUHALLA EIDGAH,0,2023-08-14
2023,34,MUHALLA EIDGAH,0,2023-08-21
2023,35,MUHALLA EIDGAH,0,2023-08-28
2023,36,MUHALLA EIDGAH,0,2023-09-04
2023,37,MUHALLA EIDGAH,0,2023-09-11
2023,38,MUHALLA EIDGAH,0,2023-09-18
2023,39,MUHALLA EIDGAH,0,2023-09-25
2023,40,MUHALLA EIDGAH,0,2023-10-02
2023,41,MUHALLA EIDGAH,0,2023-10-09
2023,42,MUHALLA EIDGAH,0,2023-10-16
2023,43,MUHALLA EIDGAH,0,2023-10-23
2023,44,MUHALLA EIDGAH,0,2023-10-30
2023,45,MUHALLA EIDGAH,0,2023-11-06
2023,46,MUHALLA EIDGAH,0,2023-11-13
2023,47,MUHALLA EIDGAH,0,2023-11-20
2023,48,MUHALLA EIDGAH,0,2023-11-27
2023,49,MUHALLA EIDGAH,0,2023-12-04
2023,50,MUHALLA EIDGAH,0,2023-12-11
2023,51,MUHALLA EIDGAH,0,2023-12-18
2023,52,MUHALLA EIDGAH,0,2023-12-25
2024,1,MUHALLA EIDGAH,0,2024-01-01
2024,2,MUHALLA EIDGAH,0,2024-01-08
2024,3,MUHALLA EIDGAH,0,2024-01-15
2024,4,MUHALLA EIDGAH,0,2024-01-22
2024,5,MUHALLA EIDGAH,0,2024-01-29
2024,6,MUHALLA EIDGAH,0,2024-02-05
2024,7,MUHALLA EIDGAH,0,2024-02-12
2024,8,MUHALLA EIDGAH,0,2024-02-19
2024,9,MUHALLA EIDGAH,0,2024-02-26
2024,10,MUHALLA EIDGAH,0,2024-03-04
2024,11,MUHALLA EIDGAH,0,2024-03-11
2024,12,MUHALLA EIDGAH,0,2024-03-18
2024,13,MUHALLA EIDGAH,0,2024-03-25
2024,14,MUHALLA EIDGAH,0,2024-04-01
2024,15,MUHALLA EIDGAH,0,2024-04-08
2024,16,MUHALLA EIDGAH,0,2024-04-15
2024,17,MUHALLA EIDGAH,0,2024-04-22
2024,18,MUHALLA EIDGAH,0,2024-04-29
2024,19,MUHALLA EIDGAH,0,2024-05-06
2024,20,MUHALLA EIDGAH,0,2024-05-13
2024,21,MUHALLA EIDGAH,0,2024-05-20
2024,22,MUHALLA EIDGAH,0,2024-05-27
2024,23,MUHALLA EIDGAH,0,2024-06-03
2024,24,MUHALLA EIDGAH,0,2024-06-10
2024,25,MUHALLA EIDGAH,0,2024-06-17
2024,26,MUHALLA EIDGAH,0,2024-06-24
2024,27,MUHALLA EIDGAH,0,2024-07-01
2024,28,MUHALLA EIDGAH,0,2024-07-08
2024,29,MUHALLA EIDGAH,0,2024-07-15
2024,30,MUHALLA EIDGAH,0,2024-07-22
2024,31,MUHALLA EIDGAH,0,2024-07-29
2024,32,MUHALLA EIDGAH,0,2024-08-05
2024,33,MUHALLA EIDGAH,0,2024-08-12
2024,34,MUHALLA EIDGAH,0,2024-08-19
2024,35,MUHALLA EIDGAH,0,2024-08-26
2024,36,MUHALLA EIDGAH,0,2024-09-02
2024,37,MUHALLA EIDGAH,0,2024-09-09
2024,38,MUHALLA EIDGAH,0,2024-09-16
2024,39,MUHALLA EIDGAH,0,2024-09-23
2024,40,MUHALLA EIDGAH,0,2024-09-30
2024,41,MUHALLA EIDGAH,0,2024-10-07
2024,42,MUHALLA EIDGAH,0,2024-10-14
2024,43,MUHALLA EIDGAH,1,2024-10-21
2024,44,MUHALLA EIDGAH,0,2024-10-28
2024,45,MUHALLA EIDGAH,0,2024-11-04
2024,46,MUHALLA EIDGAH,0,2024-11-11
2024,47,MUHALLA EIDGAH,0,2024-11-18
2024,48,MUHALLA EIDGAH,0,2024-11-25
2024,49,MUHALLA EIDGAH,0,2024-12-02
2024,50,MUHALLA EIDGAH,0,2024-12-09
2024,51,MUHALLA EIDGAH,0,2024-12-16
2024,52,MUHALLA EIDGAH,0,2024-12-23
2021,1,MUSLIM TOWN (WEST),0,2021-01-04
2021,2,MUSLIM TOWN (WEST),0,2021-01-11
2021,3,MUSLIM TOWN (WEST),0,2021-01-18
2021,4,MUSLIM TOWN (WEST),0,2021-01-25
2021,5,MUSLIM TOWN (WEST),0,2021-02-01
2021,6,MUSLIM TOWN (WEST),0,2021-02-08
2021,7,MUSLIM TOWN (WEST),0,2021-02-15
2021,8,MUSLIM TOWN (WEST),0,2021-02-22
2021,9,MUSLIM TOWN (WEST),0,2021-03-01
2021,10,MUSLIM TOWN (WEST),0,2021-03-08
2021,11,MUSLIM TOWN (WEST),0,2021-03-15
2021,12,MUSLIM TOWN (WEST),0,2021-03-22
2021,13,MUSLIM TOWN (WEST),0,2021-03-29
2021,14,MUSLIM TOWN (WEST),0,2021-04-05
2021,15,MUSLIM TOWN (WEST),0,2021-04-12
2021,16,MUSLIM TOWN (WEST),0,2021-04-19
2021,17,MUSLIM TOWN (WEST),0,2021-04-26
2021,18,MUSLIM TOWN (WEST),0,2021-05-03
2021,19,MUSLIM TOWN (WEST),0,2021-05-10
2021,20,MUSLIM TOWN (WEST),0,2021-05-17
2021,21,MUSLIM TOWN (WEST),0,2021-05-24
2021,22,MUSLIM TOWN (WEST),0,2021-05-31
2021,23,MUSLIM TOWN (WEST),0,2021-06-07
2021,24,MUSLIM TOWN (WEST),0,2021-06-14
2021,25,MUSLIM TOWN (WEST),0,2021-06-21
2021,26,MUSLIM TOWN (WEST),0,2021-06-28
2021,27,MUSLIM TOWN (WEST),0,2021-07-05
2021,28,MUSLIM TOWN (WEST),0,2021-07-12
2021,29,MUSLIM TOWN (WEST),0,2021-07-19
2021,30,MUSLIM TOWN (WEST),0,2021-07-26
2021,31,MUSLIM TOWN (WEST),0,2021-08-02
2021,32,MUSLIM TOWN (WEST),0,2021-08-09
2021,33,MUSLIM TOWN (WEST),0,2021-08-16
2021,34,MUSLIM TOWN (WEST),0,2021-08-23
2021,35,MUSLIM TOWN (WEST),0,2021-08-30
2021,36,MUSLIM TOWN (WEST),0,2021-09-06
2021,37,MUSLIM TOWN (WEST),0,2021-09-13
2021,38,MUSLIM TOWN (WEST),0,2021-09-20
2021,39,MUSLIM TOWN (WEST),0,2021-09-27
2021,40,MUSLIM TOWN (WEST),0,2021-10-04
2021,41,MUSLIM TOWN (WEST),1,2021-10-11
2021,42,MUSLIM TOWN (WEST),0,2021-10-18
2021,43,MUSLIM TOWN (WEST),0,2021-10-25
2021,44,MUSLIM TOWN (WEST),0,2021-11-01
2021,45,MUSLIM TOWN (WEST),1,2021-11-08
2021,46,MUSLIM TOWN (WEST),0,2021-11-15
2021,47,MUSLIM TOWN (WEST),0,2021-11-22
2021,48,MUSLIM TOWN (WEST),0,2021-11-29
2021,49,MUSLIM TOWN (WEST),0,2021-12-06
2021,50,MUSLIM TOWN (WEST),0,2021-12-13
2021,51,MUSLIM TOWN (WEST),0,2021-12-20
2021,52,MUSLIM TOWN (WEST),0,2021-12-27
2022,1,MUSLIM TOWN (WEST),0,2022-01-03
2022,2,MUSLIM TOWN (WEST),0,2022-01-10
2022,3,MUSLIM TOWN (WEST),0,2022-01-17
2022,4,MUSLIM TOWN (WEST),0,2022-01-24
2022,5,MUSLIM TOWN (WEST),0,2022-01-31
2022,6,MUSLIM TOWN (WEST),0,2022-02-07
2022,7,MUSLIM TOWN (WEST),0,2022-02-14
2022,8,MUSLIM TOWN (WEST),0,2022-02-21
2022,9,MUSLIM TOWN (WEST),0,2022-02-28
2022,10,MUSLIM TOWN (WEST),0,2022-03-07
2022,11,MUSLIM TOWN (WEST),0,2022-03-14
2022,12,MUSLIM TOWN (WEST),0,2022-03-21
2022,13,MUSLIM TOWN (WEST),0,2022-03-28
2022,14,MUSLIM TOWN (WEST),0,2022-04-04
2022,15,MUSLIM TOWN (WEST),0,2022-04-11
2022,16,MUSLIM TOWN (WEST),0,2022-04-18
2022,17,MUSLIM TOWN (WEST),0,2022-04-25
2022,18,MUSLIM TOWN (WEST),0,2022-05-02
2022,19,MUSLIM TOWN (WEST),0,2022-05-09
2022,20,MUSLIM TOWN (WEST),0,2022-05-16
2022,21,MUSLIM TOWN (WEST),0,2022-05-23
2022,22,MUSLIM TOWN (WEST),0,2022-05-30
2022,23,MUSLIM TOWN (WEST),0,2022-06-06
2022,24,MUSLIM TOWN (WEST),0,2022-06-13
2022,25,MUSLIM TOWN (WEST),0,2022-06-20
2022,26,MUSLIM TOWN (WEST),0,2022-06-27
2022,27,MUSLIM TOWN (WEST),0,2022-07-04
2022,28,MUSLIM TOWN (WEST),0,2022-07-11
2022,29,MUSLIM TOWN (WEST),0,2022-07-18
2022,30,MUSLIM TOWN (WEST),0,2022-07-25
2022,31,MUSLIM TOWN (WEST),0,2022-08-01
2022,32,MUSLIM TOWN (WEST),0,2022-08-08
2022,33,MUSLIM TOWN (WEST),0,2022-08-15
2022,34,MUSLIM TOWN (WEST),0,2022-08-22
2022,35,MUSLIM TOWN (WEST),0,2022-08-29
2022,36,MUSLIM TOWN (WEST),0,2022-09-05
2022,37,MUSLIM TOWN (WEST),0,2022-09-12
2022,38,MUSLIM TOWN (WEST),1,2022-09-19
2022,39,MUSLIM TOWN (WEST),0,2022-09-26
2022,40,MUSLIM TOWN (WEST),0,2022-10-03
2022,41,MUSLIM TOWN (WEST),3,2022-10-10
2022,42,MUSLIM TOWN (WEST),0,2022-10-17
2022,43,MUSLIM TOWN (WEST),1,2022-10-24
2022,44,MUSLIM TOWN (WEST),2,2022-10-31
2022,45,MUSLIM TOWN (WEST),0,2022-11-07
2022,46,MUSLIM TOWN (WEST),0,2022-11-14
2022,47,MUSLIM TOWN (WEST),0,2022-11-21
2022,48,MUSLIM TOWN (WEST),0,2022-11-28
2022,49,MUSLIM TOWN (WEST),0,2022-12-05
2022,50,MUSLIM TOWN (WEST),0,2022-12-12
2022,51,MUSLIM TOWN (WEST),0,2022-12-19
2022,52,MUSLIM TOWN (WEST),0,2022-12-26
2023,1,MUSLIM TOWN (WEST),0,2023-01-02
2023,2,MUSLIM TOWN (WEST),0,2023-01-09
2023,3,MUSLIM TOWN (WEST),0,2023-01-16
2023,4,MUSLIM TOWN (WEST),0,2023-01-23
2023,5,MUSLIM TOWN (WEST),0,2023-01-30
2023,6,MUSLIM TOWN (WEST),0,2023-02-06
2023,7,MUSLIM TOWN (WEST),0,2023-02-13
2023,8,MUSLIM TOWN (WEST),0,2023-02-20
2023,9,MUSLIM TOWN (WEST),0,2023-02-27
2023,10,MUSLIM TOWN (WEST),0,2023-03-06
2023,11,MUSLIM TOWN (WEST),0,2023-03-13
2023,12,MUSLIM TOWN (WEST),0,2023-03-20
2023,13,MUSLIM TOWN (WEST),0,2023-03-27
2023,14,MUSLIM TOWN (WEST),0,2023-04-03
2023,15,MUSLIM TOWN (WEST),0,2023-04-10
2023,16,MUSLIM TOWN (WEST),0,2023-04-17
2023,17,MUSLIM TOWN (WEST),0,2023-04-24
2023,18,MUSLIM TOWN (WEST),0,2023-05-01
2023,19,MUSLIM TOWN (WEST),0,2023-05-08
2023,20,MUSLIM TOWN (WEST),0,2023-05-15
2023,21,MUSLIM TOWN (WEST),0,2023-05-22
2023,22,MUSLIM TOWN (WEST),0,2023-05-29
2023,23,MUSLIM TOWN (WEST),0,2023-06-05
2023,24,MUSLIM TOWN (WEST),0,2023-06-12
2023,25,MUSLIM TOWN (WEST),0,2023-06-19
2023,26,MUSLIM TOWN (WEST),0,2023-06-26
2023,27,MUSLIM TOWN (WEST),0,2023-07-03
2023,28,MUSLIM TOWN (WEST),0,2023-07-10
2023,29,MUSLIM TOWN (WEST),0,2023-07-17
2023,30,MUSLIM TOWN (WEST),0,2023-07-24
2023,31,MUSLIM TOWN (WEST),0,2023-07-31
2023,32,MUSLIM TOWN (WEST),0,2023-08-07
2023,33,MUSLIM TOWN (WEST),0,2023-08-14
2023,34,MUSLIM TOWN (WEST),0,2023-08-21
2023,35,MUSLIM TOWN (WEST),0,2023-08-28
2023,36,MUSLIM TOWN (WEST),0,2023-09-04
2023,37,MUSLIM TOWN (WEST),1,2023-09-11
2023,38,MUSLIM TOWN (WEST),0,2023-09-18
2023,39,MUSLIM TOWN (WEST),0,2023-09-25
2023,40,MUSLIM TOWN (WEST),1,2023-10-02
2023,41,MUSLIM TOWN (WEST),0,2023-10-09
2023,42,MUSLIM TOWN (WEST),2,2023-10-16
2023,43,MUSLIM TOWN (WEST),1,2023-10-23
2023,44,MUSLIM TOWN (WEST),0,2023-10-30
2023,45,MUSLIM TOWN (WEST),0,2023-11-06
2023,46,MUSLIM TOWN (WEST),0,2023-11-13
2023,47,MUSLIM TOWN (WEST),0,2023-11-20
2023,48,MUSLIM TOWN (WEST),0,2023-11-27
2023,49,MUSLIM TOWN (WEST),0,2023-12-04
2023,50,MUSLIM TOWN (WEST),0,2023-12-11
2023,51,MUSLIM TOWN (WEST),0,2023-12-18
2023,52,MUSLIM TOWN (WEST),0,2023-12-25
2024,1,MUSLIM TOWN (WEST),0,2024-01-01
2024,2,MUSLIM TOWN (WEST),0,2024-01-08
2024,3,MUSLIM TOWN (WEST),0,2024-01-15
2024,4,MUSLIM TOWN (WEST),0,2024-01-22
2024,5,MUSLIM TOWN (WEST),0,2024-01-29
2024,6,MUSLIM TOWN (WEST),0,2024-02-05
2024,7,MUSLIM TOWN (WEST),0,2024-02-12
2024,8,MUSLIM TOWN (WEST),0,2024-02-19
2024,9,MUSLIM TOWN (WEST),0,2024-02-26
2024,10,MUSLIM TOWN (WEST),0,2024-03-04
2024,11,MUSLIM TOWN (WEST),0,2024-03-11
2024,12,MUSLIM TOWN (WEST),0,2024-03-18
2024,13,MUSLIM TOWN (WEST),0,2024-03-25
2024,14,MUSLIM TOWN (WEST),0,2024-04-01
2024,15,MUSLIM TOWN (WEST),0,2024-04-08
2024,16,MUSLIM TOWN (WEST),0,2024-04-15
2024,17,MUSLIM TOWN (WEST),0,2024-04-22
2024,18,MUSLIM TOWN (WEST),0,2024-04-29
2024,19,MUSLIM TOWN (WEST),0,2024-05-06
2024,20,MUSLIM TOWN (WEST),0,2024-05-13
2024,21,MUSLIM TOWN (WEST),0,2024-05-20
2024,22,MUSLIM TOWN (WEST),0,2024-05-27
2024,23,MUSLIM TOWN (WEST),0,2024-06-03
2024,24,MUSLIM TOWN (WEST),0,2024-06-10
2024,25,MUSLIM TOWN (WEST),0,2024-06-17
2024,26,MUSLIM TOWN (WEST),0,2024-06-24
2024,27,MUSLIM TOWN (WEST),0,2024-07-01
2024,28,MUSLIM TOWN (WEST),0,2024-07-08
2024,29,MUSLIM TOWN (WEST),0,2024-07-15
2024,30,MUSLIM TOWN (WEST),0,2024-07-22
2024,31,MUSLIM TOWN (WEST),0,2024-07-29
2024,32,MUSLIM TOWN (WEST),0,2024-08-05
2024,33,MUSLIM TOWN (WEST),0,2024-08-12
2024,34,MUSLIM TOWN (WEST),0,2024-08-19
2024,35,MUSLIM TOWN (WEST),0,2024-08-26
2024,36,MUSLIM TOWN (WEST),0,2024-09-02
2024,37,MUSLIM TOWN (WEST),0,2024-09-09
2024,38,MUSLIM TOWN (WEST),0,2024-09-16
2024,39,MUSLIM TOWN (WEST),0,2024-09-23
2024,40,MUSLIM TOWN (WEST),3,2024-09-30
2024,41,MUSLIM TOWN (WEST),0,2024-10-07
2024,42,MUSLIM TOWN (WEST),0,2024-10-14
2024,43,MUSLIM TOWN (WEST),0,2024-10-21
2024,44,MUSLIM TOWN (WEST),1,2024-10-28
2024,45,MUSLIM TOWN (WEST),1,2024-11-04
2024,46,MUSLIM TOWN (WEST),0,2024-11-11
2024,47,MUSLIM TOWN (WEST),0,2024-11-18
2024,48,MUSLIM TOWN (WEST),0,2024-11-25
2024,49,MUSLIM TOWN (WEST),1,2024-12-02
2024,50,MUSLIM TOWN (WEST),0,2024-12-09
2024,51,MUSLIM TOWN (WEST),0,2024-12-16
2024,52,MUSLIM TOWN (WEST),0,2024-12-23
2021,1,Mohan Pura,0,2021-01-04
2021,2,Mohan Pura,0,2021-01-11
2021,3,Mohan Pura,0,2021-01-18
2021,4,Mohan Pura,0,2021-01-25
2021,5,Mohan Pura,0,2021-02-01
2021,6,Mohan Pura,0,2021-02-08
2021,7,Mohan Pura,0,2021-02-15
2021,8,Mohan Pura,0,2021-02-22
2021,9,Mohan Pura,0,2021-03-01
2021,10,Mohan Pura,0,2021-03-08
2021,11,Mohan Pura,0,2021-03-15
2021,12,Mohan Pura,0,2021-03-22
2021,13,Mohan Pura,0,2021-03-29
2021,14,Mohan Pura,0,2021-04-05
2021,15,Mohan Pura,0,2021-04-12
2021,16,Mohan Pura,0,2021-04-19
2021,17,Mohan Pura,0,2021-04-26
2021,18,Mohan Pura,0,2021-05-03
2021,19,Mohan Pura,0,2021-05-10
2021,20,Mohan Pura,0,2021-05-17
2021,21,Mohan Pura,0,2021-05-24
2021,22,Mohan Pura,0,2021-05-31
2021,23,Mohan Pura,0,2021-06-07
2021,24,Mohan Pura,0,2021-06-14
2021,25,Mohan Pura,0,2021-06-21
2021,26,Mohan Pura,0,2021-06-28
2021,27,Mohan Pura,0,2021-07-05
2021,28,Mohan Pura,0,2021-07-12
2021,29,Mohan Pura,0,2021-07-19
2021,30,Mohan Pura,0,2021-07-26
2021,31,Mohan Pura,0,2021-08-02
2021,32,Mohan Pura,0,2021-08-09
2021,33,Mohan Pura,0,2021-08-16
2021,34,Mohan Pura,0,2021-08-23
2021,35,Mohan Pura,0,2021-08-30
2021,36,Mohan Pura,0,2021-09-06
2021,37,Mohan Pura,0,2021-09-13
2021,38,Mohan Pura,0,2021-09-20
2021,39,Mohan Pura,0,2021-09-27
2021,40,Mohan Pura,0,2021-10-04
2021,41,Mohan Pura,0,2021-10-11
2021,42,Mohan Pura,1,2021-10-18
2021,43,Mohan Pura,1,2021-10-25
2021,44,Mohan Pura,1,2021-11-01
2021,45,Mohan Pura,0,2021-11-08
2021,46,Mohan Pura,0,2021-11-15
2021,47,Mohan Pura,1,2021-11-22
2021,48,Mohan Pura,0,2021-11-29
2021,49,Mohan Pura,0,2021-12-06
2021,50,Mohan Pura,0,2021-12-13
2021,51,Mohan Pura,0,2021-12-20
2021,52,Mohan Pura,0,2021-12-27
2022,1,Mohan Pura,0,2022-01-03
2022,2,Mohan Pura,0,2022-01-10
2022,3,Mohan Pura,0,2022-01-17
2022,4,Mohan Pura,0,2022-01-24
2022,5,Mohan Pura,0,2022-01-31
2022,6,Mohan Pura,0,2022-02-07
2022,7,Mohan Pura,0,2022-02-14
2022,8,Mohan Pura,0,2022-02-21
2022,9,Mohan Pura,0,2022-02-28
2022,10,Mohan Pura,0,2022-03-07
2022,11,Mohan Pura,0,2022-03-14
2022,12,Mohan Pura,0,2022-03-21
2022,13,Mohan Pura,0,2022-03-28
2022,14,Mohan Pura,0,2022-04-04
2022,15,Mohan Pura,0,2022-04-11
2022,16,Mohan Pura,0,2022-04-18
2022,17,Mohan Pura,0,2022-04-25
2022,18,Mohan Pura,0,2022-05-02
2022,19,Mohan Pura,0,2022-05-09
2022,20,Mohan Pura,0,2022-05-16
2022,21,Mohan Pura,0,2022-05-23
2022,22,Mohan Pura,0,2022-05-30
2022,23,Mohan Pura,0,2022-06-06
2022,24,Mohan Pura,0,2022-06-13
2022,25,Mohan Pura,0,2022-06-20
2022,26,Mohan Pura,0,2022-06-27
2022,27,Mohan Pura,0,2022-07-04
2022,28,Mohan Pura,0,2022-07-11
2022,29,Mohan Pura,0,2022-07-18
2022,30,Mohan Pura,0,2022-07-25
2022,31,Mohan Pura,0,2022-08-01
2022,32,Mohan Pura,0,2022-08-08
2022,33,Mohan Pura,0,2022-08-15
2022,34,Mohan Pura,1,2022-08-22
2022,35,Mohan Pura,0,2022-08-29
2022,36,Mohan Pura,0,2022-09-05
2022,37,Mohan Pura,0,2022-09-12
2022,38,Mohan Pura,0,2022-09-19
2022,39,Mohan Pura,3,2022-09-26
2022,40,Mohan Pura,0,2022-10-03
2022,41,Mohan Pura,1,2022-10-10
2022,42,Mohan Pura,0,2022-10-17
2022,43,Mohan Pura,0,2022-10-24
2022,44,Mohan Pura,0,2022-10-31
2022,45,Mohan Pura,1,2022-11-07
2022,46,Mohan Pura,0,2022-11-14
2022,47,Mohan Pura,0,2022-11-21
2022,48,Mohan Pura,0,2022-11-28
2022,49,Mohan Pura,0,2022-12-05
2022,50,Mohan Pura,0,2022-12-12
2022,51,Mohan Pura,0,2022-12-19
2022,52,Mohan Pura,0,2022-12-26
2023,1,Mohan Pura,0,2023-01-02
2023,2,Mohan Pura,0,2023-01-09
2023,3,Mohan Pura,0,2023-01-16
2023,4,Mohan Pura,0,2023-01-23
2023,5,Mohan Pura,0,2023-01-30
2023,6,Mohan Pura,0,2023-02-06
2023,7,Mohan Pura,0,2023-02-13
2023,8,Mohan Pura,0,2023-02-20
2023,9,Mohan Pura,0,2023-02-27
2023,10,Mohan Pura,0,2023-03-06
2023,11,Mohan Pura,0,2023-03-13
2023,12,Mohan Pura,0,2023-03-20
2023,13,Mohan Pura,0,2023-03-27
2023,14,Mohan Pura,0,2023-04-03
2023,15,Mohan Pura,0,2023-04-10
2023,16,Mohan Pura,0,2023-04-17
2023,17,Mohan Pura,0,2023-04-24
2023,18,Mohan Pura,0,2023-05-01
2023,19,Mohan Pura,0,2023-05-08
2023,20,Mohan Pura,0,2023-05-15
2023,21,Mohan Pura,0,2023-05-22
2023,22,Mohan Pura,0,2023-05-29
2023,23,Mohan Pura,0,2023-06-05
2023,24,Mohan Pura,0,2023-06-12
2023,25,Mohan Pura,0,2023-06-19
2023,26,Mohan Pura,0,2023-06-26
2023,27,Mohan Pura,0,2023-07-03
2023,28,Mohan Pura,0,2023-07-10
2023,29,Mohan Pura,0,2023-07-17
2023,30,Mohan Pura,0,2023-07-24
2023,31,Mohan Pura,0,2023-07-31
2023,32,Mohan Pura,0,2023-08-07
2023,33,Mohan Pura,0,2023-08-14
2023,34,Mohan Pura,0,2023-08-21
2023,35,Mohan Pura,0,2023-08-28
2023,36,Mohan Pura,0,2023-09-04
2023,37,Mohan Pura,0,2023-09-11
2023,38,Mohan Pura,0,2023-09-18
2023,39,Mohan Pura,0,2023-09-25
2023,40,Mohan Pura,0,2023-10-02
2023,41,Mohan Pura,0,2023-10-09
2023,42,Mohan Pura,0,2023-10-16
2023,43,Mohan Pura,1,2023-10-23
2023,44,Mohan Pura,0,2023-10-30
2023,45,Mohan Pura,0,2023-11-06
2023,46,Mohan Pura,0,2023-11-13
2023,47,Mohan Pura,0,2023-11-20
2023,48,Mohan Pura,0,2023-11-27
2023,49,Mohan Pura,0,2023-12-04
2023,50,Mohan Pura,0,2023-12-11
2023,51,Mohan Pura,0,2023-12-18
2023,52,Mohan Pura,0,2023-12-25
2024,1,Mohan Pura,0,2024-01-01
2024,2,Mohan Pura,0,2024-01-08
2024,3,Mohan Pura,0,2024-01-15
2024,4,Mohan Pura,0,2024-01-22
2024,5,Mohan Pura,0,2024-01-29
2024,6,Mohan Pura,0,2024-02-05
2024,7,Mohan Pura,0,2024-02-12
2024,8,Mohan Pura,0,2024-02-19
2024,9,Mohan Pura,0,2024-02-26
2024,10,Mohan Pura,0,2024-03-04
2024,11,Mohan Pura,0,2024-03-11
2024,12,Mohan Pura,0,2024-03-18
2024,13,Mohan Pura,0,2024-03-25
2024,14,Mohan Pura,0,2024-04-01
2024,15,Mohan Pura,0,2024-04-08
2024,16,Mohan Pura,0,2024-04-15
2024,17,Mohan Pura,0,2024-04-22
2024,18,Mohan Pura,0,2024-04-29
2024,19,Mohan Pura,0,2024-05-06
2024,20,Mohan Pura,0,2024-05-13
2024,21,Mohan Pura,0,2024-05-20
2024,22,Mohan Pura,0,2024-05-27
2024,23,Mohan Pura,0,2024-06-03
2024,24,Mohan Pura,0,2024-06-10
2024,25,Mohan Pura,0,2024-06-17
2024,26,Mohan Pura,0,2024-06-24
2024,27,Mohan Pura,0,2024-07-01
2024,28,Mohan Pura,0,2024-07-08
2024,29,Mohan Pura,0,2024-07-15
2024,30,Mohan Pura,0,2024-07-22
2024,31,Mohan Pura,0,2024-07-29
2024,32,Mohan Pura,0,2024-08-05
2024,33,Mohan Pura,0,2024-08-12
2024,34,Mohan Pura,0,2024-08-19
2024,35,Mohan Pura,0,2024-08-26
2024,36,Mohan Pura,0,2024-09-02
2024,37,Mohan Pura,0,2024-09-09
2024,38,Mohan Pura,0,2024-09-16
2024,39,Mohan Pura,1,2024-09-23
2024,40,Mohan Pura,1,2024-09-30
2024,41,Mohan Pura,0,2024-10-07
2024,42,Mohan Pura,1,2024-10-14
2024,43,Mohan Pura,1,2024-10-21
2024,44,Mohan Pura,1,2024-10-28
2024,45,Mohan Pura,0,2024-11-04
2024,46,Mohan Pura,0,2024-11-11
2024,47,Mohan Pura,0,2024-11-18
2024,48,Mohan Pura,0,2024-11-25
2024,49,Mohan Pura,0,2024-12-02
2024,50,Mohan Pura,0,2024-12-09
2024,51,Mohan Pura,0,2024-12-16
2024,52,Mohan Pura,0,2024-12-23
2021,1,NEW KATARIAN,0,2021-01-04
2021,2,NEW KATARIAN,0,2021-01-11
2021,3,NEW KATARIAN,0,2021-01-18
2021,4,NEW KATARIAN,0,2021-01-25
2021,5,NEW KATARIAN,0,2021-02-01
2021,6,NEW KATARIAN,0,2021-02-08
2021,7,NEW KATARIAN,0,2021-02-15
2021,8,NEW KATARIAN,0,2021-02-22
2021,9,NEW KATARIAN,0,2021-03-01
2021,10,NEW KATARIAN,0,2021-03-08
2021,11,NEW KATARIAN,0,2021-03-15
2021,12,NEW KATARIAN,0,2021-03-22
2021,13,NEW KATARIAN,0,2021-03-29
2021,14,NEW KATARIAN,0,2021-04-05
2021,15,NEW KATARIAN,0,2021-04-12
2021,16,NEW KATARIAN,0,2021-04-19
2021,17,NEW KATARIAN,0,2021-04-26
2021,18,NEW KATARIAN,0,2021-05-03
2021,19,NEW KATARIAN,0,2021-05-10
2021,20,NEW KATARIAN,0,2021-05-17
2021,21,NEW KATARIAN,0,2021-05-24
2021,22,NEW KATARIAN,0,2021-05-31
2021,23,NEW KATARIAN,0,2021-06-07
2021,24,NEW KATARIAN,0,2021-06-14
2021,25,NEW KATARIAN,0,2021-06-21
2021,26,NEW KATARIAN,0,2021-06-28
2021,27,NEW KATARIAN,0,2021-07-05
2021,28,NEW KATARIAN,0,2021-07-12
2021,29,NEW KATARIAN,0,2021-07-19
2021,30,NEW KATARIAN,0,2021-07-26
2021,31,NEW KATARIAN,0,2021-08-02
2021,32,NEW KATARIAN,0,2021-08-09
2021,33,NEW KATARIAN,0,2021-08-16
2021,34,NEW KATARIAN,0,2021-08-23
2021,35,NEW KATARIAN,0,2021-08-30
2021,36,NEW KATARIAN,0,2021-09-06
2021,37,NEW KATARIAN,0,2021-09-13
2021,38,NEW KATARIAN,0,2021-09-20
2021,39,NEW KATARIAN,0,2021-09-27
2021,40,NEW KATARIAN,2,2021-10-04
2021,41,NEW KATARIAN,1,2021-10-11
2021,42,NEW KATARIAN,1,2021-10-18
2021,43,NEW KATARIAN,0,2021-10-25
2021,44,NEW KATARIAN,0,2021-11-01
2021,45,NEW KATARIAN,0,2021-11-08
2021,46,NEW KATARIAN,0,2021-11-15
2021,47,NEW KATARIAN,0,2021-11-22
2021,48,NEW KATARIAN,0,2021-11-29
2021,49,NEW KATARIAN,0,2021-12-06
2021,50,NEW KATARIAN,0,2021-12-13
2021,51,NEW KATARIAN,0,2021-12-20
2021,52,NEW KATARIAN,0,2021-12-27
2022,1,NEW KATARIAN,0,2022-01-03
2022,2,NEW KATARIAN,0,2022-01-10
2022,3,NEW KATARIAN,0,2022-01-17
2022,4,NEW KATARIAN,0,2022-01-24
2022,5,NEW KATARIAN,0,2022-01-31
2022,6,NEW KATARIAN,0,2022-02-07
2022,7,NEW KATARIAN,0,2022-02-14
2022,8,NEW KATARIAN,0,2022-02-21
2022,9,NEW KATARIAN,0,2022-02-28
2022,10,NEW KATARIAN,0,2022-03-07
2022,11,NEW KATARIAN,0,2022-03-14
2022,12,NEW KATARIAN,0,2022-03-21
2022,13,NEW KATARIAN,0,2022-03-28
2022,14,NEW KATARIAN,0,2022-04-04
2022,15,NEW KATARIAN,0,2022-04-11
2022,16,NEW KATARIAN,0,2022-04-18
2022,17,NEW KATARIAN,0,2022-04-25
2022,18,NEW KATARIAN,0,2022-05-02
2022,19,NEW KATARIAN,0,2022-05-09
2022,20,NEW KATARIAN,0,2022-05-16
2022,21,NEW KATARIAN,0,2022-05-23
2022,22,NEW KATARIAN,0,2022-05-30
2022,23,NEW KATARIAN,0,2022-06-06
2022,24,NEW KATARIAN,0,2022-06-13
2022,25,NEW KATARIAN,0,2022-06-20
2022,26,NEW KATARIAN,0,2022-06-27
2022,27,NEW KATARIAN,0,2022-07-04
2022,28,NEW KATARIAN,0,2022-07-11
2022,29,NEW KATARIAN,0,2022-07-18
2022,30,NEW KATARIAN,0,2022-07-25
2022,31,NEW KATARIAN,0,2022-08-01
2022,32,NEW KATARIAN,0,2022-08-08
2022,33,NEW KATARIAN,0,2022-08-15
2022,34,NEW KATARIAN,0,2022-08-22
2022,35,NEW KATARIAN,0,2022-08-29
2022,36,NEW KATARIAN,0,2022-09-05
2022,37,NEW KATARIAN,0,2022-09-12
2022,38,NEW KATARIAN,0,2022-09-19
2022,39,NEW KATARIAN,0,2022-09-26
2022,40,NEW KATARIAN,0,2022-10-03
2022,41,NEW KATARIAN,0,2022-10-10
2022,42,NEW KATARIAN,2,2022-10-17
2022,43,NEW KATARIAN,0,2022-10-24
2022,44,NEW KATARIAN,0,2022-10-31
2022,45,NEW KATARIAN,0,2022-11-07
2022,46,NEW KATARIAN,0,2022-11-14
2022,47,NEW KATARIAN,0,2022-11-21
2022,48,NEW KATARIAN,0,2022-11-28
2022,49,NEW KATARIAN,0,2022-12-05
2022,50,NEW KATARIAN,0,2022-12-12
2022,51,NEW KATARIAN,0,2022-12-19
2022,52,NEW KATARIAN,0,2022-12-26
2023,1,NEW KATARIAN,0,2023-01-02
2023,2,NEW KATARIAN,0,2023-01-09
2023,3,NEW KATARIAN,0,2023-01-16
2023,4,NEW KATARIAN,0,2023-01-23
2023,5,NEW KATARIAN,0,2023-01-30
2023,6,NEW KATARIAN,0,2023-02-06
2023,7,NEW KATARIAN,0,2023-02-13
2023,8,NEW KATARIAN,0,2023-02-20
2023,9,NEW KATARIAN,0,2023-02-27
2023,10,NEW KATARIAN,0,2023-03-06
2023,11,NEW KATARIAN,0,2023-03-13
2023,12,NEW KATARIAN,0,2023-03-20
2023,13,NEW KATARIAN,0,2023-03-27
2023,14,NEW KATARIAN,0,2023-04-03
2023,15,NEW KATARIAN,0,2023-04-10
2023,16,NEW KATARIAN,0,2023-04-17
2023,17,NEW KATARIAN,0,2023-04-24
2023,18,NEW KATARIAN,0,2023-05-01
2023,19,NEW KATARIAN,0,2023-05-08
2023,20,NEW KATARIAN,0,2023-05-15
2023,21,NEW KATARIAN,0,2023-05-22
2023,22,NEW KATARIAN,0,2023-05-29
2023,23,NEW KATARIAN,0,2023-06-05
2023,24,NEW KATARIAN,0,2023-06-12
2023,25,NEW KATARIAN,0,2023-06-19
2023,26,NEW KATARIAN,0,2023-06-26
2023,27,NEW KATARIAN,0,2023-07-03
2023,28,NEW KATARIAN,0,2023-07-10
2023,29,NEW KATARIAN,0,2023-07-17
2023,30,NEW KATARIAN,0,2023-07-24
2023,31,NEW KATARIAN,0,2023-07-31
2023,32,NEW KATARIAN,0,2023-08-07
2023,33,NEW KATARIAN,0,2023-08-14
2023,34,NEW KATARIAN,0,2023-08-21
2023,35,NEW KATARIAN,0,2023-08-28
2023,36,NEW KATARIAN,0,2023-09-04
2023,37,NEW KATARIAN,0,2023-09-11
2023,38,NEW KATARIAN,0,2023-09-18
2023,39,NEW KATARIAN,0,2023-09-25
2023,40,NEW KATARIAN,0,2023-10-02
2023,41,NEW KATARIAN,0,2023-10-09
2023,42,NEW KATARIAN,1,2023-10-16
2023,43,NEW KATARIAN,0,2023-10-23
2023,44,NEW KATARIAN,0,2023-10-30
2023,45,NEW KATARIAN,0,2023-11-06
2023,46,NEW KATARIAN,0,2023-11-13
2023,47,NEW KATARIAN,0,2023-11-20
2023,48,NEW KATARIAN,0,2023-11-27
2023,49,NEW KATARIAN,0,2023-12-04
2023,50,NEW KATARIAN,0,2023-12-11
2023,51,NEW KATARIAN,0,2023-12-18
2023,52,NEW KATARIAN,0,2023-12-25
2024,1,NEW KATARIAN,0,2024-01-01
2024,2,NEW KATARIAN,0,2024-01-08
2024,3,NEW KATARIAN,0,2024-01-15
2024,4,NEW KATARIAN,0,2024-01-22
2024,5,NEW KATARIAN,0,2024-01-29
2024,6,NEW KATARIAN,0,2024-02-05
2024,7,NEW KATARIAN,0,2024-02-12
2024,8,NEW KATARIAN,0,2024-02-19
2024,9,NEW KATARIAN,0,2024-02-26
2024,10,NEW KATARIAN,0,2024-03-04
2024,11,NEW KATARIAN,0,2024-03-11
2024,12,NEW KATARIAN,0,2024-03-18
2024,13,NEW KATARIAN,0,2024-03-25
2024,14,NEW KATARIAN,0,2024-04-01
2024,15,NEW KATARIAN,0,2024-04-08
2024,16,NEW KATARIAN,0,2024-04-15
2024,17,NEW KATARIAN,0,2024-04-22
2024,18,NEW KATARIAN,0,2024-04-29
2024,19,NEW KATARIAN,0,2024-05-06
2024,20,NEW KATARIAN,0,2024-05-13
2024,21,NEW KATARIAN,0,2024-05-20
2024,22,NEW KATARIAN,0,2024-05-27
2024,23,NEW KATARIAN,0,2024-06-03
2024,24,NEW KATARIAN,0,2024-06-10
2024,25,NEW KATARIAN,0,2024-06-17
2024,26,NEW KATARIAN,0,2024-06-24
2024,27,NEW KATARIAN,0,2024-07-01
2024,28,NEW KATARIAN,0,2024-07-08
2024,29,NEW KATARIAN,0,2024-07-15
2024,30,NEW KATARIAN,0,2024-07-22
2024,31,NEW KATARIAN,0,2024-07-29
2024,32,NEW KATARIAN,0,2024-08-05
2024,33,NEW KATARIAN,0,2024-08-12
2024,34,NEW KATARIAN,0,2024-08-19
2024,35,NEW KATARIAN,0,2024-08-26
2024,36,NEW KATARIAN,0,2024-09-02
2024,37,NEW KATARIAN,0,2024-09-09
2024,38,NEW KATARIAN,0,2024-09-16
2024,39,NEW KATARIAN,0,2024-09-23
2024,40,NEW KATARIAN,1,2024-09-30
2024,41,NEW KATARIAN,0,2024-10-07
2024,42,NEW KATARIAN,0,2024-10-14
2024,43,NEW KATARIAN,0,2024-10-21
2024,44,NEW KATARIAN,0,2024-10-28
2024,45,NEW KATARIAN,0,2024-11-04
2024,46,NEW KATARIAN,0,2024-11-11
2024,47,NEW KATARIAN,0,2024-11-18
2024,48,NEW KATARIAN,0,2024-11-25
2024,49,NEW KATARIAN,0,2024-12-02
2024,50,NEW KATARIAN,0,2024-12-09
2024,51,NEW KATARIAN,0,2024-12-16
2024,52,NEW KATARIAN,0,2024-12-23
2021,1,PARIAL,0,2021-01-04
2021,2,PARIAL,0,2021-01-11
2021,3,PARIAL,0,2021-01-18
2021,4,PARIAL,0,2021-01-25
2021,5,PARIAL,0,2021-02-01
2021,6,PARIAL,0,2021-02-08
2021,7,PARIAL,0,2021-02-15
2021,8,PARIAL,0,2021-02-22
2021,9,PARIAL,0,2021-03-01
2021,10,PARIAL,0,2021-03-08
2021,11,PARIAL,0,2021-03-15
2021,12,PARIAL,0,2021-03-22
2021,13,PARIAL,0,2021-03-29
2021,14,PARIAL,0,2021-04-05
2021,15,PARIAL,0,2021-04-12
2021,16,PARIAL,0,2021-04-19
2021,17,PARIAL,0,2021-04-26
2021,18,PARIAL,0,2021-05-03
2021,19,PARIAL,0,2021-05-10
2021,20,PARIAL,0,2021-05-17
2021,21,PARIAL,0,2021-05-24
2021,22,PARIAL,0,2021-05-31
2021,23,PARIAL,0,2021-06-07
2021,24,PARIAL,0,2021-06-14
2021,25,PARIAL,0,2021-06-21
2021,26,PARIAL,0,2021-06-28
2021,27,PARIAL,0,2021-07-05
2021,28,PARIAL,0,2021-07-12
2021,29,PARIAL,0,2021-07-19
2021,30,PARIAL,0,2021-07-26
2021,31,PARIAL,0,2021-08-02
2021,32,PARIAL,0,2021-08-09
2021,33,PARIAL,0,2021-08-16
2021,34,PARIAL,0,2021-08-23
2021,35,PARIAL,0,2021-08-30
2021,36,PARIAL,0,2021-09-06
2021,37,PARIAL,0,2021-09-13
2021,38,PARIAL,0,2021-09-20
2021,39,PARIAL,0,2021-09-27
2021,40,PARIAL,0,2021-10-04
2021,41,PARIAL,0,2021-10-11
2021,42,PARIAL,0,2021-10-18
2021,43,PARIAL,0,2021-10-25
2021,44,PARIAL,0,2021-11-01
2021,45,PARIAL,0,2021-11-08
2021,46,PARIAL,0,2021-11-15
2021,47,PARIAL,0,2021-11-22
2021,48,PARIAL,0,2021-11-29
2021,49,PARIAL,0,2021-12-06
2021,50,PARIAL,0,2021-12-13
2021,51,PARIAL,0,2021-12-20
2021,52,PARIAL,0,2021-12-27
2022,1,PARIAL,0,2022-01-03
2022,2,PARIAL,0,2022-01-10
2022,3,PARIAL,0,2022-01-17
2022,4,PARIAL,0,2022-01-24
2022,5,PARIAL,0,2022-01-31
2022,6,PARIAL,0,2022-02-07
2022,7,PARIAL,0,2022-02-14
2022,8,PARIAL,0,2022-02-21
2022,9,PARIAL,0,2022-02-28
2022,10,PARIAL,0,2022-03-07
2022,11,PARIAL,0,2022-03-14
2022,12,PARIAL,0,2022-03-21
2022,13,PARIAL,0,2022-03-28
2022,14,PARIAL,0,2022-04-04
2022,15,PARIAL,0,2022-04-11
2022,16,PARIAL,0,2022-04-18
2022,17,PARIAL,0,2022-04-25
2022,18,PARIAL,0,2022-05-02
2022,19,PARIAL,0,2022-05-09
2022,20,PARIAL,0,2022-05-16
2022,21,PARIAL,0,2022-05-23
2022,22,PARIAL,0,2022-05-30
2022,23,PARIAL,0,2022-06-06
2022,24,PARIAL,0,2022-06-13
2022,25,PARIAL,0,2022-06-20
2022,26,PARIAL,0,2022-06-27
2022,27,PARIAL,0,2022-07-04
2022,28,PARIAL,0,2022-07-11
2022,29,PARIAL,0,2022-07-18
2022,30,PARIAL,0,2022-07-25
2022,31,PARIAL,0,2022-08-01
2022,32,PARIAL,0,2022-08-08
2022,33,PARIAL,0,2022-08-15
2022,34,PARIAL,0,2022-08-22
2022,35,PARIAL,0,2022-08-29
2022,36,PARIAL,0,2022-09-05
2022,37,PARIAL,0,2022-09-12
2022,38,PARIAL,0,2022-09-19
2022,39,PARIAL,0,2022-09-26
2022,40,PARIAL,0,2022-10-03
2022,41,PARIAL,0,2022-10-10
2022,42,PARIAL,0,2022-10-17
2022,43,PARIAL,0,2022-10-24
2022,44,PARIAL,0,2022-10-31
2022,45,PARIAL,0,2022-11-07
2022,46,PARIAL,0,2022-11-14
2022,47,PARIAL,0,2022-11-21
2022,48,PARIAL,0,2022-11-28
2022,49,PARIAL,0,2022-12-05
2022,50,PARIAL,0,2022-12-12
2022,51,PARIAL,0,2022-12-19
2022,52,PARIAL,0,2022-12-26
2023,1,PARIAL,0,2023-01-02
2023,2,PARIAL,0,2023-01-09
2023,3,PARIAL,0,2023-01-16
2023,4,PARIAL,0,2023-01-23
2023,5,PARIAL,0,2023-01-30
2023,6,PARIAL,0,2023-02-06
2023,7,PARIAL,0,2023-02-13
2023,8,PARIAL,0,2023-02-20
2023,9,PARIAL,0,2023-02-27
2023,10,PARIAL,0,2023-03-06
2023,11,PARIAL,0,2023-03-13
2023,12,PARIAL,0,2023-03-20
2023,13,PARIAL,0,2023-03-27
2023,14,PARIAL,0,2023-04-03
2023,15,PARIAL,0,2023-04-10
2023,16,PARIAL,0,2023-04-17
2023,17,PARIAL,0,2023-04-24
2023,18,PARIAL,0,2023-05-01
2023,19,PARIAL,0,2023-05-08
2023,20,PARIAL,0,2023-05-15
2023,21,PARIAL,0,2023-05-22
2023,22,PARIAL,0,2023-05-29
2023,23,PARIAL,0,2023-06-05
2023,24,PARIAL,0,2023-06-12
2023,25,PARIAL,0,2023-06-19
2023,26,PARIAL,0,2023-06-26
2023,27,PARIAL,0,2023-07-03
2023,28,PARIAL,0,2023-07-10
2023,29,PARIAL,0,2023-07-17
2023,30,PARIAL,0,2023-07-24
2023,31,PARIAL,0,2023-07-31
2023,32,PARIAL,0,2023-08-07
2023,33,PARIAL,0,2023-08-14
2023,34,PARIAL,0,2023-08-21
2023,35,PARIAL,0,2023-08-28
2023,36,PARIAL,0,2023-09-04
2023,37,PARIAL,0,2023-09-11
2023,38,PARIAL,0,2023-09-18
2023,39,PARIAL,0,2023-09-25
2023,40,PARIAL,0,2023-10-02
2023,41,PARIAL,1,2023-10-09
2023,42,PARIAL,0,2023-10-16
2023,43,PARIAL,0,2023-10-23
2023,44,PARIAL,0,2023-10-30
2023,45,PARIAL,0,2023-11-06
2023,46,PARIAL,0,2023-11-13
2023,47,PARIAL,0,2023-11-20
2023,48,PARIAL,0,2023-11-27
2023,49,PARIAL,0,2023-12-04
2023,50,PARIAL,0,2023-12-11
2023,51,PARIAL,0,2023-12-18
2023,52,PARIAL,0,2023-12-25
2024,1,PARIAL,0,2024-01-01
2024,2,PARIAL,0,2024-01-08
2024,3,PARIAL,0,2024-01-15
2024,4,PARIAL,0,2024-01-22
2024,5,PARIAL,0,2024-01-29
2024,6,PARIAL,0,2024-02-05
2024,7,PARIAL,0,2024-02-12
2024,8,PARIAL,0,2024-02-19
2024,9,PARIAL,0,2024-02-26
2024,10,PARIAL,0,2024-03-04
2024,11,PARIAL,0,2024-03-11
2024,12,PARIAL,0,2024-03-18
2024,13,PARIAL,0,2024-03-25
2024,14,PARIAL,0,2024-04-01
2024,15,PARIAL,0,2024-04-08
2024,16,PARIAL,0,2024-04-15
2024,17,PARIAL,0,2024-04-22
2024,18,PARIAL,0,2024-04-29
2024,19,PARIAL,0,2024-05-06
2024,20,PARIAL,0,2024-05-13
2024,21,PARIAL,0,2024-05-20
2024,22,PARIAL,0,2024-05-27
2024,23,PARIAL,0,2024-06-03
2024,24,PARIAL,0,2024-06-10
2024,25,PARIAL,0,2024-06-17
2024,26,PARIAL,0,2024-06-24
2024,27,PARIAL,0,2024-07-01
2024,28,PARIAL,0,2024-07-08
2024,29,PARIAL,0,2024-07-15
2024,30,PARIAL,0,2024-07-22
2024,31,PARIAL,0,2024-07-29
2024,32,PARIAL,0,2024-08-05
2024,33,PARIAL,0,2024-08-12
2024,34,PARIAL,0,2024-08-19
2024,35,PARIAL,0,2024-08-26
2024,36,PARIAL,0,2024-09-02
2024,37,PARIAL,0,2024-09-09
2024,38,PARIAL,0,2024-09-16
2024,39,PARIAL,0,2024-09-23
2024,40,PARIAL,1,2024-09-30
2024,41,PARIAL,0,2024-10-07
2024,42,PARIAL,0,2024-10-14
2024,43,PARIAL,0,2024-10-21
2024,44,PARIAL,0,2024-10-28
2024,45,PARIAL,1,2024-11-04
2024,46,PARIAL,0,2024-11-11
2024,47,PARIAL,0,2024-11-18
2024,48,PARIAL,0,2024-11-25
2024,49,PARIAL,0,2024-12-02
2024,50,PARIAL,0,2024-12-09
2024,51,PARIAL,0,2024-12-16
2024,52,PARIAL,0,2024-12-23
2021,1,PINDORA,0,2021-01-04
2021,2,PINDORA,0,2021-01-11
2021,3,PINDORA,0,2021-01-18
2021,4,PINDORA,0,2021-01-25
2021,5,PINDORA,0,2021-02-01
2021,6,PINDORA,0,2021-02-08
2021,7,PINDORA,0,2021-02-15
2021,8,PINDORA,0,2021-02-22
2021,9,PINDORA,0,2021-03-01
2021,10,PINDORA,0,2021-03-08
2021,11,PINDORA,0,2021-03-15
2021,12,PINDORA,0,2021-03-22
2021,13,PINDORA,0,2021-03-29
2021,14,PINDORA,0,2021-04-05
2021,15,PINDORA,0,2021-04-12
2021,16,PINDORA,0,2021-04-19
2021,17,PINDORA,0,2021-04-26
2021,18,PINDORA,0,2021-05-03
2021,19,PINDORA,0,2021-05-10
2021,20,PINDORA,0,2021-05-17
2021,21,PINDORA,0,2021-05-24
2021,22,PINDORA,0,2021-05-31
2021,23,PINDORA,0,2021-06-07
2021,24,PINDORA,0,2021-06-14
2021,25,PINDORA,0,2021-06-21
2021,26,PINDORA,0,2021-06-28
2021,27,PINDORA,0,2021-07-05
2021,28,PINDORA,0,2021-07-12
2021,29,PINDORA,0,2021-07-19
2021,30,PINDORA,0,2021-07-26
2021,31,PINDORA,0,2021-08-02
2021,32,PINDORA,0,2021-08-09
2021,33,PINDORA,0,2021-08-16
2021,34,PINDORA,0,2021-08-23
2021,35,PINDORA,0,2021-08-30
2021,36,PINDORA,0,2021-09-06
2021,37,PINDORA,0,2021-09-13
2021,38,PINDORA,0,2021-09-20
2021,39,PINDORA,0,2021-09-27
2021,40,PINDORA,0,2021-10-04
2021,41,PINDORA,2,2021-10-11
2021,42,PINDORA,0,2021-10-18
2021,43,PINDORA,0,2021-10-25
2021,44,PINDORA,0,2021-11-01
2021,45,PINDORA,0,2021-11-08
2021,46,PINDORA,0,2021-11-15
2021,47,PINDORA,0,2021-11-22
2021,48,PINDORA,0,2021-11-29
2021,49,PINDORA,0,2021-12-06
2021,50,PINDORA,0,2021-12-13
2021,51,PINDORA,0,2021-12-20
2021,52,PINDORA,0,2021-12-27
2022,1,PINDORA,0,2022-01-03
2022,2,PINDORA,0,2022-01-10
2022,3,PINDORA,0,2022-01-17
2022,4,PINDORA,0,2022-01-24
2022,5,PINDORA,0,2022-01-31
2022,6,PINDORA,0,2022-02-07
2022,7,PINDORA,0,2022-02-14
2022,8,PINDORA,0,2022-02-21
2022,9,PINDORA,0,2022-02-28
2022,10,PINDORA,0,2022-03-07
2022,11,PINDORA,0,2022-03-14
2022,12,PINDORA,0,2022-03-21
2022,13,PINDORA,0,2022-03-28
2022,14,PINDORA,0,2022-04-04
2022,15,PINDORA,0,2022-04-11
2022,16,PINDORA,0,2022-04-18
2022,17,PINDORA,0,2022-04-25
2022,18,PINDORA,0,2022-05-02
2022,19,PINDORA,0,2022-05-09
2022,20,PINDORA,0,2022-05-16
2022,21,PINDORA,0,2022-05-23
2022,22,PINDORA,0,2022-05-30
2022,23,PINDORA,0,2022-06-06
2022,24,PINDORA,0,2022-06-13
2022,25,PINDORA,0,2022-06-20
2022,26,PINDORA,0,2022-06-27
2022,27,PINDORA,0,2022-07-04
2022,28,PINDORA,0,2022-07-11
2022,29,PINDORA,0,2022-07-18
2022,30,PINDORA,0,2022-07-25
2022,31,PINDORA,0,2022-08-01
2022,32,PINDORA,0,2022-08-08
2022,33,PINDORA,0,2022-08-15
2022,34,PINDORA,0,2022-08-22
2022,35,PINDORA,0,2022-08-29
2022,36,PINDORA,0,2022-09-05
2022,37,PINDORA,1,2022-09-12
2022,38,PINDORA,1,2022-09-19
2022,39,PINDORA,2,2022-09-26
2022,40,PINDORA,1,2022-10-03
2022,41,PINDORA,1,2022-10-10
2022,42,PINDORA,0,2022-10-17
2022,43,PINDORA,0,2022-10-24
2022,44,PINDORA,0,2022-10-31
2022,45,PINDORA,0,2022-11-07
2022,46,PINDORA,0,2022-11-14
2022,47,PINDORA,0,2022-11-21
2022,48,PINDORA,0,2022-11-28
2022,49,PINDORA,0,2022-12-05
2022,50,PINDORA,0,2022-12-12
2022,51,PINDORA,0,2022-12-19
2022,52,PINDORA,0,2022-12-26
2023,1,PINDORA,0,2023-01-02
2023,2,PINDORA,0,2023-01-09
2023,3,PINDORA,0,2023-01-16
2023,4,PINDORA,0,2023-01-23
2023,5,PINDORA,0,2023-01-30
2023,6,PINDORA,0,2023-02-06
2023,7,PINDORA,0,2023-02-13
2023,8,PINDORA,0,2023-02-20
2023,9,PINDORA,0,2023-02-27
2023,10,PINDORA,0,2023-03-06
2023,11,PINDORA,0,2023-03-13
2023,12,PINDORA,0,2023-03-20
2023,13,PINDORA,0,2023-03-27
2023,14,PINDORA,0,2023-04-03
2023,15,PINDORA,0,2023-04-10
2023,16,PINDORA,0,2023-04-17
2023,17,PINDORA,0,2023-04-24
2023,18,PINDORA,0,2023-05-01
2023,19,PINDORA,0,2023-05-08
2023,20,PINDORA,0,2023-05-15
2023,21,PINDORA,0,2023-05-22
2023,22,PINDORA,0,2023-05-29
2023,23,PINDORA,0,2023-06-05
2023,24,PINDORA,0,2023-06-12
2023,25,PINDORA,0,2023-06-19
2023,26,PINDORA,0,2023-06-26
2023,27,PINDORA,0,2023-07-03
2023,28,PINDORA,0,2023-07-10
2023,29,PINDORA,0,2023-07-17
2023,30,PINDORA,2,2023-07-24
2023,31,PINDORA,0,2023-07-31
2023,32,PINDORA,0,2023-08-07
2023,33,PINDORA,0,2023-08-14
2023,34,PINDORA,0,2023-08-21
2023,35,PINDORA,0,2023-08-28
2023,36,PINDORA,0,2023-09-04
2023,37,PINDORA,0,2023-09-11
2023,38,PINDORA,0,2023-09-18
2023,39,PINDORA,0,2023-09-25
2023,40,PINDORA,0,2023-10-02
2023,41,PINDORA,0,2023-10-09
2023,42,PINDORA,0,2023-10-16
2023,43,PINDORA,0,2023-10-23
2023,44,PINDORA,0,2023-10-30
2023,45,PINDORA,0,2023-11-06
2023,46,PINDORA,1,2023-11-13
2023,47,PINDORA,0,2023-11-20
2023,48,PINDORA,0,2023-11-27
2023,49,PINDORA,0,2023-12-04
2023,50,PINDORA,0,2023-12-11
2023,51,PINDORA,0,2023-12-18
2023,52,PINDORA,0,2023-12-25
2024,1,PINDORA,0,2024-01-01
2024,2,PINDORA,0,2024-01-08
2024,3,PINDORA,0,2024-01-15
2024,4,PINDORA,0,2024-01-22
2024,5,PINDORA,0,2024-01-29
2024,6,PINDORA,0,2024-02-05
2024,7,PINDORA,0,2024-02-12
2024,8,PINDORA,0,2024-02-19
2024,9,PINDORA,0,2024-02-26
2024,10,PINDORA,0,2024-03-04
2024,11,PINDORA,0,2024-03-11
2024,12,PINDORA,0,2024-03-18
2024,13,PINDORA,0,2024-03-25
2024,14,PINDORA,0,2024-04-01
2024,15,PINDORA,0,2024-04-08
2024,16,PINDORA,0,2024-04-15
2024,17,PINDORA,0,2024-04-22
2024,18,PINDORA,0,2024-04-29
2024,19,PINDORA,0,2024-05-06
2024,20,PINDORA,0,2024-05-13
2024,21,PINDORA,0,2024-05-20
2024,22,PINDORA,0,2024-05-27
2024,23,PINDORA,0,2024-06-03
2024,24,PINDORA,0,2024-06-10
2024,25,PINDORA,0,2024-06-17
2024,26,PINDORA,0,2024-06-24
2024,27,PINDORA,0,2024-07-01
2024,28,PINDORA,0,2024-07-08
2024,29,PINDORA,0,2024-07-15
2024,30,PINDORA,0,2024-07-22
2024,31,PINDORA,0,2024-07-29
2024,32,PINDORA,0,2024-08-05
2024,33,PINDORA,0,2024-08-12
2024,34,PINDORA,0,2024-08-19
2024,35,PINDORA,0,2024-08-26
2024,36,PINDORA,0,2024-09-02
2024,37,PINDORA,0,2024-09-09
2024,38,PINDORA,0,2024-09-16
2024,39,PINDORA,5,2024-09-23
2024,40,PINDORA,1,2024-09-30
2024,41,PINDORA,0,2024-10-07
2024,42,PINDORA,0,2024-10-14
2024,43,PINDORA,2,2024-10-21
2024,44,PINDORA,0,2024-10-28
2024,45,PINDORA,0,2024-11-04
2024,46,PINDORA,1,2024-11-11
2024,47,PINDORA,1,2024-11-18
2024,48,PINDORA,0,2024-11-25
2024,49,PINDORA,0,2024-12-02
2024,50,PINDORA,0,2024-12-09
2024,51,PINDORA,0,2024-12-16
2024,52,PINDORA,0,2024-12-23
2021,1,PIR WADHI,0,2021-01-04
2021,2,PIR WADHI,0,2021-01-11
2021,3,PIR WADHI,0,2021-01-18
2021,4,PIR WADHI,0,2021-01-25
2021,5,PIR WADHI,0,2021-02-01
2021,6,PIR WADHI,0,2021-02-08
2021,7,PIR WADHI,0,2021-02-15
2021,8,PIR WADHI,0,2021-02-22
2021,9,PIR WADHI,0,2021-03-01
2021,10,PIR WADHI,0,2021-03-08
2021,11,PIR WADHI,0,2021-03-15
2021,12,PIR WADHI,0,2021-03-22
2021,13,PIR WADHI,0,2021-03-29
2021,14,PIR WADHI,0,2021-04-05
2021,15,PIR WADHI,0,2021-04-12
2021,16,PIR WADHI,0,2021-04-19
2021,17,PIR WADHI,0,2021-04-26
2021,18,PIR WADHI,0,2021-05-03
2021,19,PIR WADHI,0,2021-05-10
2021,20,PIR WADHI,0,2021-05-17
2021,21,PIR WADHI,0,2021-05-24
2021,22,PIR WADHI,0,2021-05-31
2021,23,PIR WADHI,0,2021-06-07
2021,24,PIR WADHI,0,2021-06-14
2021,25,PIR WADHI,0,2021-06-21
2021,26,PIR WADHI,0,2021-06-28
2021,27,PIR WADHI,0,2021-07-05
2021,28,PIR WADHI,0,2021-07-12
2021,29,PIR WADHI,0,2021-07-19
2021,30,PIR WADHI,0,2021-07-26
2021,31,PIR WADHI,0,2021-08-02
2021,32,PIR WADHI,0,2021-08-09
2021,33,PIR WADHI,0,2021-08-16
2021,34,PIR WADHI,0,2021-08-23
2021,35,PIR WADHI,0,2021-08-30
2021,36,PIR WADHI,0,2021-09-06
2021,37,PIR WADHI,0,2021-09-13
2021,38,PIR WADHI,0,2021-09-20
2021,39,PIR WADHI,0,2021-09-27
2021,40,PIR WADHI,0,2021-10-04
2021,41,PIR WADHI,0,2021-10-11
2021,42,PIR WADHI,0,2021-10-18
2021,43,PIR WADHI,0,2021-10-25
2021,44,PIR WADHI,0,2021-11-01
2021,45,PIR WADHI,0,2021-11-08
2021,46,PIR WADHI,0,2021-11-15
2021,47,PIR WADHI,0,2021-11-22
2021,48,PIR WADHI,0,2021-11-29
2021,49,PIR WADHI,0,2021-12-06
2021,50,PIR WADHI,0,2021-12-13
2021,51,PIR WADHI,0,2021-12-20
2021,52,PIR WADHI,0,2021-12-27
2022,1,PIR WADHI,0,2022-01-03
2022,2,PIR WADHI,0,2022-01-10
2022,3,PIR WADHI,0,2022-01-17
2022,4,PIR WADHI,0,2022-01-24
2022,5,PIR WADHI,0,2022-01-31
2022,6,PIR WADHI,0,2022-02-07
2022,7,PIR WADHI,0,2022-02-14
2022,8,PIR WADHI,0,2022-02-21
2022,9,PIR WADHI,0,2022-02-28
2022,10,PIR WADHI,0,2022-03-07
2022,11,PIR WADHI,0,2022-03-14
2022,12,PIR WADHI,0,2022-03-21
2022,13,PIR WADHI,0,2022-03-28
2022,14,PIR WADHI,0,2022-04-04
2022,15,PIR WADHI,0,2022-04-11
2022,16,PIR WADHI,0,2022-04-18
2022,17,PIR WADHI,0,2022-04-25
2022,18,PIR WADHI,0,2022-05-02
2022,19,PIR WADHI,0,2022-05-09
2022,20,PIR WADHI,0,2022-05-16
2022,21,PIR WADHI,0,2022-05-23
2022,22,PIR WADHI,0,2022-05-30
2022,23,PIR WADHI,0,2022-06-06
2022,24,PIR WADHI,0,2022-06-13
2022,25,PIR WADHI,0,2022-06-20
2022,26,PIR WADHI,0,2022-06-27
2022,27,PIR WADHI,0,2022-07-04
2022,28,PIR WADHI,0,2022-07-11
2022,29,PIR WADHI,0,2022-07-18
2022,30,PIR WADHI,0,2022-07-25
2022,31,PIR WADHI,0,2022-08-01
2022,32,PIR WADHI,0,2022-08-08
2022,33,PIR WADHI,0,2022-08-15
2022,34,PIR WADHI,0,2022-08-22
2022,35,PIR WADHI,0,2022-08-29
2022,36,PIR WADHI,1,2022-09-05
2022,37,PIR WADHI,0,2022-09-12
2022,38,PIR WADHI,1,2022-09-19
2022,39,PIR WADHI,0,2022-09-26
2022,40,PIR WADHI,0,2022-10-03
2022,41,PIR WADHI,1,2022-10-10
2022,42,PIR WADHI,0,2022-10-17
2022,43,PIR WADHI,0,2022-10-24
2022,44,PIR WADHI,0,2022-10-31
2022,45,PIR WADHI,0,2022-11-07
2022,46,PIR WADHI,0,2022-11-14
2022,47,PIR WADHI,0,2022-11-21
2022,48,PIR WADHI,0,2022-11-28
2022,49,PIR WADHI,0,2022-12-05
2022,50,PIR WADHI,0,2022-12-12
2022,51,PIR WADHI,0,2022-12-19
2022,52,PIR WADHI,0,2022-12-26
2023,1,PIR WADHI,0,2023-01-02
2023,2,PIR WADHI,0,2023-01-09
2023,3,PIR WADHI,0,2023-01-16
2023,4,PIR WADHI,0,2023-01-23
2023,5,PIR WADHI,0,2023-01-30
2023,6,PIR WADHI,0,2023-02-06
2023,7,PIR WADHI,0,2023-02-13
2023,8,PIR WADHI,0,2023-02-20
2023,9,PIR WADHI,0,2023-02-27
2023,10,PIR WADHI,0,2023-03-06
2023,11,PIR WADHI,0,2023-03-13
2023,12,PIR WADHI,0,2023-03-20
2023,13,PIR WADHI,0,2023-03-27
2023,14,PIR WADHI,0,2023-04-03
2023,15,PIR WADHI,0,2023-04-10
2023,16,PIR WADHI,0,2023-04-17
2023,17,PIR WADHI,0,2023-04-24
2023,18,PIR WADHI,0,2023-05-01
2023,19,PIR WADHI,0,2023-05-08
2023,20,PIR WADHI,0,2023-05-15
2023,21,PIR WADHI,0,2023-05-22
2023,22,PIR WADHI,0,2023-05-29
2023,23,PIR WADHI,0,2023-06-05
2023,24,PIR WADHI,0,2023-06-12
2023,25,PIR WADHI,0,2023-06-19
2023,26,PIR WADHI,0,2023-06-26
2023,27,PIR WADHI,0,2023-07-03
2023,28,PIR WADHI,0,2023-07-10
2023,29,PIR WADHI,0,2023-07-17
2023,30,PIR WADHI,0,2023-07-24
2023,31,PIR WADHI,0,2023-07-31
2023,32,PIR WADHI,0,2023-08-07
2023,33,PIR WADHI,0,2023-08-14
2023,34,PIR WADHI,0,2023-08-21
2023,35,PIR WADHI,0,2023-08-28
2023,36,PIR WADHI,0,2023-09-04
2023,37,PIR WADHI,0,2023-09-11
2023,38,PIR WADHI,0,2023-09-18
2023,39,PIR WADHI,0,2023-09-25
2023,40,PIR WADHI,0,2023-10-02
2023,41,PIR WADHI,0,2023-10-09
2023,42,PIR WADHI,0,2023-10-16
2023,43,PIR WADHI,0,2023-10-23
2023,44,PIR WADHI,0,2023-10-30
2023,45,PIR WADHI,0,2023-11-06
2023,46,PIR WADHI,0,2023-11-13
2023,47,PIR WADHI,0,2023-11-20
2023,48,PIR WADHI,0,2023-11-27
2023,49,PIR WADHI,0,2023-12-04
2023,50,PIR WADHI,0,2023-12-11
2023,51,PIR WADHI,0,2023-12-18
2023,52,PIR WADHI,0,2023-12-25
2024,1,PIR WADHI,0,2024-01-01
2024,2,PIR WADHI,0,2024-01-08
2024,3,PIR WADHI,0,2024-01-15
2024,4,PIR WADHI,0,2024-01-22
2024,5,PIR WADHI,0,2024-01-29
2024,6,PIR WADHI,0,2024-02-05
2024,7,PIR WADHI,0,2024-02-12
2024,8,PIR WADHI,0,2024-02-19
2024,9,PIR WADHI,0,2024-02-26
2024,10,PIR WADHI,0,2024-03-04
2024,11,PIR WADHI,0,2024-03-11
2024,12,PIR WADHI,0,2024-03-18
2024,13,PIR WADHI,0,2024-03-25
2024,14,PIR WADHI,0,2024-04-01
2024,15,PIR WADHI,0,2024-04-08
2024,16,PIR WADHI,0,2024-04-15
2024,17,PIR WADHI,0,2024-04-22
2024,18,PIR WADHI,0,2024-04-29
2024,19,PIR WADHI,0,2024-05-06
2024,20,PIR WADHI,0,2024-05-13
2024,21,PIR WADHI,0,2024-05-20
2024,22,PIR WADHI,0,2024-05-27
2024,23,PIR WADHI,0,2024-06-03
2024,24,PIR WADHI,0,2024-06-10
2024,25,PIR WADHI,0,2024-06-17
2024,26,PIR WADHI,0,2024-06-24
2024,27,PIR WADHI,0,2024-07-01
2024,28,PIR WADHI,0,2024-07-08
2024,29,PIR WADHI,0,2024-07-15
2024,30,PIR WADHI,0,2024-07-22
2024,31,PIR WADHI,0,2024-07-29
2024,32,PIR WADHI,0,2024-08-05
2024,33,PIR WADHI,0,2024-08-12
2024,34,PIR WADHI,0,2024-08-19
2024,35,PIR WADHI,0,2024-08-26
2024,36,PIR WADHI,0,2024-09-02
2024,37,PIR WADHI,0,2024-09-09
2024,38,PIR WADHI,0,2024-09-16
2024,39,PIR WADHI,0,2024-09-23
2024,40,PIR WADHI,1,2024-09-30
2024,41,PIR WADHI,0,2024-10-07
2024,42,PIR WADHI,0,2024-10-14
2024,43,PIR WADHI,0,2024-10-21
2024,44,PIR WADHI,0,2024-10-28
2024,45,PIR WADHI,0,2024-11-04
2024,46,PIR WADHI,1,2024-11-11
2024,47,PIR WADHI,0,2024-11-18
2024,48,PIR WADHI,0,2024-11-25
2024,49,PIR WADHI,0,2024-12-02
2024,50,PIR WADHI,0,2024-12-09
2024,51,PIR WADHI,0,2024-12-16
2024,52,PIR WADHI,0,2024-12-23
2021,1,PURANA QILLA,0,2021-01-04
2021,2,PURANA QILLA,0,2021-01-11
2021,3,PURANA QILLA,0,2021-01-18
2021,4,PURANA QILLA,0,2021-01-25
2021,5,PURANA QILLA,0,2021-02-01
2021,6,PURANA QILLA,0,2021-02-08
2021,7,PURANA QILLA,0,2021-02-15
2021,8,PURANA QILLA,0,2021-02-22
2021,9,PURANA QILLA,0,2021-03-01
2021,10,PURANA QILLA,0,2021-03-08
2021,11,PURANA QILLA,0,2021-03-15
2021,12,PURANA QILLA,0,2021-03-22
2021,13,PURANA QILLA,0,2021-03-29
2021,14,PURANA QILLA,0,2021-04-05
2021,15,PURANA QILLA,0,2021-04-12
2021,16,PURANA QILLA,0,2021-04-19
2021,17,PURANA QILLA,0,2021-04-26
2021,18,PURANA QILLA,0,2021-05-03
2021,19,PURANA QILLA,0,2021-05-10
2021,20,PURANA QILLA,0,2021-05-17
2021,21,PURANA QILLA,0,2021-05-24
2021,22,PURANA QILLA,0,2021-05-31
2021,23,PURANA QILLA,0,2021-06-07
2021,24,PURANA QILLA,0,2021-06-14
2021,25,PURANA QILLA,0,2021-06-21
2021,26,PURANA QILLA,0,2021-06-28
2021,27,PURANA QILLA,0,2021-07-05
2021,28,PURANA QILLA,0,2021-07-12
2021,29,PURANA QILLA,0,2021-07-19
2021,30,PURANA QILLA,0,2021-07-26
2021,31,PURANA QILLA,0,2021-08-02
2021,32,PURANA QILLA,0,2021-08-09
2021,33,PURANA QILLA,0,2021-08-16
2021,34,PURANA QILLA,0,2021-08-23
2021,35,PURANA QILLA,0,2021-08-30
2021,36,PURANA QILLA,0,2021-09-06
2021,37,PURANA QILLA,0,2021-09-13
2021,38,PURANA QILLA,1,2021-09-20
2021,39,PURANA QILLA,1,2021-09-27
2021,40,PURANA QILLA,0,2021-10-04
2021,41,PURANA QILLA,0,2021-10-11
2021,42,PURANA QILLA,0,2021-10-18
2021,43,PURANA QILLA,0,2021-10-25
2021,44,PURANA QILLA,1,2021-11-01
2021,45,PURANA QILLA,0,2021-11-08
2021,46,PURANA QILLA,0,2021-11-15
2021,47,PURANA QILLA,0,2021-11-22
2021,48,PURANA QILLA,0,2021-11-29
2021,49,PURANA QILLA,0,2021-12-06
2021,50,PURANA QILLA,0,2021-12-13
2021,51,PURANA QILLA,0,2021-12-20
2021,52,PURANA QILLA,0,2021-12-27
2022,1,PURANA QILLA,0,2022-01-03
2022,2,PURANA QILLA,0,2022-01-10
2022,3,PURANA QILLA,0,2022-01-17
2022,4,PURANA QILLA,0,2022-01-24
2022,5,PURANA QILLA,0,2022-01-31
2022,6,PURANA QILLA,0,2022-02-07
2022,7,PURANA QILLA,0,2022-02-14
2022,8,PURANA QILLA,0,2022-02-21
2022,9,PURANA QILLA,0,2022-02-28
2022,10,PURANA QILLA,0,2022-03-07
2022,11,PURANA QILLA,0,2022-03-14
2022,12,PURANA QILLA,0,2022-03-21
2022,13,PURANA QILLA,0,2022-03-28
2022,14,PURANA QILLA,0,2022-04-04
2022,15,PURANA QILLA,0,2022-04-11
2022,16,PURANA QILLA,0,2022-04-18
2022,17,PURANA QILLA,0,2022-04-25
2022,18,PURANA QILLA,0,2022-05-02
2022,19,PURANA QILLA,0,2022-05-09
2022,20,PURANA QILLA,0,2022-05-16
2022,21,PURANA QILLA,0,2022-05-23
2022,22,PURANA QILLA,0,2022-05-30
2022,23,PURANA QILLA,0,2022-06-06
2022,24,PURANA QILLA,0,2022-06-13
2022,25,PURANA QILLA,0,2022-06-20
2022,26,PURANA QILLA,0,2022-06-27
2022,27,PURANA QILLA,0,2022-07-04
2022,28,PURANA QILLA,0,2022-07-11
2022,29,PURANA QILLA,0,2022-07-18
2022,30,PURANA QILLA,0,2022-07-25
2022,31,PURANA QILLA,0,2022-08-01
2022,32,PURANA QILLA,0,2022-08-08
2022,33,PURANA QILLA,0,2022-08-15
2022,34,PURANA QILLA,0,2022-08-22
2022,35,PURANA QILLA,3,2022-08-29
2022,36,PURANA QILLA,7,2022-09-05
2022,37,PURANA QILLA,8,2022-09-12
2022,38,PURANA QILLA,4,2022-09-19
2022,39,PURANA QILLA,2,2022-09-26
2022,40,PURANA QILLA,2,2022-10-03
2022,41,PURANA QILLA,5,2022-10-10
2022,42,PURANA QILLA,0,2022-10-17
2022,43,PURANA QILLA,0,2022-10-24
2022,44,PURANA QILLA,0,2022-10-31
2022,45,PURANA QILLA,1,2022-11-07
2022,46,PURANA QILLA,0,2022-11-14
2022,47,PURANA QILLA,0,2022-11-21
2022,48,PURANA QILLA,0,2022-11-28
2022,49,PURANA QILLA,0,2022-12-05
2022,50,PURANA QILLA,0,2022-12-12
2022,51,PURANA QILLA,0,2022-12-19
2022,52,PURANA QILLA,0,2022-12-26
2023,1,PURANA QILLA,0,2023-01-02
2023,2,PURANA QILLA,0,2023-01-09
2023,3,PURANA QILLA,0,2023-01-16
2023,4,PURANA QILLA,0,2023-01-23
2023,5,PURANA QILLA,0,2023-01-30
2023,6,PURANA QILLA,0,2023-02-06
2023,7,PURANA QILLA,0,2023-02-13
2023,8,PURANA QILLA,0,2023-02-20
2023,9,PURANA QILLA,0,2023-02-27
2023,10,PURANA QILLA,0,2023-03-06
2023,11,PURANA QILLA,0,2023-03-13
2023,12,PURANA QILLA,0,2023-03-20
2023,13,PURANA QILLA,0,2023-03-27
2023,14,PURANA QILLA,0,2023-04-03
2023,15,PURANA QILLA,0,2023-04-10
2023,16,PURANA QILLA,0,2023-04-17
2023,17,PURANA QILLA,0,2023-04-24
2023,18,PURANA QILLA,0,2023-05-01
2023,19,PURANA QILLA,0,2023-05-08
2023,20,PURANA QILLA,0,2023-05-15
2023,21,PURANA QILLA,0,2023-05-22
2023,22,PURANA QILLA,0,2023-05-29
2023,23,PURANA QILLA,0,2023-06-05
2023,24,PURANA QILLA,0,2023-06-12
2023,25,PURANA QILLA,0,2023-06-19
2023,26,PURANA QILLA,0,2023-06-26
2023,27,PURANA QILLA,0,2023-07-03
2023,28,PURANA QILLA,0,2023-07-10
2023,29,PURANA QILLA,0,2023-07-17
2023,30,PURANA QILLA,0,2023-07-24
2023,31,PURANA QILLA,0,2023-07-31
2023,32,PURANA QILLA,0,2023-08-07
2023,33,PURANA QILLA,0,2023-08-14
2023,34,PURANA QILLA,1,2023-08-21
2023,35,PURANA QILLA,0,2023-08-28
2023,36,PURANA QILLA,0,2023-09-04
2023,37,PURANA QILLA,0,2023-09-11
2023,38,PURANA QILLA,0,2023-09-18
2023,39,PURANA QILLA,0,2023-09-25
2023,40,PURANA QILLA,0,2023-10-02
2023,41,PURANA QILLA,0,2023-10-09
2023,42,PURANA QILLA,0,2023-10-16
2023,43,PURANA QILLA,1,2023-10-23
2023,44,PURANA QILLA,0,2023-10-30
2023,45,PURANA QILLA,0,2023-11-06
2023,46,PURANA QILLA,0,2023-11-13
2023,47,PURANA QILLA,0,2023-11-20
2023,48,PURANA QILLA,1,2023-11-27
2023,49,PURANA QILLA,0,2023-12-04
2023,50,PURANA QILLA,0,2023-12-11
2023,51,PURANA QILLA,0,2023-12-18
2023,52,PURANA QILLA,0,2023-12-25
2024,1,PURANA QILLA,0,2024-01-01
2024,2,PURANA QILLA,0,2024-01-08
2024,3,PURANA QILLA,0,2024-01-15
2024,4,PURANA QILLA,0,2024-01-22
2024,5,PURANA QILLA,0,2024-01-29
2024,6,PURANA QILLA,0,2024-02-05
2024,7,PURANA QILLA,0,2024-02-12
2024,8,PURANA QILLA,0,2024-02-19
2024,9,PURANA QILLA,0,2024-02-26
2024,10,PURANA QILLA,0,2024-03-04
2024,11,PURANA QILLA,0,2024-03-11
2024,12,PURANA QILLA,0,2024-03-18
2024,13,PURANA QILLA,0,2024-03-25
2024,14,PURANA QILLA,0,2024-04-01
2024,15,PURANA QILLA,0,2024-04-08
2024,16,PURANA QILLA,0,2024-04-15
2024,17,PURANA QILLA,0,2024-04-22
2024,18,PURANA QILLA,0,2024-04-29
2024,19,PURANA QILLA,0,2024-05-06
2024,20,PURANA QILLA,0,2024-05-13
2024,21,PURANA QILLA,0,2024-05-20
2024,22,PURANA QILLA,0,2024-05-27
2024,23,PURANA QILLA,0,2024-06-03
2024,24,PURANA QILLA,0,2024-06-10
2024,25,PURANA QILLA,0,2024-06-17
2024,26,PURANA QILLA,0,2024-06-24
2024,27,PURANA QILLA,0,2024-07-01
2024,28,PURANA QILLA,0,2024-07-08
2024,29,PURANA QILLA,0,2024-07-15
2024,30,PURANA QILLA,0,2024-07-22
2024,31,PURANA QILLA,0,2024-07-29
2024,32,PURANA QILLA,0,2024-08-05
2024,33,PURANA QILLA,0,2024-08-12
2024,34,PURANA QILLA,0,2024-08-19
2024,35,PURANA QILLA,0,2024-08-26
2024,36,PURANA QILLA,0,2024-09-02
2024,37,PURANA QILLA,0,2024-09-09
2024,38,PURANA QILLA,5,2024-09-16
2024,39,PURANA QILLA,3,2024-09-23
2024,40,PURANA QILLA,0,2024-09-30
2024,41,PURANA QILLA,4,2024-10-07
2024,42,PURANA QILLA,5,2024-10-14
2024,43,PURANA QILLA,1,2024-10-21
2024,44,PURANA QILLA,3,2024-10-28
2024,45,PURANA QILLA,1,2024-11-04
2024,46,PURANA QILLA,0,2024-11-11
2024,47,PURANA QILLA,1,2024-11-18
2024,48,PURANA QILLA,0,2024-11-25
2024,49,PURANA QILLA,0,2024-12-02
2024,50,PURANA QILLA,0,2024-12-09
2024,51,PURANA QILLA,0,2024-12-16
2024,52,PURANA QILLA,0,2024-12-23
2021,1,Purana Qila,0,2021-01-04
2021,2,Purana Qila,0,2021-01-11
2021,3,Purana Qila,0,2021-01-18
2021,4,Purana Qila,0,2021-01-25
2021,5,Purana Qila,0,2021-02-01
2021,6,Purana Qila,0,2021-02-08
2021,7,Purana Qila,0,2021-02-15
2021,8,Purana Qila,0,2021-02-22
2021,9,Purana Qila,0,2021-03-01
2021,10,Purana Qila,0,2021-03-08
2021,11,Purana Qila,0,2021-03-15
2021,12,Purana Qila,0,2021-03-22
2021,13,Purana Qila,0,2021-03-29
2021,14,Purana Qila,0,2021-04-05
2021,15,Purana Qila,0,2021-04-12
2021,16,Purana Qila,0,2021-04-19
2021,17,Purana Qila,0,2021-04-26
2021,18,Purana Qila,0,2021-05-03
2021,19,Purana Qila,0,2021-05-10
2021,20,Purana Qila,0,2021-05-17
2021,21,Purana Qila,0,2021-05-24
2021,22,Purana Qila,0,2021-05-31
2021,23,Purana Qila,0,2021-06-07
2021,24,Purana Qila,0,2021-06-14
2021,25,Purana Qila,0,2021-06-21
2021,26,Purana Qila,0,2021-06-28
2021,27,Purana Qila,0,2021-07-05
2021,28,Purana Qila,0,2021-07-12
2021,29,Purana Qila,0,2021-07-19
2021,30,Purana Qila,0,2021-07-26
2021,31,Purana Qila,0,2021-08-02
2021,32,Purana Qila,0,2021-08-09
2021,33,Purana Qila,0,2021-08-16
2021,34,Purana Qila,0,2021-08-23
2021,35,Purana Qila,0,2021-08-30
2021,36,Purana Qila,0,2021-09-06
2021,37,Purana Qila,0,2021-09-13
2021,38,Purana Qila,0,2021-09-20
2021,39,Purana Qila,0,2021-09-27
2021,40,Purana Qila,0,2021-10-04
2021,41,Purana Qila,1,2021-10-11
2021,42,Purana Qila,2,2021-10-18
2021,43,Purana Qila,4,2021-10-25
2021,44,Purana Qila,2,2021-11-01
2021,45,Purana Qila,0,2021-11-08
2021,46,Purana Qila,1,2021-11-15
2021,47,Purana Qila,0,2021-11-22
2021,48,Purana Qila,0,2021-11-29
2021,49,Purana Qila,0,2021-12-06
2021,50,Purana Qila,0,2021-12-13
2021,51,Purana Qila,0,2021-12-20
2021,52,Purana Qila,0,2021-12-27
2022,1,Purana Qila,0,2022-01-03
2022,2,Purana Qila,0,2022-01-10
2022,3,Purana Qila,0,2022-01-17
2022,4,Purana Qila,0,2022-01-24
2022,5,Purana Qila,0,2022-01-31
2022,6,Purana Qila,0,2022-02-07
2022,7,Purana Qila,0,2022-02-14
2022,8,Purana Qila,0,2022-02-21
2022,9,Purana Qila,0,2022-02-28
2022,10,Purana Qila,0,2022-03-07
2022,11,Purana Qila,0,2022-03-14
2022,12,Purana Qila,0,2022-03-21
2022,13,Purana Qila,0,2022-03-28
2022,14,Purana Qila,0,2022-04-04
2022,15,Purana Qila,0,2022-04-11
2022,16,Purana Qila,0,2022-04-18
2022,17,Purana Qila,0,2022-04-25
2022,18,Purana Qila,0,2022-05-02
2022,19,Purana Qila,0,2022-05-09
2022,20,Purana Qila,0,2022-05-16
2022,21,Purana Qila,0,2022-05-23
2022,22,Purana Qila,0,2022-05-30
2022,23,Purana Qila,0,2022-06-06
2022,24,Purana Qila,0,2022-06-13
2022,25,Purana Qila,0,2022-06-20
2022,26,Purana Qila,0,2022-06-27
2022,27,Purana Qila,0,2022-07-04
2022,28,Purana Qila,0,2022-07-11
2022,29,Purana Qila,0,2022-07-18
2022,30,Purana Qila,0,2022-07-25
2022,31,Purana Qila,0,2022-08-01
2022,32,Purana Qila,1,2022-08-08
2022,33,Purana Qila,0,2022-08-15
2022,34,Purana Qila,0,2022-08-22
2022,35,Purana Qila,0,2022-08-29
2022,36,Purana Qila,0,2022-09-05
2022,37,Purana Qila,1,2022-09-12
2022,38,Purana Qila,0,2022-09-19
2022,39,Purana Qila,2,2022-09-26
2022,40,Purana Qila,6,2022-10-03
2022,41,Purana Qila,3,2022-10-10
2022,42,Purana Qila,3,2022-10-17
2022,43,Purana Qila,1,2022-10-24
2022,44,Purana Qila,0,2022-10-31
2022,45,Purana Qila,0,2022-11-07
2022,46,Purana Qila,0,2022-11-14
2022,47,Purana Qila,0,2022-11-21
2022,48,Purana Qila,0,2022-11-28
2022,49,Purana Qila,0,2022-12-05
2022,50,Purana Qila,0,2022-12-12
2022,51,Purana Qila,0,2022-12-19
2022,52,Purana Qila,0,2022-12-26
2023,1,Purana Qila,0,2023-01-02
2023,2,Purana Qila,0,2023-01-09
2023,3,Purana Qila,0,2023-01-16
2023,4,Purana Qila,0,2023-01-23
2023,5,Purana Qila,0,2023-01-30
2023,6,Purana Qila,0,2023-02-06
2023,7,Purana Qila,0,2023-02-13
2023,8,Purana Qila,0,2023-02-20
2023,9,Purana Qila,0,2023-02-27
2023,10,Purana Qila,0,2023-03-06
2023,11,Purana Qila,0,2023-03-13
2023,12,Purana Qila,0,2023-03-20
2023,13,Purana Qila,0,2023-03-27
2023,14,Purana Qila,0,2023-04-03
2023,15,Purana Qila,0,2023-04-10
2023,16,Purana Qila,0,2023-04-17
2023,17,Purana Qila,0,2023-04-24
2023,18,Purana Qila,0,2023-05-01
2023,19,Purana Qila,0,2023-05-08
2023,20,Purana Qila,0,2023-05-15
2023,21,Purana Qila,0,2023-05-22
2023,22,Purana Qila,0,2023-05-29
2023,23,Purana Qila,0,2023-06-05
2023,24,Purana Qila,0,2023-06-12
2023,25,Purana Qila,0,2023-06-19
2023,26,Purana Qila,0,2023-06-26
2023,27,Purana Qila,0,2023-07-03
2023,28,Purana Qila,0,2023-07-10
2023,29,Purana Qila,0,2023-07-17
2023,30,Purana Qila,0,2023-07-24
2023,31,Purana Qila,0,2023-07-31
2023,32,Purana Qila,1,2023-08-07
2023,33,Purana Qila,0,2023-08-14
2023,34,Purana Qila,1,2023-08-21
2023,35,Purana Qila,0,2023-08-28
2023,36,Purana Qila,1,2023-09-04
2023,37,Purana Qila,2,2023-09-11
2023,38,Purana Qila,0,2023-09-18
2023,39,Purana Qila,0,2023-09-25
2023,40,Purana Qila,0,2023-10-02
2023,41,Purana Qila,0,2023-10-09
2023,42,Purana Qila,1,2023-10-16
2023,43,Purana Qila,0,2023-10-23
2023,44,Purana Qila,0,2023-10-30
2023,45,Purana Qila,0,2023-11-06
2023,46,Purana Qila,0,2023-11-13
2023,47,Purana Qila,0,2023-11-20
2023,48,Purana Qila,0,2023-11-27
2023,49,Purana Qila,0,2023-12-04
2023,50,Purana Qila,0,2023-12-11
2023,51,Purana Qila,0,2023-12-18
2023,52,Purana Qila,0,2023-12-25
2024,1,Purana Qila,0,2024-01-01
2024,2,Purana Qila,0,2024-01-08
2024,3,Purana Qila,0,2024-01-15
2024,4,Purana Qila,0,2024-01-22
2024,5,Purana Qila,0,2024-01-29
2024,6,Purana Qila,0,2024-02-05
2024,7,Purana Qila,0,2024-02-12
2024,8,Purana Qila,0,2024-02-19
2024,9,Purana Qila,0,2024-02-26
2024,10,Purana Qila,0,2024-03-04
2024,11,Purana Qila,0,2024-03-11
2024,12,Purana Qila,0,2024-03-18
2024,13,Purana Qila,0,2024-03-25
2024,14,Purana Qila,0,2024-04-01
2024,15,Purana Qila,0,2024-04-08
2024,16,Purana Qila,0,2024-04-15
2024,17,Purana Qila,0,2024-04-22
2024,18,Purana Qila,0,2024-04-29
2024,19,Purana Qila,0,2024-05-06
2024,20,Purana Qila,0,2024-05-13
2024,21,Purana Qila,0,2024-05-20
2024,22,Purana Qila,0,2024-05-27
2024,23,Purana Qila,0,2024-06-03
2024,24,Purana Qila,0,2024-06-10
2024,25,Purana Qila,0,2024-06-17
2024,26,Purana Qila,0,2024-06-24
2024,27,Purana Qila,0,2024-07-01
2024,28,Purana Qila,0,2024-07-08
2024,29,Purana Qila,0,2024-07-15
2024,30,Purana Qila,0,2024-07-22
2024,31,Purana Qila,0,2024-07-29
2024,32,Purana Qila,0,2024-08-05
2024,33,Purana Qila,0,2024-08-12
2024,34,Purana Qila,0,2024-08-19
2024,35,Purana Qila,0,2024-08-26
2024,36,Purana Qila,0,2024-09-02
2024,37,Purana Qila,0,2024-09-09
2024,38,Purana Qila,2,2024-09-16
2024,39,Purana Qila,1,2024-09-23
2024,40,Purana Qila,2,2024-09-30
2024,41,Purana Qila,1,2024-10-07
2024,42,Purana Qila,1,2024-10-14
2024,43,Purana Qila,1,2024-10-21
2024,44,Purana Qila,3,2024-10-28
2024,45,Purana Qila,0,2024-11-04
2024,46,Purana Qila,2,2024-11-11
2024,47,Purana Qila,1,2024-11-18
2024,48,Purana Qila,0,2024-11-25
2024,49,Purana Qila,0,2024-12-02
2024,50,Purana Qila,0,2024-12-09
2024,51,Purana Qila,0,2024-12-16
2024,52,Purana Qila,0,2024-12-23
2021,1,QAYYUMABAD,0,2021-01-04
2021,2,QAYYUMABAD,0,2021-01-11
2021,3,QAYYUMABAD,0,2021-01-18
2021,4,QAYYUMABAD,0,2021-01-25
2021,5,QAYYUMABAD,0,2021-02-01
2021,6,QAYYUMABAD,0,2021-02-08
2021,7,QAYYUMABAD,0,2021-02-15
2021,8,QAYYUMABAD,0,2021-02-22
2021,9,QAYYUMABAD,0,2021-03-01
2021,10,QAYYUMABAD,0,2021-03-08
2021,11,QAYYUMABAD,0,2021-03-15
2021,12,QAYYUMABAD,0,2021-03-22
2021,13,QAYYUMABAD,0,2021-03-29
2021,14,QAYYUMABAD,0,2021-04-05
2021,15,QAYYUMABAD,0,2021-04-12
2021,16,QAYYUMABAD,0,2021-04-19
2021,17,QAYYUMABAD,0,2021-04-26
2021,18,QAYYUMABAD,0,2021-05-03
2021,19,QAYYUMABAD,0,2021-05-10
2021,20,QAYYUMABAD,0,2021-05-17
2021,21,QAYYUMABAD,0,2021-05-24
2021,22,QAYYUMABAD,0,2021-05-31
2021,23,QAYYUMABAD,0,2021-06-07
2021,24,QAYYUMABAD,0,2021-06-14
2021,25,QAYYUMABAD,0,2021-06-21
2021,26,QAYYUMABAD,0,2021-06-28
2021,27,QAYYUMABAD,0,2021-07-05
2021,28,QAYYUMABAD,0,2021-07-12
2021,29,QAYYUMABAD,0,2021-07-19
2021,30,QAYYUMABAD,0,2021-07-26
2021,31,QAYYUMABAD,1,2021-08-02
2021,32,QAYYUMABAD,0,2021-08-09
2021,33,QAYYUMABAD,0,2021-08-16
2021,34,QAYYUMABAD,0,2021-08-23
2021,35,QAYYUMABAD,0,2021-08-30
2021,36,QAYYUMABAD,0,2021-09-06
2021,37,QAYYUMABAD,0,2021-09-13
2021,38,QAYYUMABAD,0,2021-09-20
2021,39,QAYYUMABAD,0,2021-09-27
2021,40,QAYYUMABAD,0,2021-10-04
2021,41,QAYYUMABAD,0,2021-10-11
2021,42,QAYYUMABAD,0,2021-10-18
2021,43,QAYYUMABAD,0,2021-10-25
2021,44,QAYYUMABAD,0,2021-11-01
2021,45,QAYYUMABAD,0,2021-11-08
2021,46,QAYYUMABAD,0,2021-11-15
2021,47,QAYYUMABAD,0,2021-11-22
2021,48,QAYYUMABAD,0,2021-11-29
2021,49,QAYYUMABAD,0,2021-12-06
2021,50,QAYYUMABAD,0,2021-12-13
2021,51,QAYYUMABAD,0,2021-12-20
2021,52,QAYYUMABAD,0,2021-12-27
2022,1,QAYYUMABAD,0,2022-01-03
2022,2,QAYYUMABAD,0,2022-01-10
2022,3,QAYYUMABAD,0,2022-01-17
2022,4,QAYYUMABAD,0,2022-01-24
2022,5,QAYYUMABAD,0,2022-01-31
2022,6,QAYYUMABAD,0,2022-02-07
2022,7,QAYYUMABAD,0,2022-02-14
2022,8,QAYYUMABAD,0,2022-02-21
2022,9,QAYYUMABAD,0,2022-02-28
2022,10,QAYYUMABAD,0,2022-03-07
2022,11,QAYYUMABAD,0,2022-03-14
2022,12,QAYYUMABAD,0,2022-03-21
2022,13,QAYYUMABAD,0,2022-03-28
2022,14,QAYYUMABAD,0,2022-04-04
2022,15,QAYYUMABAD,0,2022-04-11
2022,16,QAYYUMABAD,0,2022-04-18
2022,17,QAYYUMABAD,0,2022-04-25
2022,18,QAYYUMABAD,0,2022-05-02
2022,19,QAYYUMABAD,0,2022-05-09
2022,20,QAYYUMABAD,0,2022-05-16
2022,21,QAYYUMABAD,0,2022-05-23
2022,22,QAYYUMABAD,0,2022-05-30
2022,23,QAYYUMABAD,0,2022-06-06
2022,24,QAYYUMABAD,0,2022-06-13
2022,25,QAYYUMABAD,0,2022-06-20
2022,26,QAYYUMABAD,0,2022-06-27
2022,27,QAYYUMABAD,0,2022-07-04
2022,28,QAYYUMABAD,0,2022-07-11
2022,29,QAYYUMABAD,0,2022-07-18
2022,30,QAYYUMABAD,0,2022-07-25
2022,31,QAYYUMABAD,0,2022-08-01
2022,32,QAYYUMABAD,0,2022-08-08
2022,33,QAYYUMABAD,0,2022-08-15
2022,34,QAYYUMABAD,0,2022-08-22
2022,35,QAYYUMABAD,0,2022-08-29
2022,36,QAYYUMABAD,0,2022-09-05
2022,37,QAYYUMABAD,0,2022-09-12
2022,38,QAYYUMABAD,1,2022-09-19
2022,39,QAYYUMABAD,0,2022-09-26
2022,40,QAYYUMABAD,0,2022-10-03
2022,41,QAYYUMABAD,0,2022-10-10
2022,42,QAYYUMABAD,0,2022-10-17
2022,43,QAYYUMABAD,2,2022-10-24
2022,44,QAYYUMABAD,0,2022-10-31
2022,45,QAYYUMABAD,0,2022-11-07
2022,46,QAYYUMABAD,1,2022-11-14
2022,47,QAYYUMABAD,0,2022-11-21
2022,48,QAYYUMABAD,0,2022-11-28
2022,49,QAYYUMABAD,0,2022-12-05
2022,50,QAYYUMABAD,0,2022-12-12
2022,51,QAYYUMABAD,0,2022-12-19
2022,52,QAYYUMABAD,0,2022-12-26
2023,1,QAYYUMABAD,0,2023-01-02
2023,2,QAYYUMABAD,0,2023-01-09
2023,3,QAYYUMABAD,0,2023-01-16
2023,4,QAYYUMABAD,0,2023-01-23
2023,5,QAYYUMABAD,0,2023-01-30
2023,6,QAYYUMABAD,0,2023-02-06
2023,7,QAYYUMABAD,0,2023-02-13
2023,8,QAYYUMABAD,0,2023-02-20
2023,9,QAYYUMABAD,0,2023-02-27
2023,10,QAYYUMABAD,0,2023-03-06
2023,11,QAYYUMABAD,0,2023-03-13
2023,12,QAYYUMABAD,0,2023-03-20
2023,13,QAYYUMABAD,0,2023-03-27
2023,14,QAYYUMABAD,0,2023-04-03
2023,15,QAYYUMABAD,0,2023-04-10
2023,16,QAYYUMABAD,0,2023-04-17
2023,17,QAYYUMABAD,0,2023-04-24
2023,18,QAYYUMABAD,0,2023-05-01
2023,19,QAYYUMABAD,0,2023-05-08
2023,20,QAYYUMABAD,0,2023-05-15
2023,21,QAYYUMABAD,0,2023-05-22
2023,22,QAYYUMABAD,0,2023-05-29
2023,23,QAYYUMABAD,0,2023-06-05
2023,24,QAYYUMABAD,0,2023-06-12
2023,25,QAYYUMABAD,0,2023-06-19
2023,26,QAYYUMABAD,0,2023-06-26
2023,27,QAYYUMABAD,0,2023-07-03
2023,28,QAYYUMABAD,0,2023-07-10
2023,29,QAYYUMABAD,0,2023-07-17
2023,30,QAYYUMABAD,0,2023-07-24
2023,31,QAYYUMABAD,0,2023-07-31
2023,32,QAYYUMABAD,0,2023-08-07
2023,33,QAYYUMABAD,0,2023-08-14
2023,34,QAYYUMABAD,0,2023-08-21
2023,35,QAYYUMABAD,0,2023-08-28
2023,36,QAYYUMABAD,0,2023-09-04
2023,37,QAYYUMABAD,0,2023-09-11
2023,38,QAYYUMABAD,0,2023-09-18
2023,39,QAYYUMABAD,0,2023-09-25
2023,40,QAYYUMABAD,0,2023-10-02
2023,41,QAYYUMABAD,0,2023-10-09
2023,42,QAYYUMABAD,0,2023-10-16
2023,43,QAYYUMABAD,0,2023-10-23
2023,44,QAYYUMABAD,0,2023-10-30
2023,45,QAYYUMABAD,0,2023-11-06
2023,46,QAYYUMABAD,0,2023-11-13
2023,47,QAYYUMABAD,0,2023-11-20
2023,48,QAYYUMABAD,0,2023-11-27
2023,49,QAYYUMABAD,0,2023-12-04
2023,50,QAYYUMABAD,0,2023-12-11
2023,51,QAYYUMABAD,0,2023-12-18
2023,52,QAYYUMABAD,0,2023-12-25
2024,1,QAYYUMABAD,0,2024-01-01
2024,2,QAYYUMABAD,0,2024-01-08
2024,3,QAYYUMABAD,0,2024-01-15
2024,4,QAYYUMABAD,0,2024-01-22
2024,5,QAYYUMABAD,0,2024-01-29
2024,6,QAYYUMABAD,0,2024-02-05
2024,7,QAYYUMABAD,0,2024-02-12
2024,8,QAYYUMABAD,0,2024-02-19
2024,9,QAYYUMABAD,0,2024-02-26
2024,10,QAYYUMABAD,0,2024-03-04
2024,11,QAYYUMABAD,0,2024-03-11
2024,12,QAYYUMABAD,0,2024-03-18
2024,13,QAYYUMABAD,0,2024-03-25
2024,14,QAYYUMABAD,0,2024-04-01
2024,15,QAYYUMABAD,0,2024-04-08
2024,16,QAYYUMABAD,0,2024-04-15
2024,17,QAYYUMABAD,0,2024-04-22
2024,18,QAYYUMABAD,0,2024-04-29
2024,19,QAYYUMABAD,0,2024-05-06
2024,20,QAYYUMABAD,0,2024-05-13
2024,21,QAYYUMABAD,0,2024-05-20
2024,22,QAYYUMABAD,0,2024-05-27
2024,23,QAYYUMABAD,0,2024-06-03
2024,24,QAYYUMABAD,0,2024-06-10
2024,25,QAYYUMABAD,0,2024-06-17
2024,26,QAYYUMABAD,0,2024-06-24
2024,27,QAYYUMABAD,0,2024-07-01
2024,28,QAYYUMABAD,0,2024-07-08
2024,29,QAYYUMABAD,0,2024-07-15
2024,30,QAYYUMABAD,0,2024-07-22
2024,31,QAYYUMABAD,0,2024-07-29
2024,32,QAYYUMABAD,0,2024-08-05
2024,33,QAYYUMABAD,0,2024-08-12
2024,34,QAYYUMABAD,0,2024-08-19
2024,35,QAYYUMABAD,0,2024-08-26
2024,36,QAYYUMABAD,0,2024-09-02
2024,37,QAYYUMABAD,0,2024-09-09
2024,38,QAYYUMABAD,0,2024-09-16
2024,39,QAYYUMABAD,0,2024-09-23
2024,40,QAYYUMABAD,1,2024-09-30
2024,41,QAYYUMABAD,2,2024-10-07
2024,42,QAYYUMABAD,0,2024-10-14
2024,43,QAYYUMABAD,2,2024-10-21
2024,44,QAYYUMABAD,1,2024-10-28
2024,45,QAYYUMABAD,1,2024-11-04
2024,46,QAYYUMABAD,0,2024-11-11
2024,47,QAYYUMABAD,0,2024-11-18
2024,48,QAYYUMABAD,0,2024-11-25
2024,49,QAYYUMABAD,0,2024-12-02
2024,50,QAYYUMABAD,0,2024-12-09
2024,51,QAYYUMABAD,0,2024-12-16
2024,52,QAYYUMABAD,0,2024-12-23
2021,1,RAIKA MAIRA,0,2021-01-04
2021,2,RAIKA MAIRA,0,2021-01-11
2021,3,RAIKA MAIRA,0,2021-01-18
2021,4,RAIKA MAIRA,0,2021-01-25
2021,5,RAIKA MAIRA,0,2021-02-01
2021,6,RAIKA MAIRA,0,2021-02-08
2021,7,RAIKA MAIRA,0,2021-02-15
2021,8,RAIKA MAIRA,0,2021-02-22
2021,9,RAIKA MAIRA,0,2021-03-01
2021,10,RAIKA MAIRA,0,2021-03-08
2021,11,RAIKA MAIRA,0,2021-03-15
2021,12,RAIKA MAIRA,0,2021-03-22
2021,13,RAIKA MAIRA,0,2021-03-29
2021,14,RAIKA MAIRA,0,2021-04-05
2021,15,RAIKA MAIRA,0,2021-04-12
2021,16,RAIKA MAIRA,0,2021-04-19
2021,17,RAIKA MAIRA,0,2021-04-26
2021,18,RAIKA MAIRA,0,2021-05-03
2021,19,RAIKA MAIRA,0,2021-05-10
2021,20,RAIKA MAIRA,0,2021-05-17
2021,21,RAIKA MAIRA,0,2021-05-24
2021,22,RAIKA MAIRA,0,2021-05-31
2021,23,RAIKA MAIRA,0,2021-06-07
2021,24,RAIKA MAIRA,0,2021-06-14
2021,25,RAIKA MAIRA,0,2021-06-21
2021,26,RAIKA MAIRA,0,2021-06-28
2021,27,RAIKA MAIRA,0,2021-07-05
2021,28,RAIKA MAIRA,0,2021-07-12
2021,29,RAIKA MAIRA,0,2021-07-19
2021,30,RAIKA MAIRA,0,2021-07-26
2021,31,RAIKA MAIRA,0,2021-08-02
2021,32,RAIKA MAIRA,0,2021-08-09
2021,33,RAIKA MAIRA,0,2021-08-16
2021,34,RAIKA MAIRA,0,2021-08-23
2021,35,RAIKA MAIRA,0,2021-08-30
2021,36,RAIKA MAIRA,0,2021-09-06
2021,37,RAIKA MAIRA,0,2021-09-13
2021,38,RAIKA MAIRA,0,2021-09-20
2021,39,RAIKA MAIRA,0,2021-09-27
2021,40,RAIKA MAIRA,0,2021-10-04
2021,41,RAIKA MAIRA,0,2021-10-11
2021,42,RAIKA MAIRA,0,2021-10-18
2021,43,RAIKA MAIRA,0,2021-10-25
2021,44,RAIKA MAIRA,0,2021-11-01
2021,45,RAIKA MAIRA,0,2021-11-08
2021,46,RAIKA MAIRA,0,2021-11-15
2021,47,RAIKA MAIRA,0,2021-11-22
2021,48,RAIKA MAIRA,0,2021-11-29
2021,49,RAIKA MAIRA,0,2021-12-06
2021,50,RAIKA MAIRA,0,2021-12-13
2021,51,RAIKA MAIRA,0,2021-12-20
2021,52,RAIKA MAIRA,0,2021-12-27
2022,1,RAIKA MAIRA,0,2022-01-03
2022,2,RAIKA MAIRA,0,2022-01-10
2022,3,RAIKA MAIRA,0,2022-01-17
2022,4,RAIKA MAIRA,0,2022-01-24
2022,5,RAIKA MAIRA,0,2022-01-31
2022,6,RAIKA MAIRA,0,2022-02-07
2022,7,RAIKA MAIRA,0,2022-02-14
2022,8,RAIKA MAIRA,0,2022-02-21
2022,9,RAIKA MAIRA,0,2022-02-28
2022,10,RAIKA MAIRA,0,2022-03-07
2022,11,RAIKA MAIRA,0,2022-03-14
2022,12,RAIKA MAIRA,0,2022-03-21
2022,13,RAIKA MAIRA,0,2022-03-28
2022,14,RAIKA MAIRA,0,2022-04-04
2022,15,RAIKA MAIRA,0,2022-04-11
2022,16,RAIKA MAIRA,0,2022-04-18
2022,17,RAIKA MAIRA,0,2022-04-25
2022,18,RAIKA MAIRA,0,2022-05-02
2022,19,RAIKA MAIRA,0,2022-05-09
2022,20,RAIKA MAIRA,0,2022-05-16
2022,21,RAIKA MAIRA,0,2022-05-23
2022,22,RAIKA MAIRA,0,2022-05-30
2022,23,RAIKA MAIRA,0,2022-06-06
2022,24,RAIKA MAIRA,0,2022-06-13
2022,25,RAIKA MAIRA,0,2022-06-20
2022,26,RAIKA MAIRA,0,2022-06-27
2022,27,RAIKA MAIRA,0,2022-07-04
2022,28,RAIKA MAIRA,0,2022-07-11
2022,29,RAIKA MAIRA,0,2022-07-18
2022,30,RAIKA MAIRA,0,2022-07-25
2022,31,RAIKA MAIRA,0,2022-08-01
2022,32,RAIKA MAIRA,0,2022-08-08
2022,33,RAIKA MAIRA,0,2022-08-15
2022,34,RAIKA MAIRA,0,2022-08-22
2022,35,RAIKA MAIRA,1,2022-08-29
2022,36,RAIKA MAIRA,0,2022-09-05
2022,37,RAIKA MAIRA,1,2022-09-12
2022,38,RAIKA MAIRA,0,2022-09-19
2022,39,RAIKA MAIRA,1,2022-09-26
2022,40,RAIKA MAIRA,0,2022-10-03
2022,41,RAIKA MAIRA,0,2022-10-10
2022,42,RAIKA MAIRA,0,2022-10-17
2022,43,RAIKA MAIRA,0,2022-10-24
2022,44,RAIKA MAIRA,0,2022-10-31
2022,45,RAIKA MAIRA,0,2022-11-07
2022,46,RAIKA MAIRA,0,2022-11-14
2022,47,RAIKA MAIRA,0,2022-11-21
2022,48,RAIKA MAIRA,0,2022-11-28
2022,49,RAIKA MAIRA,0,2022-12-05
2022,50,RAIKA MAIRA,0,2022-12-12
2022,51,RAIKA MAIRA,0,2022-12-19
2022,52,RAIKA MAIRA,0,2022-12-26
2023,1,RAIKA MAIRA,0,2023-01-02
2023,2,RAIKA MAIRA,0,2023-01-09
2023,3,RAIKA MAIRA,0,2023-01-16
2023,4,RAIKA MAIRA,0,2023-01-23
2023,5,RAIKA MAIRA,0,2023-01-30
2023,6,RAIKA MAIRA,0,2023-02-06
2023,7,RAIKA MAIRA,0,2023-02-13
2023,8,RAIKA MAIRA,0,2023-02-20
2023,9,RAIKA MAIRA,0,2023-02-27
2023,10,RAIKA MAIRA,0,2023-03-06
2023,11,RAIKA MAIRA,0,2023-03-13
2023,12,RAIKA MAIRA,0,2023-03-20
2023,13,RAIKA MAIRA,0,2023-03-27
2023,14,RAIKA MAIRA,0,2023-04-03
2023,15,RAIKA MAIRA,0,2023-04-10
2023,16,RAIKA MAIRA,0,2023-04-17
2023,17,RAIKA MAIRA,0,2023-04-24
2023,18,RAIKA MAIRA,0,2023-05-01
2023,19,RAIKA MAIRA,0,2023-05-08
2023,20,RAIKA MAIRA,0,2023-05-15
2023,21,RAIKA MAIRA,0,2023-05-22
2023,22,RAIKA MAIRA,0,2023-05-29
2023,23,RAIKA MAIRA,0,2023-06-05
2023,24,RAIKA MAIRA,0,2023-06-12
2023,25,RAIKA MAIRA,0,2023-06-19
2023,26,RAIKA MAIRA,0,2023-06-26
2023,27,RAIKA MAIRA,0,2023-07-03
2023,28,RAIKA MAIRA,0,2023-07-10
2023,29,RAIKA MAIRA,0,2023-07-17
2023,30,RAIKA MAIRA,0,2023-07-24
2023,31,RAIKA MAIRA,0,2023-07-31
2023,32,RAIKA MAIRA,0,2023-08-07
2023,33,RAIKA MAIRA,0,2023-08-14
2023,34,RAIKA MAIRA,0,2023-08-21
2023,35,RAIKA MAIRA,0,2023-08-28
2023,36,RAIKA MAIRA,0,2023-09-04
2023,37,RAIKA MAIRA,0,2023-09-11
2023,38,RAIKA MAIRA,0,2023-09-18
2023,39,RAIKA MAIRA,0,2023-09-25
2023,40,RAIKA MAIRA,0,2023-10-02
2023,41,RAIKA MAIRA,0,2023-10-09
2023,42,RAIKA MAIRA,0,2023-10-16
2023,43,RAIKA MAIRA,0,2023-10-23
2023,44,RAIKA MAIRA,0,2023-10-30
2023,45,RAIKA MAIRA,0,2023-11-06
2023,46,RAIKA MAIRA,0,2023-11-13
2023,47,RAIKA MAIRA,0,2023-11-20
2023,48,RAIKA MAIRA,0,2023-11-27
2023,49,RAIKA MAIRA,0,2023-12-04
2023,50,RAIKA MAIRA,0,2023-12-11
2023,51,RAIKA MAIRA,0,2023-12-18
2023,52,RAIKA MAIRA,0,2023-12-25
2024,1,RAIKA MAIRA,0,2024-01-01
2024,2,RAIKA MAIRA,0,2024-01-08
2024,3,RAIKA MAIRA,0,2024-01-15
2024,4,RAIKA MAIRA,0,2024-01-22
2024,5,RAIKA MAIRA,0,2024-01-29
2024,6,RAIKA MAIRA,0,2024-02-05
2024,7,RAIKA MAIRA,0,2024-02-12
2024,8,RAIKA MAIRA,0,2024-02-19
2024,9,RAIKA MAIRA,0,2024-02-26
2024,10,RAIKA MAIRA,0,2024-03-04
2024,11,RAIKA MAIRA,0,2024-03-11
2024,12,RAIKA MAIRA,0,2024-03-18
2024,13,RAIKA MAIRA,0,2024-03-25
2024,14,RAIKA MAIRA,0,2024-04-01
2024,15,RAIKA MAIRA,0,2024-04-08
2024,16,RAIKA MAIRA,0,2024-04-15
2024,17,RAIKA MAIRA,0,2024-04-22
2024,18,RAIKA MAIRA,0,2024-04-29
2024,19,RAIKA MAIRA,0,2024-05-06
2024,20,RAIKA MAIRA,0,2024-05-13
2024,21,RAIKA MAIRA,0,2024-05-20
2024,22,RAIKA MAIRA,0,2024-05-27
2024,23,RAIKA MAIRA,0,2024-06-03
2024,24,RAIKA MAIRA,0,2024-06-10
2024,25,RAIKA MAIRA,0,2024-06-17
2024,26,RAIKA MAIRA,0,2024-06-24
2024,27,RAIKA MAIRA,0,2024-07-01
2024,28,RAIKA MAIRA,0,2024-07-08
2024,29,RAIKA MAIRA,0,2024-07-15
2024,30,RAIKA MAIRA,0,2024-07-22
2024,31,RAIKA MAIRA,0,2024-07-29
2024,32,RAIKA MAIRA,0,2024-08-05
2024,33,RAIKA MAIRA,0,2024-08-12
2024,34,RAIKA MAIRA,0,2024-08-19
2024,35,RAIKA MAIRA,0,2024-08-26
2024,36,RAIKA MAIRA,0,2024-09-02
2024,37,RAIKA MAIRA,0,2024-09-09
2024,38,RAIKA MAIRA,0,2024-09-16
2024,39,RAIKA MAIRA,0,2024-09-23
2024,40,RAIKA MAIRA,0,2024-09-30
2024,41,RAIKA MAIRA,0,2024-10-07
2024,42,RAIKA MAIRA,0,2024-10-14
2024,43,RAIKA MAIRA,0,2024-10-21
2024,44,RAIKA MAIRA,0,2024-10-28
2024,45,RAIKA MAIRA,0,2024-11-04
2024,46,RAIKA MAIRA,1,2024-11-11
2024,47,RAIKA MAIRA,0,2024-11-18
2024,48,RAIKA MAIRA,0,2024-11-25
2024,49,RAIKA MAIRA,0,2024-12-02
2024,50,RAIKA MAIRA,0,2024-12-09
2024,51,RAIKA MAIRA,0,2024-12-16
2024,52,RAIKA MAIRA,0,2024-12-23
2021,1,RANIAL,0,2021-01-04
2021,2,RANIAL,0,2021-01-11
2021,3,RANIAL,0,2021-01-18
2021,4,RANIAL,0,2021-01-25
2021,5,RANIAL,0,2021-02-01
2021,6,RANIAL,0,2021-02-08
2021,7,RANIAL,0,2021-02-15
2021,8,RANIAL,0,2021-02-22
2021,9,RANIAL,0,2021-03-01
2021,10,RANIAL,0,2021-03-08
2021,11,RANIAL,0,2021-03-15
2021,12,RANIAL,0,2021-03-22
2021,13,RANIAL,0,2021-03-29
2021,14,RANIAL,0,2021-04-05
2021,15,RANIAL,0,2021-04-12
2021,16,RANIAL,0,2021-04-19
2021,17,RANIAL,0,2021-04-26
2021,18,RANIAL,0,2021-05-03
2021,19,RANIAL,0,2021-05-10
2021,20,RANIAL,0,2021-05-17
2021,21,RANIAL,0,2021-05-24
2021,22,RANIAL,0,2021-05-31
2021,23,RANIAL,0,2021-06-07
2021,24,RANIAL,0,2021-06-14
2021,25,RANIAL,0,2021-06-21
2021,26,RANIAL,0,2021-06-28
2021,27,RANIAL,0,2021-07-05
2021,28,RANIAL,0,2021-07-12
2021,29,RANIAL,0,2021-07-19
2021,30,RANIAL,0,2021-07-26
2021,31,RANIAL,0,2021-08-02
2021,32,RANIAL,0,2021-08-09
2021,33,RANIAL,0,2021-08-16
2021,34,RANIAL,0,2021-08-23
2021,35,RANIAL,0,2021-08-30
2021,36,RANIAL,0,2021-09-06
2021,37,RANIAL,0,2021-09-13
2021,38,RANIAL,0,2021-09-20
2021,39,RANIAL,1,2021-09-27
2021,40,RANIAL,2,2021-10-04
2021,41,RANIAL,1,2021-10-11
2021,42,RANIAL,3,2021-10-18
2021,43,RANIAL,10,2021-10-25
2021,44,RANIAL,3,2021-11-01
2021,45,RANIAL,0,2021-11-08
2021,46,RANIAL,4,2021-11-15
2021,47,RANIAL,1,2021-11-22
2021,48,RANIAL,0,2021-11-29
2021,49,RANIAL,0,2021-12-06
2021,50,RANIAL,0,2021-12-13
2021,51,RANIAL,0,2021-12-20
2021,52,RANIAL,0,2021-12-27
2022,1,RANIAL,0,2022-01-03
2022,2,RANIAL,0,2022-01-10
2022,3,RANIAL,0,2022-01-17
2022,4,RANIAL,0,2022-01-24
2022,5,RANIAL,0,2022-01-31
2022,6,RANIAL,0,2022-02-07
2022,7,RANIAL,0,2022-02-14
2022,8,RANIAL,0,2022-02-21
2022,9,RANIAL,0,2022-02-28
2022,10,RANIAL,0,2022-03-07
2022,11,RANIAL,0,2022-03-14
2022,12,RANIAL,0,2022-03-21
2022,13,RANIAL,0,2022-03-28
2022,14,RANIAL,0,2022-04-04
2022,15,RANIAL,0,2022-04-11
2022,16,RANIAL,0,2022-04-18
2022,17,RANIAL,0,2022-04-25
2022,18,RANIAL,0,2022-05-02
2022,19,RANIAL,0,2022-05-09
2022,20,RANIAL,0,2022-05-16
2022,21,RANIAL,0,2022-05-23
2022,22,RANIAL,0,2022-05-30
2022,23,RANIAL,0,2022-06-06
2022,24,RANIAL,0,2022-06-13
2022,25,RANIAL,1,2022-06-20
2022,26,RANIAL,1,2022-06-27
2022,27,RANIAL,0,2022-07-04
2022,28,RANIAL,1,2022-07-11
2022,29,RANIAL,0,2022-07-18
2022,30,RANIAL,3,2022-07-25
2022,31,RANIAL,1,2022-08-01
2022,32,RANIAL,11,2022-08-08
2022,33,RANIAL,23,2022-08-15
2022,34,RANIAL,28,2022-08-22
2022,35,RANIAL,14,2022-08-29
2022,36,RANIAL,16,2022-09-05
2022,37,RANIAL,20,2022-09-12
2022,38,RANIAL,17,2022-09-19
2022,39,RANIAL,20,2022-09-26
2022,40,RANIAL,9,2022-10-03
2022,41,RANIAL,8,2022-10-10
2022,42,RANIAL,3,2022-10-17
2022,43,RANIAL,4,2022-10-24
2022,44,RANIAL,4,2022-10-31
2022,45,RANIAL,2,2022-11-07
2022,46,RANIAL,0,2022-11-14
2022,47,RANIAL,0,2022-11-21
2022,48,RANIAL,0,2022-11-28
2022,49,RANIAL,0,2022-12-05
2022,50,RANIAL,0,2022-12-12
2022,51,RANIAL,0,2022-12-19
2022,52,RANIAL,0,2022-12-26
2023,1,RANIAL,0,2023-01-02
2023,2,RANIAL,0,2023-01-09
2023,3,RANIAL,0,2023-01-16
2023,4,RANIAL,0,2023-01-23
2023,5,RANIAL,0,2023-01-30
2023,6,RANIAL,0,2023-02-06
2023,7,RANIAL,0,2023-02-13
2023,8,RANIAL,0,2023-02-20
2023,9,RANIAL,0,2023-02-27
2023,10,RANIAL,0,2023-03-06
2023,11,RANIAL,0,2023-03-13
2023,12,RANIAL,0,2023-03-20
2023,13,RANIAL,0,2023-03-27
2023,14,RANIAL,0,2023-04-03
2023,15,RANIAL,0,2023-04-10
2023,16,RANIAL,0,2023-04-17
2023,17,RANIAL,0,2023-04-24
2023,18,RANIAL,0,2023-05-01
2023,19,RANIAL,0,2023-05-08
2023,20,RANIAL,0,2023-05-15
2023,21,RANIAL,0,2023-05-22
2023,22,RANIAL,0,2023-05-29
2023,23,RANIAL,0,2023-06-05
2023,24,RANIAL,0,2023-06-12
2023,25,RANIAL,0,2023-06-19
2023,26,RANIAL,0,2023-06-26
2023,27,RANIAL,0,2023-07-03
2023,28,RANIAL,0,2023-07-10
2023,29,RANIAL,0,2023-07-17
2023,30,RANIAL,0,2023-07-24
2023,31,RANIAL,0,2023-07-31
2023,32,RANIAL,0,2023-08-07
2023,33,RANIAL,0,2023-08-14
2023,34,RANIAL,0,2023-08-21
2023,35,RANIAL,0,2023-08-28
2023,36,RANIAL,0,2023-09-04
2023,37,RANIAL,0,2023-09-11
2023,38,RANIAL,0,2023-09-18
2023,39,RANIAL,1,2023-09-25
2023,40,RANIAL,0,2023-10-02
2023,41,RANIAL,2,2023-10-09
2023,42,RANIAL,1,2023-10-16
2023,43,RANIAL,1,2023-10-23
2023,44,RANIAL,3,2023-10-30
2023,45,RANIAL,1,2023-11-06
2023,46,RANIAL,0,2023-11-13
2023,47,RANIAL,0,2023-11-20
2023,48,RANIAL,1,2023-11-27
2023,49,RANIAL,0,2023-12-04
2023,50,RANIAL,0,2023-12-11
2023,51,RANIAL,0,2023-12-18
2023,52,RANIAL,0,2023-12-25
2024,1,RANIAL,0,2024-01-01
2024,2,RANIAL,0,2024-01-08
2024,3,RANIAL,0,2024-01-15
2024,4,RANIAL,0,2024-01-22
2024,5,RANIAL,0,2024-01-29
2024,6,RANIAL,0,2024-02-05
2024,7,RANIAL,0,2024-02-12
2024,8,RANIAL,0,2024-02-19
2024,9,RANIAL,0,2024-02-26
2024,10,RANIAL,0,2024-03-04
2024,11,RANIAL,0,2024-03-11
2024,12,RANIAL,0,2024-03-18
2024,13,RANIAL,0,2024-03-25
2024,14,RANIAL,0,2024-04-01
2024,15,RANIAL,0,2024-04-08
2024,16,RANIAL,0,2024-04-15
2024,17,RANIAL,0,2024-04-22
2024,18,RANIAL,0,2024-04-29
2024,19,RANIAL,0,2024-05-06
2024,20,RANIAL,0,2024-05-13
2024,21,RANIAL,0,2024-05-20
2024,22,RANIAL,0,2024-05-27
2024,23,RANIAL,0,2024-06-03
2024,24,RANIAL,0,2024-06-10
2024,25,RANIAL,0,2024-06-17
2024,26,RANIAL,0,2024-06-24
2024,27,RANIAL,0,2024-07-01
2024,28,RANIAL,0,2024-07-08
2024,29,RANIAL,0,2024-07-15
2024,30,RANIAL,0,2024-07-22
2024,31,RANIAL,0,2024-07-29
2024,32,RANIAL,0,2024-08-05
2024,33,RANIAL,0,2024-08-12
2024,34,RANIAL,0,2024-08-19
2024,35,RANIAL,0,2024-08-26
2024,36,RANIAL,2,2024-09-02
2024,37,RANIAL,6,2024-09-09
2024,38,RANIAL,18,2024-09-16
2024,39,RANIAL,24,2024-09-23
2024,40,RANIAL,39,2024-09-30
2024,41,RANIAL,34,2024-10-07
2024,42,RANIAL,18,2024-10-14
2024,43,RANIAL,14,2024-10-21
2024,44,RANIAL,20,2024-10-28
2024,45,RANIAL,17,2024-11-04
2024,46,RANIAL,7,2024-11-11
2024,47,RANIAL,1,2024-11-18
2024,48,RANIAL,1,2024-11-25
2024,49,RANIAL,0,2024-12-02
2024,50,RANIAL,0,2024-12-09
2024,51,RANIAL,0,2024-12-16
2024,52,RANIAL,0,2024-12-23
2021,1,RATTA AMRAL,0,2021-01-04
2021,2,RATTA AMRAL,0,2021-01-11
2021,3,RATTA AMRAL,0,2021-01-18
2021,4,RATTA AMRAL,0,2021-01-25
2021,5,RATTA AMRAL,0,2021-02-01
2021,6,RATTA AMRAL,0,2021-02-08
2021,7,RATTA AMRAL,0,2021-02-15
2021,8,RATTA AMRAL,0,2021-02-22
2021,9,RATTA AMRAL,0,2021-03-01
2021,10,RATTA AMRAL,0,2021-03-08
2021,11,RATTA AMRAL,0,2021-03-15
2021,12,RATTA AMRAL,0,2021-03-22
2021,13,RATTA AMRAL,0,2021-03-29
2021,14,RATTA AMRAL,0,2021-04-05
2021,15,RATTA AMRAL,0,2021-04-12
2021,16,RATTA AMRAL,0,2021-04-19
2021,17,RATTA AMRAL,0,2021-04-26
2021,18,RATTA AMRAL,0,2021-05-03
2021,19,RATTA AMRAL,0,2021-05-10
2021,20,RATTA AMRAL,0,2021-05-17
2021,21,RATTA AMRAL,0,2021-05-24
2021,22,RATTA AMRAL,0,2021-05-31
2021,23,RATTA AMRAL,0,2021-06-07
2021,24,RATTA AMRAL,0,2021-06-14
2021,25,RATTA AMRAL,0,2021-06-21
2021,26,RATTA AMRAL,0,2021-06-28
2021,27,RATTA AMRAL,0,2021-07-05
2021,28,RATTA AMRAL,0,2021-07-12
2021,29,RATTA AMRAL,0,2021-07-19
2021,30,RATTA AMRAL,0,2021-07-26
2021,31,RATTA AMRAL,0,2021-08-02
2021,32,RATTA AMRAL,0,2021-08-09
2021,33,RATTA AMRAL,0,2021-08-16
2021,34,RATTA AMRAL,0,2021-08-23
2021,35,RATTA AMRAL,0,2021-08-30
2021,36,RATTA AMRAL,0,2021-09-06
2021,37,RATTA AMRAL,0,2021-09-13
2021,38,RATTA AMRAL,0,2021-09-20
2021,39,RATTA AMRAL,0,2021-09-27
2021,40,RATTA AMRAL,0,2021-10-04
2021,41,RATTA AMRAL,0,2021-10-11
2021,42,RATTA AMRAL,0,2021-10-18
2021,43,RATTA AMRAL,0,2021-10-25
2021,44,RATTA AMRAL,0,2021-11-01
2021,45,RATTA AMRAL,0,2021-11-08
2021,46,RATTA AMRAL,0,2021-11-15
2021,47,RATTA AMRAL,0,2021-11-22
2021,48,RATTA AMRAL,0,2021-11-29
2021,49,RATTA AMRAL,0,2021-12-06
2021,50,RATTA AMRAL,0,2021-12-13
2021,51,RATTA AMRAL,0,2021-12-20
2021,52,RATTA AMRAL,0,2021-12-27
2022,1,RATTA AMRAL,0,2022-01-03
2022,2,RATTA AMRAL,0,2022-01-10
2022,3,RATTA AMRAL,0,2022-01-17
2022,4,RATTA AMRAL,0,2022-01-24
2022,5,RATTA AMRAL,0,2022-01-31
2022,6,RATTA AMRAL,0,2022-02-07
2022,7,RATTA AMRAL,0,2022-02-14
2022,8,RATTA AMRAL,0,2022-02-21
2022,9,RATTA AMRAL,0,2022-02-28
2022,10,RATTA AMRAL,0,2022-03-07
2022,11,RATTA AMRAL,0,2022-03-14
2022,12,RATTA AMRAL,0,2022-03-21
2022,13,RATTA AMRAL,0,2022-03-28
2022,14,RATTA AMRAL,0,2022-04-04
2022,15,RATTA AMRAL,0,2022-04-11
2022,16,RATTA AMRAL,0,2022-04-18
2022,17,RATTA AMRAL,0,2022-04-25
2022,18,RATTA AMRAL,0,2022-05-02
2022,19,RATTA AMRAL,0,2022-05-09
2022,20,RATTA AMRAL,0,2022-05-16
2022,21,RATTA AMRAL,0,2022-05-23
2022,22,RATTA AMRAL,0,2022-05-30
2022,23,RATTA AMRAL,0,2022-06-06
2022,24,RATTA AMRAL,0,2022-06-13
2022,25,RATTA AMRAL,0,2022-06-20
2022,26,RATTA AMRAL,0,2022-06-27
2022,27,RATTA AMRAL,0,2022-07-04
2022,28,RATTA AMRAL,0,2022-07-11
2022,29,RATTA AMRAL,0,2022-07-18
2022,30,RATTA AMRAL,0,2022-07-25
2022,31,RATTA AMRAL,0,2022-08-01
2022,32,RATTA AMRAL,0,2022-08-08
2022,33,RATTA AMRAL,0,2022-08-15
2022,34,RATTA AMRAL,0,2022-08-22
2022,35,RATTA AMRAL,0,2022-08-29
2022,36,RATTA AMRAL,0,2022-09-05
2022,37,RATTA AMRAL,0,2022-09-12
2022,38,RATTA AMRAL,0,2022-09-19
2022,39,RATTA AMRAL,0,2022-09-26
2022,40,RATTA AMRAL,0,2022-10-03
2022,41,RATTA AMRAL,0,2022-10-10
2022,42,RATTA AMRAL,0,2022-10-17
2022,43,RATTA AMRAL,0,2022-10-24
2022,44,RATTA AMRAL,0,2022-10-31
2022,45,RATTA AMRAL,0,2022-11-07
2022,46,RATTA AMRAL,0,2022-11-14
2022,47,RATTA AMRAL,0,2022-11-21
2022,48,RATTA AMRAL,0,2022-11-28
2022,49,RATTA AMRAL,0,2022-12-05
2022,50,RATTA AMRAL,0,2022-12-12
2022,51,RATTA AMRAL,0,2022-12-19
2022,52,RATTA AMRAL,0,2022-12-26
2023,1,RATTA AMRAL,0,2023-01-02
2023,2,RATTA AMRAL,0,2023-01-09
2023,3,RATTA AMRAL,0,2023-01-16
2023,4,RATTA AMRAL,0,2023-01-23
2023,5,RATTA AMRAL,0,2023-01-30
2023,6,RATTA AMRAL,0,2023-02-06
2023,7,RATTA AMRAL,0,2023-02-13
2023,8,RATTA AMRAL,0,2023-02-20
2023,9,RATTA AMRAL,0,2023-02-27
2023,10,RATTA AMRAL,0,2023-03-06
2023,11,RATTA AMRAL,0,2023-03-13
2023,12,RATTA AMRAL,0,2023-03-20
2023,13,RATTA AMRAL,0,2023-03-27
2023,14,RATTA AMRAL,0,2023-04-03
2023,15,RATTA AMRAL,0,2023-04-10
2023,16,RATTA AMRAL,0,2023-04-17
2023,17,RATTA AMRAL,0,2023-04-24
2023,18,RATTA AMRAL,0,2023-05-01
2023,19,RATTA AMRAL,0,2023-05-08
2023,20,RATTA AMRAL,0,2023-05-15
2023,21,RATTA AMRAL,0,2023-05-22
2023,22,RATTA AMRAL,0,2023-05-29
2023,23,RATTA AMRAL,0,2023-06-05
2023,24,RATTA AMRAL,0,2023-06-12
2023,25,RATTA AMRAL,0,2023-06-19
2023,26,RATTA AMRAL,0,2023-06-26
2023,27,RATTA AMRAL,0,2023-07-03
2023,28,RATTA AMRAL,0,2023-07-10
2023,29,RATTA AMRAL,0,2023-07-17
2023,30,RATTA AMRAL,0,2023-07-24
2023,31,RATTA AMRAL,0,2023-07-31
2023,32,RATTA AMRAL,0,2023-08-07
2023,33,RATTA AMRAL,0,2023-08-14
2023,34,RATTA AMRAL,0,2023-08-21
2023,35,RATTA AMRAL,0,2023-08-28
2023,36,RATTA AMRAL,0,2023-09-04
2023,37,RATTA AMRAL,0,2023-09-11
2023,38,RATTA AMRAL,0,2023-09-18
2023,39,RATTA AMRAL,0,2023-09-25
2023,40,RATTA AMRAL,0,2023-10-02
2023,41,RATTA AMRAL,0,2023-10-09
2023,42,RATTA AMRAL,0,2023-10-16
2023,43,RATTA AMRAL,0,2023-10-23
2023,44,RATTA AMRAL,0,2023-10-30
2023,45,RATTA AMRAL,0,2023-11-06
2023,46,RATTA AMRAL,0,2023-11-13
2023,47,RATTA AMRAL,0,2023-11-20
2023,48,RATTA AMRAL,0,2023-11-27
2023,49,RATTA AMRAL,0,2023-12-04
2023,50,RATTA AMRAL,0,2023-12-11
2023,51,RATTA AMRAL,0,2023-12-18
2023,52,RATTA AMRAL,0,2023-12-25
2024,1,RATTA AMRAL,0,2024-01-01
2024,2,RATTA AMRAL,0,2024-01-08
2024,3,RATTA AMRAL,0,2024-01-15
2024,4,RATTA AMRAL,0,2024-01-22
2024,5,RATTA AMRAL,0,2024-01-29
2024,6,RATTA AMRAL,0,2024-02-05
2024,7,RATTA AMRAL,0,2024-02-12
2024,8,RATTA AMRAL,0,2024-02-19
2024,9,RATTA AMRAL,0,2024-02-26
2024,10,RATTA AMRAL,0,2024-03-04
2024,11,RATTA AMRAL,0,2024-03-11
2024,12,RATTA AMRAL,0,2024-03-18
2024,13,RATTA AMRAL,0,2024-03-25
2024,14,RATTA AMRAL,0,2024-04-01
2024,15,RATTA AMRAL,0,2024-04-08
2024,16,RATTA AMRAL,0,2024-04-15
2024,17,RATTA AMRAL,0,2024-04-22
2024,18,RATTA AMRAL,0,2024-04-29
2024,19,RATTA AMRAL,0,2024-05-06
2024,20,RATTA AMRAL,0,2024-05-13
2024,21,RATTA AMRAL,0,2024-05-20
2024,22,RATTA AMRAL,0,2024-05-27
2024,23,RATTA AMRAL,0,2024-06-03
2024,24,RATTA AMRAL,0,2024-06-10
2024,25,RATTA AMRAL,0,2024-06-17
2024,26,RATTA AMRAL,0,2024-06-24
2024,27,RATTA AMRAL,0,2024-07-01
2024,28,RATTA AMRAL,0,2024-07-08
2024,29,RATTA AMRAL,0,2024-07-15
2024,30,RATTA AMRAL,0,2024-07-22
2024,31,RATTA AMRAL,0,2024-07-29
2024,32,RATTA AMRAL,0,2024-08-05
2024,33,RATTA AMRAL,0,2024-08-12
2024,34,RATTA AMRAL,0,2024-08-19
2024,35,RATTA AMRAL,0,2024-08-26
2024,36,RATTA AMRAL,0,2024-09-02
2024,37,RATTA AMRAL,0,2024-09-09
2024,38,RATTA AMRAL,0,2024-09-16
2024,39,RATTA AMRAL,0,2024-09-23
2024,40,RATTA AMRAL,0,2024-09-30
2024,41,RATTA AMRAL,0,2024-10-07
2024,42,RATTA AMRAL,0,2024-10-14
2024,43,RATTA AMRAL,0,2024-10-21
2024,44,RATTA AMRAL,0,2024-10-28
2024,45,RATTA AMRAL,0,2024-11-04
2024,46,RATTA AMRAL,0,2024-11-11
2024,47,RATTA AMRAL,0,2024-11-18
2024,48,RATTA AMRAL,0,2024-11-25
2024,49,RATTA AMRAL,0,2024-12-02
2024,50,RATTA AMRAL,0,2024-12-09
2024,51,RATTA AMRAL,0,2024-12-16
2024,52,RATTA AMRAL,0,2024-12-23
2021,1,RAWALPINDI CANTT-1,0,2021-01-04
2021,2,RAWALPINDI CANTT-1,0,2021-01-11
2021,3,RAWALPINDI CANTT-1,0,2021-01-18
2021,4,RAWALPINDI CANTT-1,0,2021-01-25
2021,5,RAWALPINDI CANTT-1,0,2021-02-01
2021,6,RAWALPINDI CANTT-1,0,2021-02-08
2021,7,RAWALPINDI CANTT-1,0,2021-02-15
2021,8,RAWALPINDI CANTT-1,0,2021-02-22
2021,9,RAWALPINDI CANTT-1,0,2021-03-01
2021,10,RAWALPINDI CANTT-1,0,2021-03-08
2021,11,RAWALPINDI CANTT-1,0,2021-03-15
2021,12,RAWALPINDI CANTT-1,0,2021-03-22
2021,13,RAWALPINDI CANTT-1,0,2021-03-29
2021,14,RAWALPINDI CANTT-1,0,2021-04-05
2021,15,RAWALPINDI CANTT-1,0,2021-04-12
2021,16,RAWALPINDI CANTT-1,0,2021-04-19
2021,17,RAWALPINDI CANTT-1,0,2021-04-26
2021,18,RAWALPINDI CANTT-1,0,2021-05-03
2021,19,RAWALPINDI CANTT-1,0,2021-05-10
2021,20,RAWALPINDI CANTT-1,0,2021-05-17
2021,21,RAWALPINDI CANTT-1,0,2021-05-24
2021,22,RAWALPINDI CANTT-1,0,2021-05-31
2021,23,RAWALPINDI CANTT-1,0,2021-06-07
2021,24,RAWALPINDI CANTT-1,0,2021-06-14
2021,25,RAWALPINDI CANTT-1,0,2021-06-21
2021,26,RAWALPINDI CANTT-1,0,2021-06-28
2021,27,RAWALPINDI CANTT-1,0,2021-07-05
2021,28,RAWALPINDI CANTT-1,0,2021-07-12
2021,29,RAWALPINDI CANTT-1,0,2021-07-19
2021,30,RAWALPINDI CANTT-1,0,2021-07-26
2021,31,RAWALPINDI CANTT-1,0,2021-08-02
2021,32,RAWALPINDI CANTT-1,0,2021-08-09
2021,33,RAWALPINDI CANTT-1,0,2021-08-16
2021,34,RAWALPINDI CANTT-1,0,2021-08-23
2021,35,RAWALPINDI CANTT-1,0,2021-08-30
2021,36,RAWALPINDI CANTT-1,0,2021-09-06
2021,37,RAWALPINDI CANTT-1,0,2021-09-13
2021,38,RAWALPINDI CANTT-1,0,2021-09-20
2021,39,RAWALPINDI CANTT-1,0,2021-09-27
2021,40,RAWALPINDI CANTT-1,1,2021-10-04
2021,41,RAWALPINDI CANTT-1,1,2021-10-11
2021,42,RAWALPINDI CANTT-1,0,2021-10-18
2021,43,RAWALPINDI CANTT-1,0,2021-10-25
2021,44,RAWALPINDI CANTT-1,0,2021-11-01
2021,45,RAWALPINDI CANTT-1,0,2021-11-08
2021,46,RAWALPINDI CANTT-1,0,2021-11-15
2021,47,RAWALPINDI CANTT-1,1,2021-11-22
2021,48,RAWALPINDI CANTT-1,0,2021-11-29
2021,49,RAWALPINDI CANTT-1,0,2021-12-06
2021,50,RAWALPINDI CANTT-1,0,2021-12-13
2021,51,RAWALPINDI CANTT-1,0,2021-12-20
2021,52,RAWALPINDI CANTT-1,0,2021-12-27
2022,1,RAWALPINDI CANTT-1,0,2022-01-03
2022,2,RAWALPINDI CANTT-1,0,2022-01-10
2022,3,RAWALPINDI CANTT-1,0,2022-01-17
2022,4,RAWALPINDI CANTT-1,0,2022-01-24
2022,5,RAWALPINDI CANTT-1,0,2022-01-31
2022,6,RAWALPINDI CANTT-1,0,2022-02-07
2022,7,RAWALPINDI CANTT-1,0,2022-02-14
2022,8,RAWALPINDI CANTT-1,0,2022-02-21
2022,9,RAWALPINDI CANTT-1,0,2022-02-28
2022,10,RAWALPINDI CANTT-1,0,2022-03-07
2022,11,RAWALPINDI CANTT-1,0,2022-03-14
2022,12,RAWALPINDI CANTT-1,0,2022-03-21
2022,13,RAWALPINDI CANTT-1,0,2022-03-28
2022,14,RAWALPINDI CANTT-1,0,2022-04-04
2022,15,RAWALPINDI CANTT-1,0,2022-04-11
2022,16,RAWALPINDI CANTT-1,0,2022-04-18
2022,17,RAWALPINDI CANTT-1,0,2022-04-25
2022,18,RAWALPINDI CANTT-1,0,2022-05-02
2022,19,RAWALPINDI CANTT-1,0,2022-05-09
2022,20,RAWALPINDI CANTT-1,0,2022-05-16
2022,21,RAWALPINDI CANTT-1,0,2022-05-23
2022,22,RAWALPINDI CANTT-1,0,2022-05-30
2022,23,RAWALPINDI CANTT-1,0,2022-06-06
2022,24,RAWALPINDI CANTT-1,0,2022-06-13
2022,25,RAWALPINDI CANTT-1,0,2022-06-20
2022,26,RAWALPINDI CANTT-1,0,2022-06-27
2022,27,RAWALPINDI CANTT-1,0,2022-07-04
2022,28,RAWALPINDI CANTT-1,0,2022-07-11
2022,29,RAWALPINDI CANTT-1,0,2022-07-18
2022,30,RAWALPINDI CANTT-1,0,2022-07-25
2022,31,RAWALPINDI CANTT-1,0,2022-08-01
2022,32,RAWALPINDI CANTT-1,0,2022-08-08
2022,33,RAWALPINDI CANTT-1,0,2022-08-15
2022,34,RAWALPINDI CANTT-1,0,2022-08-22
2022,35,RAWALPINDI CANTT-1,0,2022-08-29
2022,36,RAWALPINDI CANTT-1,0,2022-09-05
2022,37,RAWALPINDI CANTT-1,0,2022-09-12
2022,38,RAWALPINDI CANTT-1,0,2022-09-19
2022,39,RAWALPINDI CANTT-1,0,2022-09-26
2022,40,RAWALPINDI CANTT-1,0,2022-10-03
2022,41,RAWALPINDI CANTT-1,0,2022-10-10
2022,42,RAWALPINDI CANTT-1,0,2022-10-17
2022,43,RAWALPINDI CANTT-1,0,2022-10-24
2022,44,RAWALPINDI CANTT-1,0,2022-10-31
2022,45,RAWALPINDI CANTT-1,0,2022-11-07
2022,46,RAWALPINDI CANTT-1,0,2022-11-14
2022,47,RAWALPINDI CANTT-1,0,2022-11-21
2022,48,RAWALPINDI CANTT-1,0,2022-11-28
2022,49,RAWALPINDI CANTT-1,0,2022-12-05
2022,50,RAWALPINDI CANTT-1,0,2022-12-12
2022,51,RAWALPINDI CANTT-1,0,2022-12-19
2022,52,RAWALPINDI CANTT-1,0,2022-12-26
2023,1,RAWALPINDI CANTT-1,0,2023-01-02
2023,2,RAWALPINDI CANTT-1,0,2023-01-09
2023,3,RAWALPINDI CANTT-1,0,2023-01-16
2023,4,RAWALPINDI CANTT-1,0,2023-01-23
2023,5,RAWALPINDI CANTT-1,0,2023-01-30
2023,6,RAWALPINDI CANTT-1,0,2023-02-06
2023,7,RAWALPINDI CANTT-1,0,2023-02-13
2023,8,RAWALPINDI CANTT-1,0,2023-02-20
2023,9,RAWALPINDI CANTT-1,0,2023-02-27
2023,10,RAWALPINDI CANTT-1,0,2023-03-06
2023,11,RAWALPINDI CANTT-1,0,2023-03-13
2023,12,RAWALPINDI CANTT-1,0,2023-03-20
2023,13,RAWALPINDI CANTT-1,0,2023-03-27
2023,14,RAWALPINDI CANTT-1,0,2023-04-03
2023,15,RAWALPINDI CANTT-1,0,2023-04-10
2023,16,RAWALPINDI CANTT-1,0,2023-04-17
2023,17,RAWALPINDI CANTT-1,0,2023-04-24
2023,18,RAWALPINDI CANTT-1,0,2023-05-01
2023,19,RAWALPINDI CANTT-1,0,2023-05-08
2023,20,RAWALPINDI CANTT-1,0,2023-05-15
2023,21,RAWALPINDI CANTT-1,0,2023-05-22
2023,22,RAWALPINDI CANTT-1,0,2023-05-29
2023,23,RAWALPINDI CANTT-1,0,2023-06-05
2023,24,RAWALPINDI CANTT-1,0,2023-06-12
2023,25,RAWALPINDI CANTT-1,0,2023-06-19
2023,26,RAWALPINDI CANTT-1,0,2023-06-26
2023,27,RAWALPINDI CANTT-1,0,2023-07-03
2023,28,RAWALPINDI CANTT-1,0,2023-07-10
2023,29,RAWALPINDI CANTT-1,0,2023-07-17
2023,30,RAWALPINDI CANTT-1,0,2023-07-24
2023,31,RAWALPINDI CANTT-1,0,2023-07-31
2023,32,RAWALPINDI CANTT-1,0,2023-08-07
2023,33,RAWALPINDI CANTT-1,0,2023-08-14
2023,34,RAWALPINDI CANTT-1,0,2023-08-21
2023,35,RAWALPINDI CANTT-1,0,2023-08-28
2023,36,RAWALPINDI CANTT-1,0,2023-09-04
2023,37,RAWALPINDI CANTT-1,1,2023-09-11
2023,38,RAWALPINDI CANTT-1,0,2023-09-18
2023,39,RAWALPINDI CANTT-1,0,2023-09-25
2023,40,RAWALPINDI CANTT-1,0,2023-10-02
2023,41,RAWALPINDI CANTT-1,0,2023-10-09
2023,42,RAWALPINDI CANTT-1,0,2023-10-16
2023,43,RAWALPINDI CANTT-1,0,2023-10-23
2023,44,RAWALPINDI CANTT-1,0,2023-10-30
2023,45,RAWALPINDI CANTT-1,0,2023-11-06
2023,46,RAWALPINDI CANTT-1,0,2023-11-13
2023,47,RAWALPINDI CANTT-1,0,2023-11-20
2023,48,RAWALPINDI CANTT-1,0,2023-11-27
2023,49,RAWALPINDI CANTT-1,0,2023-12-04
2023,50,RAWALPINDI CANTT-1,0,2023-12-11
2023,51,RAWALPINDI CANTT-1,0,2023-12-18
2023,52,RAWALPINDI CANTT-1,0,2023-12-25
2024,1,RAWALPINDI CANTT-1,0,2024-01-01
2024,2,RAWALPINDI CANTT-1,0,2024-01-08
2024,3,RAWALPINDI CANTT-1,0,2024-01-15
2024,4,RAWALPINDI CANTT-1,0,2024-01-22
2024,5,RAWALPINDI CANTT-1,0,2024-01-29
2024,6,RAWALPINDI CANTT-1,0,2024-02-05
2024,7,RAWALPINDI CANTT-1,0,2024-02-12
2024,8,RAWALPINDI CANTT-1,0,2024-02-19
2024,9,RAWALPINDI CANTT-1,0,2024-02-26
2024,10,RAWALPINDI CANTT-1,0,2024-03-04
2024,11,RAWALPINDI CANTT-1,0,2024-03-11
2024,12,RAWALPINDI CANTT-1,0,2024-03-18
2024,13,RAWALPINDI CANTT-1,0,2024-03-25
2024,14,RAWALPINDI CANTT-1,0,2024-04-01
2024,15,RAWALPINDI CANTT-1,0,2024-04-08
2024,16,RAWALPINDI CANTT-1,0,2024-04-15
2024,17,RAWALPINDI CANTT-1,0,2024-04-22
2024,18,RAWALPINDI CANTT-1,0,2024-04-29
2024,19,RAWALPINDI CANTT-1,0,2024-05-06
2024,20,RAWALPINDI CANTT-1,0,2024-05-13
2024,21,RAWALPINDI CANTT-1,0,2024-05-20
2024,22,RAWALPINDI CANTT-1,0,2024-05-27
2024,23,RAWALPINDI CANTT-1,0,2024-06-03
2024,24,RAWALPINDI CANTT-1,0,2024-06-10
2024,25,RAWALPINDI CANTT-1,0,2024-06-17
2024,26,RAWALPINDI CANTT-1,0,2024-06-24
2024,27,RAWALPINDI CANTT-1,0,2024-07-01
2024,28,RAWALPINDI CANTT-1,0,2024-07-08
2024,29,RAWALPINDI CANTT-1,0,2024-07-15
2024,30,RAWALPINDI CANTT-1,0,2024-07-22
2024,31,RAWALPINDI CANTT-1,0,2024-07-29
2024,32,RAWALPINDI CANTT-1,0,2024-08-05
2024,33,RAWALPINDI CANTT-1,0,2024-08-12
2024,34,RAWALPINDI CANTT-1,0,2024-08-19
2024,35,RAWALPINDI CANTT-1,0,2024-08-26
2024,36,RAWALPINDI CANTT-1,0,2024-09-02
2024,37,RAWALPINDI CANTT-1,0,2024-09-09
2024,38,RAWALPINDI CANTT-1,0,2024-09-16
2024,39,RAWALPINDI CANTT-1,1,2024-09-23
2024,40,RAWALPINDI CANTT-1,0,2024-09-30
2024,41,RAWALPINDI CANTT-1,0,2024-10-07
2024,42,RAWALPINDI CANTT-1,0,2024-10-14
2024,43,RAWALPINDI CANTT-1,1,2024-10-21
2024,44,RAWALPINDI CANTT-1,0,2024-10-28
2024,45,RAWALPINDI CANTT-1,0,2024-11-04
2024,46,RAWALPINDI CANTT-1,0,2024-11-11
2024,47,RAWALPINDI CANTT-1,0,2024-11-18
2024,48,RAWALPINDI CANTT-1,0,2024-11-25
2024,49,RAWALPINDI CANTT-1,0,2024-12-02
2024,50,RAWALPINDI CANTT-1,0,2024-12-09
2024,51,RAWALPINDI CANTT-1,0,2024-12-16
2024,52,RAWALPINDI CANTT-1,0,2024-12-23
2021,1,RAWALPINDI CANTT-2,0,2021-01-04
2021,2,RAWALPINDI CANTT-2,0,2021-01-11
2021,3,RAWALPINDI CANTT-2,0,2021-01-18
2021,4,RAWALPINDI CANTT-2,0,2021-01-25
2021,5,RAWALPINDI CANTT-2,0,2021-02-01
2021,6,RAWALPINDI CANTT-2,0,2021-02-08
2021,7,RAWALPINDI CANTT-2,0,2021-02-15
2021,8,RAWALPINDI CANTT-2,0,2021-02-22
2021,9,RAWALPINDI CANTT-2,0,2021-03-01
2021,10,RAWALPINDI CANTT-2,0,2021-03-08
2021,11,RAWALPINDI CANTT-2,0,2021-03-15
2021,12,RAWALPINDI CANTT-2,0,2021-03-22
2021,13,RAWALPINDI CANTT-2,0,2021-03-29
2021,14,RAWALPINDI CANTT-2,0,2021-04-05
2021,15,RAWALPINDI CANTT-2,0,2021-04-12
2021,16,RAWALPINDI CANTT-2,0,2021-04-19
2021,17,RAWALPINDI CANTT-2,0,2021-04-26
2021,18,RAWALPINDI CANTT-2,0,2021-05-03
2021,19,RAWALPINDI CANTT-2,0,2021-05-10
2021,20,RAWALPINDI CANTT-2,0,2021-05-17
2021,21,RAWALPINDI CANTT-2,0,2021-05-24
2021,22,RAWALPINDI CANTT-2,0,2021-05-31
2021,23,RAWALPINDI CANTT-2,0,2021-06-07
2021,24,RAWALPINDI CANTT-2,0,2021-06-14
2021,25,RAWALPINDI CANTT-2,0,2021-06-21
2021,26,RAWALPINDI CANTT-2,0,2021-06-28
2021,27,RAWALPINDI CANTT-2,0,2021-07-05
2021,28,RAWALPINDI CANTT-2,0,2021-07-12
2021,29,RAWALPINDI CANTT-2,0,2021-07-19
2021,30,RAWALPINDI CANTT-2,0,2021-07-26
2021,31,RAWALPINDI CANTT-2,0,2021-08-02
2021,32,RAWALPINDI CANTT-2,0,2021-08-09
2021,33,RAWALPINDI CANTT-2,0,2021-08-16
2021,34,RAWALPINDI CANTT-2,0,2021-08-23
2021,35,RAWALPINDI CANTT-2,0,2021-08-30
2021,36,RAWALPINDI CANTT-2,0,2021-09-06
2021,37,RAWALPINDI CANTT-2,0,2021-09-13
2021,38,RAWALPINDI CANTT-2,0,2021-09-20
2021,39,RAWALPINDI CANTT-2,2,2021-09-27
2021,40,RAWALPINDI CANTT-2,1,2021-10-04
2021,41,RAWALPINDI CANTT-2,0,2021-10-11
2021,42,RAWALPINDI CANTT-2,1,2021-10-18
2021,43,RAWALPINDI CANTT-2,1,2021-10-25
2021,44,RAWALPINDI CANTT-2,0,2021-11-01
2021,45,RAWALPINDI CANTT-2,1,2021-11-08
2021,46,RAWALPINDI CANTT-2,0,2021-11-15
2021,47,RAWALPINDI CANTT-2,0,2021-11-22
2021,48,RAWALPINDI CANTT-2,0,2021-11-29
2021,49,RAWALPINDI CANTT-2,0,2021-12-06
2021,50,RAWALPINDI CANTT-2,0,2021-12-13
2021,51,RAWALPINDI CANTT-2,0,2021-12-20
2021,52,RAWALPINDI CANTT-2,0,2021-12-27
2022,1,RAWALPINDI CANTT-2,0,2022-01-03
2022,2,RAWALPINDI CANTT-2,0,2022-01-10
2022,3,RAWALPINDI CANTT-2,0,2022-01-17
2022,4,RAWALPINDI CANTT-2,0,2022-01-24
2022,5,RAWALPINDI CANTT-2,0,2022-01-31
2022,6,RAWALPINDI CANTT-2,0,2022-02-07
2022,7,RAWALPINDI CANTT-2,0,2022-02-14
2022,8,RAWALPINDI CANTT-2,0,2022-02-21
2022,9,RAWALPINDI CANTT-2,0,2022-02-28
2022,10,RAWALPINDI CANTT-2,0,2022-03-07
2022,11,RAWALPINDI CANTT-2,0,2022-03-14
2022,12,RAWALPINDI CANTT-2,0,2022-03-21
2022,13,RAWALPINDI CANTT-2,0,2022-03-28
2022,14,RAWALPINDI CANTT-2,0,2022-04-04
2022,15,RAWALPINDI CANTT-2,0,2022-04-11
2022,16,RAWALPINDI CANTT-2,0,2022-04-18
2022,17,RAWALPINDI CANTT-2,0,2022-04-25
2022,18,RAWALPINDI CANTT-2,0,2022-05-02
2022,19,RAWALPINDI CANTT-2,0,2022-05-09
2022,20,RAWALPINDI CANTT-2,0,2022-05-16
2022,21,RAWALPINDI CANTT-2,0,2022-05-23
2022,22,RAWALPINDI CANTT-2,0,2022-05-30
2022,23,RAWALPINDI CANTT-2,0,2022-06-06
2022,24,RAWALPINDI CANTT-2,0,2022-06-13
2022,25,RAWALPINDI CANTT-2,0,2022-06-20
2022,26,RAWALPINDI CANTT-2,0,2022-06-27
2022,27,RAWALPINDI CANTT-2,0,2022-07-04
2022,28,RAWALPINDI CANTT-2,0,2022-07-11
2022,29,RAWALPINDI CANTT-2,0,2022-07-18
2022,30,RAWALPINDI CANTT-2,0,2022-07-25
2022,31,RAWALPINDI CANTT-2,0,2022-08-01
2022,32,RAWALPINDI CANTT-2,0,2022-08-08
2022,33,RAWALPINDI CANTT-2,0,2022-08-15
2022,34,RAWALPINDI CANTT-2,1,2022-08-22
2022,35,RAWALPINDI CANTT-2,0,2022-08-29
2022,36,RAWALPINDI CANTT-2,0,2022-09-05
2022,37,RAWALPINDI CANTT-2,0,2022-09-12
2022,38,RAWALPINDI CANTT-2,1,2022-09-19
2022,39,RAWALPINDI CANTT-2,0,2022-09-26
2022,40,RAWALPINDI CANTT-2,1,2022-10-03
2022,41,RAWALPINDI CANTT-2,1,2022-10-10
2022,42,RAWALPINDI CANTT-2,0,2022-10-17
2022,43,RAWALPINDI CANTT-2,0,2022-10-24
2022,44,RAWALPINDI CANTT-2,1,2022-10-31
2022,45,RAWALPINDI CANTT-2,0,2022-11-07
2022,46,RAWALPINDI CANTT-2,0,2022-11-14
2022,47,RAWALPINDI CANTT-2,0,2022-11-21
2022,48,RAWALPINDI CANTT-2,0,2022-11-28
2022,49,RAWALPINDI CANTT-2,0,2022-12-05
2022,50,RAWALPINDI CANTT-2,1,2022-12-12
2022,51,RAWALPINDI CANTT-2,0,2022-12-19
2022,52,RAWALPINDI CANTT-2,0,2022-12-26
2023,1,RAWALPINDI CANTT-2,0,2023-01-02
2023,2,RAWALPINDI CANTT-2,0,2023-01-09
2023,3,RAWALPINDI CANTT-2,0,2023-01-16
2023,4,RAWALPINDI CANTT-2,0,2023-01-23
2023,5,RAWALPINDI CANTT-2,0,2023-01-30
2023,6,RAWALPINDI CANTT-2,0,2023-02-06
2023,7,RAWALPINDI CANTT-2,0,2023-02-13
2023,8,RAWALPINDI CANTT-2,0,2023-02-20
2023,9,RAWALPINDI CANTT-2,0,2023-02-27
2023,10,RAWALPINDI CANTT-2,0,2023-03-06
2023,11,RAWALPINDI CANTT-2,0,2023-03-13
2023,12,RAWALPINDI CANTT-2,0,2023-03-20
2023,13,RAWALPINDI CANTT-2,0,2023-03-27
2023,14,RAWALPINDI CANTT-2,0,2023-04-03
2023,15,RAWALPINDI CANTT-2,0,2023-04-10
2023,16,RAWALPINDI CANTT-2,0,2023-04-17
2023,17,RAWALPINDI CANTT-2,0,2023-04-24
2023,18,RAWALPINDI CANTT-2,0,2023-05-01
2023,19,RAWALPINDI CANTT-2,0,2023-05-08
2023,20,RAWALPINDI CANTT-2,0,2023-05-15
2023,21,RAWALPINDI CANTT-2,0,2023-05-22
2023,22,RAWALPINDI CANTT-2,0,2023-05-29
2023,23,RAWALPINDI CANTT-2,0,2023-06-05
2023,24,RAWALPINDI CANTT-2,0,2023-06-12
2023,25,RAWALPINDI CANTT-2,0,2023-06-19
2023,26,RAWALPINDI CANTT-2,0,2023-06-26
2023,27,RAWALPINDI CANTT-2,0,2023-07-03
2023,28,RAWALPINDI CANTT-2,0,2023-07-10
2023,29,RAWALPINDI CANTT-2,0,2023-07-17
2023,30,RAWALPINDI CANTT-2,0,2023-07-24
2023,31,RAWALPINDI CANTT-2,0,2023-07-31
2023,32,RAWALPINDI CANTT-2,0,2023-08-07
2023,33,RAWALPINDI CANTT-2,0,2023-08-14
2023,34,RAWALPINDI CANTT-2,0,2023-08-21
2023,35,RAWALPINDI CANTT-2,0,2023-08-28
2023,36,RAWALPINDI CANTT-2,0,2023-09-04
2023,37,RAWALPINDI CANTT-2,0,2023-09-11
2023,38,RAWALPINDI CANTT-2,0,2023-09-18
2023,39,RAWALPINDI CANTT-2,0,2023-09-25
2023,40,RAWALPINDI CANTT-2,0,2023-10-02
2023,41,RAWALPINDI CANTT-2,0,2023-10-09
2023,42,RAWALPINDI CANTT-2,0,2023-10-16
2023,43,RAWALPINDI CANTT-2,0,2023-10-23
2023,44,RAWALPINDI CANTT-2,0,2023-10-30
2023,45,RAWALPINDI CANTT-2,0,2023-11-06
2023,46,RAWALPINDI CANTT-2,0,2023-11-13
2023,47,RAWALPINDI CANTT-2,0,2023-11-20
2023,48,RAWALPINDI CANTT-2,0,2023-11-27
2023,49,RAWALPINDI CANTT-2,0,2023-12-04
2023,50,RAWALPINDI CANTT-2,0,2023-12-11
2023,51,RAWALPINDI CANTT-2,0,2023-12-18
2023,52,RAWALPINDI CANTT-2,0,2023-12-25
2024,1,RAWALPINDI CANTT-2,0,2024-01-01
2024,2,RAWALPINDI CANTT-2,0,2024-01-08
2024,3,RAWALPINDI CANTT-2,0,2024-01-15
2024,4,RAWALPINDI CANTT-2,0,2024-01-22
2024,5,RAWALPINDI CANTT-2,0,2024-01-29
2024,6,RAWALPINDI CANTT-2,0,2024-02-05
2024,7,RAWALPINDI CANTT-2,0,2024-02-12
2024,8,RAWALPINDI CANTT-2,0,2024-02-19
2024,9,RAWALPINDI CANTT-2,0,2024-02-26
2024,10,RAWALPINDI CANTT-2,0,2024-03-04
2024,11,RAWALPINDI CANTT-2,0,2024-03-11
2024,12,RAWALPINDI CANTT-2,0,2024-03-18
2024,13,RAWALPINDI CANTT-2,0,2024-03-25
2024,14,RAWALPINDI CANTT-2,0,2024-04-01
2024,15,RAWALPINDI CANTT-2,0,2024-04-08
2024,16,RAWALPINDI CANTT-2,0,2024-04-15
2024,17,RAWALPINDI CANTT-2,0,2024-04-22
2024,18,RAWALPINDI CANTT-2,0,2024-04-29
2024,19,RAWALPINDI CANTT-2,0,2024-05-06
2024,20,RAWALPINDI CANTT-2,0,2024-05-13
2024,21,RAWALPINDI CANTT-2,0,2024-05-20
2024,22,RAWALPINDI CANTT-2,0,2024-05-27
2024,23,RAWALPINDI CANTT-2,0,2024-06-03
2024,24,RAWALPINDI CANTT-2,0,2024-06-10
2024,25,RAWALPINDI CANTT-2,0,2024-06-17
2024,26,RAWALPINDI CANTT-2,0,2024-06-24
2024,27,RAWALPINDI CANTT-2,0,2024-07-01
2024,28,RAWALPINDI CANTT-2,0,2024-07-08
2024,29,RAWALPINDI CANTT-2,0,2024-07-15
2024,30,RAWALPINDI CANTT-2,0,2024-07-22
2024,31,RAWALPINDI CANTT-2,0,2024-07-29
2024,32,RAWALPINDI CANTT-2,0,2024-08-05
2024,33,RAWALPINDI CANTT-2,0,2024-08-12
2024,34,RAWALPINDI CANTT-2,0,2024-08-19
2024,35,RAWALPINDI CANTT-2,0,2024-08-26
2024,36,RAWALPINDI CANTT-2,0,2024-09-02
2024,37,RAWALPINDI CANTT-2,0,2024-09-09
2024,38,RAWALPINDI CANTT-2,0,2024-09-16
2024,39,RAWALPINDI CANTT-2,0,2024-09-23
2024,40,RAWALPINDI CANTT-2,0,2024-09-30
2024,41,RAWALPINDI CANTT-2,1,2024-10-07
2024,42,RAWALPINDI CANTT-2,0,2024-10-14
2024,43,RAWALPINDI CANTT-2,0,2024-10-21
2024,44,RAWALPINDI CANTT-2,3,2024-10-28
2024,45,RAWALPINDI CANTT-2,1,2024-11-04
2024,46,RAWALPINDI CANTT-2,0,2024-11-11
2024,47,RAWALPINDI CANTT-2,0,2024-11-18
2024,48,RAWALPINDI CANTT-2,0,2024-11-25
2024,49,RAWALPINDI CANTT-2,0,2024-12-02
2024,50,RAWALPINDI CANTT-2,0,2024-12-09
2024,51,RAWALPINDI CANTT-2,0,2024-12-16
2024,52,RAWALPINDI CANTT-2,0,2024-12-23
2021,1,RAWALPINDI CANTT-3,0,2021-01-04
2021,2,RAWALPINDI CANTT-3,0,2021-01-11
2021,3,RAWALPINDI CANTT-3,0,2021-01-18
2021,4,RAWALPINDI CANTT-3,0,2021-01-25
2021,5,RAWALPINDI CANTT-3,0,2021-02-01
2021,6,RAWALPINDI CANTT-3,0,2021-02-08
2021,7,RAWALPINDI CANTT-3,0,2021-02-15
2021,8,RAWALPINDI CANTT-3,0,2021-02-22
2021,9,RAWALPINDI CANTT-3,0,2021-03-01
2021,10,RAWALPINDI CANTT-3,0,2021-03-08
2021,11,RAWALPINDI CANTT-3,0,2021-03-15
2021,12,RAWALPINDI CANTT-3,0,2021-03-22
2021,13,RAWALPINDI CANTT-3,0,2021-03-29
2021,14,RAWALPINDI CANTT-3,0,2021-04-05
2021,15,RAWALPINDI CANTT-3,0,2021-04-12
2021,16,RAWALPINDI CANTT-3,0,2021-04-19
2021,17,RAWALPINDI CANTT-3,0,2021-04-26
2021,18,RAWALPINDI CANTT-3,0,2021-05-03
2021,19,RAWALPINDI CANTT-3,0,2021-05-10
2021,20,RAWALPINDI CANTT-3,0,2021-05-17
2021,21,RAWALPINDI CANTT-3,0,2021-05-24
2021,22,RAWALPINDI CANTT-3,0,2021-05-31
2021,23,RAWALPINDI CANTT-3,0,2021-06-07
2021,24,RAWALPINDI CANTT-3,0,2021-06-14
2021,25,RAWALPINDI CANTT-3,0,2021-06-21
2021,26,RAWALPINDI CANTT-3,0,2021-06-28
2021,27,RAWALPINDI CANTT-3,0,2021-07-05
2021,28,RAWALPINDI CANTT-3,0,2021-07-12
2021,29,RAWALPINDI CANTT-3,0,2021-07-19
2021,30,RAWALPINDI CANTT-3,0,2021-07-26
2021,31,RAWALPINDI CANTT-3,0,2021-08-02
2021,32,RAWALPINDI CANTT-3,0,2021-08-09
2021,33,RAWALPINDI CANTT-3,0,2021-08-16
2021,34,RAWALPINDI CANTT-3,0,2021-08-23
2021,35,RAWALPINDI CANTT-3,0,2021-08-30
2021,36,RAWALPINDI CANTT-3,0,2021-09-06
2021,37,RAWALPINDI CANTT-3,0,2021-09-13
2021,38,RAWALPINDI CANTT-3,1,2021-09-20
2021,39,RAWALPINDI CANTT-3,1,2021-09-27
2021,40,RAWALPINDI CANTT-3,0,2021-10-04
2021,41,RAWALPINDI CANTT-3,0,2021-10-11
2021,42,RAWALPINDI CANTT-3,2,2021-10-18
2021,43,RAWALPINDI CANTT-3,1,2021-10-25
2021,44,RAWALPINDI CANTT-3,1,2021-11-01
2021,45,RAWALPINDI CANTT-3,2,2021-11-08
2021,46,RAWALPINDI CANTT-3,1,2021-11-15
2021,47,RAWALPINDI CANTT-3,0,2021-11-22
2021,48,RAWALPINDI CANTT-3,0,2021-11-29
2021,49,RAWALPINDI CANTT-3,0,2021-12-06
2021,50,RAWALPINDI CANTT-3,0,2021-12-13
2021,51,RAWALPINDI CANTT-3,0,2021-12-20
2021,52,RAWALPINDI CANTT-3,0,2021-12-27
2022,1,RAWALPINDI CANTT-3,0,2022-01-03
2022,2,RAWALPINDI CANTT-3,0,2022-01-10
2022,3,RAWALPINDI CANTT-3,0,2022-01-17
2022,4,RAWALPINDI CANTT-3,0,2022-01-24
2022,5,RAWALPINDI CANTT-3,0,2022-01-31
2022,6,RAWALPINDI CANTT-3,0,2022-02-07
2022,7,RAWALPINDI CANTT-3,0,2022-02-14
2022,8,RAWALPINDI CANTT-3,0,2022-02-21
2022,9,RAWALPINDI CANTT-3,0,2022-02-28
2022,10,RAWALPINDI CANTT-3,0,2022-03-07
2022,11,RAWALPINDI CANTT-3,0,2022-03-14
2022,12,RAWALPINDI CANTT-3,0,2022-03-21
2022,13,RAWALPINDI CANTT-3,0,2022-03-28
2022,14,RAWALPINDI CANTT-3,0,2022-04-04
2022,15,RAWALPINDI CANTT-3,0,2022-04-11
2022,16,RAWALPINDI CANTT-3,0,2022-04-18
2022,17,RAWALPINDI CANTT-3,0,2022-04-25
2022,18,RAWALPINDI CANTT-3,0,2022-05-02
2022,19,RAWALPINDI CANTT-3,0,2022-05-09
2022,20,RAWALPINDI CANTT-3,0,2022-05-16
2022,21,RAWALPINDI CANTT-3,0,2022-05-23
2022,22,RAWALPINDI CANTT-3,0,2022-05-30
2022,23,RAWALPINDI CANTT-3,0,2022-06-06
2022,24,RAWALPINDI CANTT-3,0,2022-06-13
2022,25,RAWALPINDI CANTT-3,0,2022-06-20
2022,26,RAWALPINDI CANTT-3,0,2022-06-27
2022,27,RAWALPINDI CANTT-3,0,2022-07-04
2022,28,RAWALPINDI CANTT-3,0,2022-07-11
2022,29,RAWALPINDI CANTT-3,0,2022-07-18
2022,30,RAWALPINDI CANTT-3,1,2022-07-25
2022,31,RAWALPINDI CANTT-3,0,2022-08-01
2022,32,RAWALPINDI CANTT-3,0,2022-08-08
2022,33,RAWALPINDI CANTT-3,0,2022-08-15
2022,34,RAWALPINDI CANTT-3,1,2022-08-22
2022,35,RAWALPINDI CANTT-3,0,2022-08-29
2022,36,RAWALPINDI CANTT-3,4,2022-09-05
2022,37,RAWALPINDI CANTT-3,1,2022-09-12
2022,38,RAWALPINDI CANTT-3,1,2022-09-19
2022,39,RAWALPINDI CANTT-3,0,2022-09-26
2022,40,RAWALPINDI CANTT-3,1,2022-10-03
2022,41,RAWALPINDI CANTT-3,4,2022-10-10
2022,42,RAWALPINDI CANTT-3,1,2022-10-17
2022,43,RAWALPINDI CANTT-3,0,2022-10-24
2022,44,RAWALPINDI CANTT-3,0,2022-10-31
2022,45,RAWALPINDI CANTT-3,0,2022-11-07
2022,46,RAWALPINDI CANTT-3,0,2022-11-14
2022,47,RAWALPINDI CANTT-3,0,2022-11-21
2022,48,RAWALPINDI CANTT-3,0,2022-11-28
2022,49,RAWALPINDI CANTT-3,0,2022-12-05
2022,50,RAWALPINDI CANTT-3,0,2022-12-12
2022,51,RAWALPINDI CANTT-3,0,2022-12-19
2022,52,RAWALPINDI CANTT-3,0,2022-12-26
2023,1,RAWALPINDI CANTT-3,0,2023-01-02
2023,2,RAWALPINDI CANTT-3,0,2023-01-09
2023,3,RAWALPINDI CANTT-3,0,2023-01-16
2023,4,RAWALPINDI CANTT-3,0,2023-01-23
2023,5,RAWALPINDI CANTT-3,0,2023-01-30
2023,6,RAWALPINDI CANTT-3,0,2023-02-06
2023,7,RAWALPINDI CANTT-3,0,2023-02-13
2023,8,RAWALPINDI CANTT-3,0,2023-02-20
2023,9,RAWALPINDI CANTT-3,0,2023-02-27
2023,10,RAWALPINDI CANTT-3,0,2023-03-06
2023,11,RAWALPINDI CANTT-3,0,2023-03-13
2023,12,RAWALPINDI CANTT-3,0,2023-03-20
2023,13,RAWALPINDI CANTT-3,0,2023-03-27
2023,14,RAWALPINDI CANTT-3,0,2023-04-03
2023,15,RAWALPINDI CANTT-3,0,2023-04-10
2023,16,RAWALPINDI CANTT-3,0,2023-04-17
2023,17,RAWALPINDI CANTT-3,0,2023-04-24
2023,18,RAWALPINDI CANTT-3,0,2023-05-01
2023,19,RAWALPINDI CANTT-3,0,2023-05-08
2023,20,RAWALPINDI CANTT-3,0,2023-05-15
2023,21,RAWALPINDI CANTT-3,0,2023-05-22
2023,22,RAWALPINDI CANTT-3,0,2023-05-29
2023,23,RAWALPINDI CANTT-3,0,2023-06-05
2023,24,RAWALPINDI CANTT-3,0,2023-06-12
2023,25,RAWALPINDI CANTT-3,0,2023-06-19
2023,26,RAWALPINDI CANTT-3,0,2023-06-26
2023,27,RAWALPINDI CANTT-3,0,2023-07-03
2023,28,RAWALPINDI CANTT-3,0,2023-07-10
2023,29,RAWALPINDI CANTT-3,0,2023-07-17
2023,30,RAWALPINDI CANTT-3,0,2023-07-24
2023,31,RAWALPINDI CANTT-3,0,2023-07-31
2023,32,RAWALPINDI CANTT-3,0,2023-08-07
2023,33,RAWALPINDI CANTT-3,0,2023-08-14
2023,34,RAWALPINDI CANTT-3,2,2023-08-21
2023,35,RAWALPINDI CANTT-3,0,2023-08-28
2023,36,RAWALPINDI CANTT-3,0,2023-09-04
2023,37,RAWALPINDI CANTT-3,0,2023-09-11
2023,38,RAWALPINDI CANTT-3,0,2023-09-18
2023,39,RAWALPINDI CANTT-3,0,2023-09-25
2023,40,RAWALPINDI CANTT-3,0,2023-10-02
2023,41,RAWALPINDI CANTT-3,0,2023-10-09
2023,42,RAWALPINDI CANTT-3,0,2023-10-16
2023,43,RAWALPINDI CANTT-3,0,2023-10-23
2023,44,RAWALPINDI CANTT-3,0,2023-10-30
2023,45,RAWALPINDI CANTT-3,0,2023-11-06
2023,46,RAWALPINDI CANTT-3,0,2023-11-13
2023,47,RAWALPINDI CANTT-3,0,2023-11-20
2023,48,RAWALPINDI CANTT-3,0,2023-11-27
2023,49,RAWALPINDI CANTT-3,0,2023-12-04
2023,50,RAWALPINDI CANTT-3,0,2023-12-11
2023,51,RAWALPINDI CANTT-3,0,2023-12-18
2023,52,RAWALPINDI CANTT-3,0,2023-12-25
2024,1,RAWALPINDI CANTT-3,0,2024-01-01
2024,2,RAWALPINDI CANTT-3,0,2024-01-08
2024,3,RAWALPINDI CANTT-3,0,2024-01-15
2024,4,RAWALPINDI CANTT-3,0,2024-01-22
2024,5,RAWALPINDI CANTT-3,0,2024-01-29
2024,6,RAWALPINDI CANTT-3,0,2024-02-05
2024,7,RAWALPINDI CANTT-3,0,2024-02-12
2024,8,RAWALPINDI CANTT-3,0,2024-02-19
2024,9,RAWALPINDI CANTT-3,0,2024-02-26
2024,10,RAWALPINDI CANTT-3,0,2024-03-04
2024,11,RAWALPINDI CANTT-3,0,2024-03-11
2024,12,RAWALPINDI CANTT-3,0,2024-03-18
2024,13,RAWALPINDI CANTT-3,0,2024-03-25
2024,14,RAWALPINDI CANTT-3,0,2024-04-01
2024,15,RAWALPINDI CANTT-3,0,2024-04-08
2024,16,RAWALPINDI CANTT-3,0,2024-04-15
2024,17,RAWALPINDI CANTT-3,0,2024-04-22
2024,18,RAWALPINDI CANTT-3,0,2024-04-29
2024,19,RAWALPINDI CANTT-3,0,2024-05-06
2024,20,RAWALPINDI CANTT-3,0,2024-05-13
2024,21,RAWALPINDI CANTT-3,0,2024-05-20
2024,22,RAWALPINDI CANTT-3,0,2024-05-27
2024,23,RAWALPINDI CANTT-3,0,2024-06-03
2024,24,RAWALPINDI CANTT-3,1,2024-06-10
2024,25,RAWALPINDI CANTT-3,0,2024-06-17
2024,26,RAWALPINDI CANTT-3,0,2024-06-24
2024,27,RAWALPINDI CANTT-3,0,2024-07-01
2024,28,RAWALPINDI CANTT-3,0,2024-07-08
2024,29,RAWALPINDI CANTT-3,0,2024-07-15
2024,30,RAWALPINDI CANTT-3,0,2024-07-22
2024,31,RAWALPINDI CANTT-3,0,2024-07-29
2024,32,RAWALPINDI CANTT-3,0,2024-08-05
2024,33,RAWALPINDI CANTT-3,0,2024-08-12
2024,34,RAWALPINDI CANTT-3,0,2024-08-19
2024,35,RAWALPINDI CANTT-3,0,2024-08-26
2024,36,RAWALPINDI CANTT-3,1,2024-09-02
2024,37,RAWALPINDI CANTT-3,0,2024-09-09
2024,38,RAWALPINDI CANTT-3,2,2024-09-16
2024,39,RAWALPINDI CANTT-3,0,2024-09-23
2024,40,RAWALPINDI CANTT-3,3,2024-09-30
2024,41,RAWALPINDI CANTT-3,2,2024-10-07
2024,42,RAWALPINDI CANTT-3,1,2024-10-14
2024,43,RAWALPINDI CANTT-3,2,2024-10-21
2024,44,RAWALPINDI CANTT-3,0,2024-10-28
2024,45,RAWALPINDI CANTT-3,1,2024-11-04
2024,46,RAWALPINDI CANTT-3,1,2024-11-11
2024,47,RAWALPINDI CANTT-3,0,2024-11-18
2024,48,RAWALPINDI CANTT-3,0,2024-11-25
2024,49,RAWALPINDI CANTT-3,0,2024-12-02
2024,50,RAWALPINDI CANTT-3,0,2024-12-09
2024,51,RAWALPINDI CANTT-3,0,2024-12-16
2024,52,RAWALPINDI CANTT-3,0,2024-12-23
2021,1,RAWALPINDI CANTT-8,0,2021-01-04
2021,2,RAWALPINDI CANTT-8,0,2021-01-11
2021,3,RAWALPINDI CANTT-8,0,2021-01-18
2021,4,RAWALPINDI CANTT-8,0,2021-01-25
2021,5,RAWALPINDI CANTT-8,0,2021-02-01
2021,6,RAWALPINDI CANTT-8,0,2021-02-08
2021,7,RAWALPINDI CANTT-8,0,2021-02-15
2021,8,RAWALPINDI CANTT-8,0,2021-02-22
2021,9,RAWALPINDI CANTT-8,0,2021-03-01
2021,10,RAWALPINDI CANTT-8,0,2021-03-08
2021,11,RAWALPINDI CANTT-8,0,2021-03-15
2021,12,RAWALPINDI CANTT-8,0,2021-03-22
2021,13,RAWALPINDI CANTT-8,0,2021-03-29
2021,14,RAWALPINDI CANTT-8,0,2021-04-05
2021,15,RAWALPINDI CANTT-8,0,2021-04-12
2021,16,RAWALPINDI CANTT-8,0,2021-04-19
2021,17,RAWALPINDI CANTT-8,0,2021-04-26
2021,18,RAWALPINDI CANTT-8,0,2021-05-03
2021,19,RAWALPINDI CANTT-8,0,2021-05-10
2021,20,RAWALPINDI CANTT-8,0,2021-05-17
2021,21,RAWALPINDI CANTT-8,0,2021-05-24
2021,22,RAWALPINDI CANTT-8,0,2021-05-31
2021,23,RAWALPINDI CANTT-8,0,2021-06-07
2021,24,RAWALPINDI CANTT-8,0,2021-06-14
2021,25,RAWALPINDI CANTT-8,0,2021-06-21
2021,26,RAWALPINDI CANTT-8,0,2021-06-28
2021,27,RAWALPINDI CANTT-8,0,2021-07-05
2021,28,RAWALPINDI CANTT-8,0,2021-07-12
2021,29,RAWALPINDI CANTT-8,0,2021-07-19
2021,30,RAWALPINDI CANTT-8,0,2021-07-26
2021,31,RAWALPINDI CANTT-8,0,2021-08-02
2021,32,RAWALPINDI CANTT-8,0,2021-08-09
2021,33,RAWALPINDI CANTT-8,0,2021-08-16
2021,34,RAWALPINDI CANTT-8,0,2021-08-23
2021,35,RAWALPINDI CANTT-8,0,2021-08-30
2021,36,RAWALPINDI CANTT-8,0,2021-09-06
2021,37,RAWALPINDI CANTT-8,0,2021-09-13
2021,38,RAWALPINDI CANTT-8,0,2021-09-20
2021,39,RAWALPINDI CANTT-8,1,2021-09-27
2021,40,RAWALPINDI CANTT-8,1,2021-10-04
2021,41,RAWALPINDI CANTT-8,2,2021-10-11
2021,42,RAWALPINDI CANTT-8,0,2021-10-18
2021,43,RAWALPINDI CANTT-8,0,2021-10-25
2021,44,RAWALPINDI CANTT-8,2,2021-11-01
2021,45,RAWALPINDI CANTT-8,1,2021-11-08
2021,46,RAWALPINDI CANTT-8,0,2021-11-15
2021,47,RAWALPINDI CANTT-8,0,2021-11-22
2021,48,RAWALPINDI CANTT-8,0,2021-11-29
2021,49,RAWALPINDI CANTT-8,0,2021-12-06
2021,50,RAWALPINDI CANTT-8,0,2021-12-13
2021,51,RAWALPINDI CANTT-8,0,2021-12-20
2021,52,RAWALPINDI CANTT-8,0,2021-12-27
2022,1,RAWALPINDI CANTT-8,0,2022-01-03
2022,2,RAWALPINDI CANTT-8,0,2022-01-10
2022,3,RAWALPINDI CANTT-8,0,2022-01-17
2022,4,RAWALPINDI CANTT-8,0,2022-01-24
2022,5,RAWALPINDI CANTT-8,0,2022-01-31
2022,6,RAWALPINDI CANTT-8,0,2022-02-07
2022,7,RAWALPINDI CANTT-8,0,2022-02-14
2022,8,RAWALPINDI CANTT-8,0,2022-02-21
2022,9,RAWALPINDI CANTT-8,0,2022-02-28
2022,10,RAWALPINDI CANTT-8,0,2022-03-07
2022,11,RAWALPINDI CANTT-8,0,2022-03-14
2022,12,RAWALPINDI CANTT-8,0,2022-03-21
2022,13,RAWALPINDI CANTT-8,0,2022-03-28
2022,14,RAWALPINDI CANTT-8,0,2022-04-04
2022,15,RAWALPINDI CANTT-8,0,2022-04-11
2022,16,RAWALPINDI CANTT-8,0,2022-04-18
2022,17,RAWALPINDI CANTT-8,0,2022-04-25
2022,18,RAWALPINDI CANTT-8,0,2022-05-02
2022,19,RAWALPINDI CANTT-8,0,2022-05-09
2022,20,RAWALPINDI CANTT-8,0,2022-05-16
2022,21,RAWALPINDI CANTT-8,0,2022-05-23
2022,22,RAWALPINDI CANTT-8,0,2022-05-30
2022,23,RAWALPINDI CANTT-8,0,2022-06-06
2022,24,RAWALPINDI CANTT-8,0,2022-06-13
2022,25,RAWALPINDI CANTT-8,0,2022-06-20
2022,26,RAWALPINDI CANTT-8,0,2022-06-27
2022,27,RAWALPINDI CANTT-8,0,2022-07-04
2022,28,RAWALPINDI CANTT-8,0,2022-07-11
2022,29,RAWALPINDI CANTT-8,0,2022-07-18
2022,30,RAWALPINDI CANTT-8,0,2022-07-25
2022,31,RAWALPINDI CANTT-8,0,2022-08-01
2022,32,RAWALPINDI CANTT-8,0,2022-08-08
2022,33,RAWALPINDI CANTT-8,1,2022-08-15
2022,34,RAWALPINDI CANTT-8,0,2022-08-22
2022,35,RAWALPINDI CANTT-8,0,2022-08-29
2022,36,RAWALPINDI CANTT-8,1,2022-09-05
2022,37,RAWALPINDI CANTT-8,1,2022-09-12
2022,38,RAWALPINDI CANTT-8,0,2022-09-19
2022,39,RAWALPINDI CANTT-8,1,2022-09-26
2022,40,RAWALPINDI CANTT-8,2,2022-10-03
2022,41,RAWALPINDI CANTT-8,0,2022-10-10
2022,42,RAWALPINDI CANTT-8,2,2022-10-17
2022,43,RAWALPINDI CANTT-8,1,2022-10-24
2022,44,RAWALPINDI CANTT-8,1,2022-10-31
2022,45,RAWALPINDI CANTT-8,0,2022-11-07
2022,46,RAWALPINDI CANTT-8,1,2022-11-14
2022,47,RAWALPINDI CANTT-8,0,2022-11-21
2022,48,RAWALPINDI CANTT-8,0,2022-11-28
2022,49,RAWALPINDI CANTT-8,0,2022-12-05
2022,50,RAWALPINDI CANTT-8,0,2022-12-12
2022,51,RAWALPINDI CANTT-8,0,2022-12-19
2022,52,RAWALPINDI CANTT-8,0,2022-12-26
2023,1,RAWALPINDI CANTT-8,0,2023-01-02
2023,2,RAWALPINDI CANTT-8,0,2023-01-09
2023,3,RAWALPINDI CANTT-8,0,2023-01-16
2023,4,RAWALPINDI CANTT-8,0,2023-01-23
2023,5,RAWALPINDI CANTT-8,0,2023-01-30
2023,6,RAWALPINDI CANTT-8,0,2023-02-06
2023,7,RAWALPINDI CANTT-8,0,2023-02-13
2023,8,RAWALPINDI CANTT-8,0,2023-02-20
2023,9,RAWALPINDI CANTT-8,0,2023-02-27
2023,10,RAWALPINDI CANTT-8,0,2023-03-06
2023,11,RAWALPINDI CANTT-8,0,2023-03-13
2023,12,RAWALPINDI CANTT-8,0,2023-03-20
2023,13,RAWALPINDI CANTT-8,0,2023-03-27
2023,14,RAWALPINDI CANTT-8,0,2023-04-03
2023,15,RAWALPINDI CANTT-8,0,2023-04-10
2023,16,RAWALPINDI CANTT-8,0,2023-04-17
2023,17,RAWALPINDI CANTT-8,0,2023-04-24
2023,18,RAWALPINDI CANTT-8,0,2023-05-01
2023,19,RAWALPINDI CANTT-8,0,2023-05-08
2023,20,RAWALPINDI CANTT-8,0,2023-05-15
2023,21,RAWALPINDI CANTT-8,0,2023-05-22
2023,22,RAWALPINDI CANTT-8,0,2023-05-29
2023,23,RAWALPINDI CANTT-8,0,2023-06-05
2023,24,RAWALPINDI CANTT-8,0,2023-06-12
2023,25,RAWALPINDI CANTT-8,0,2023-06-19
2023,26,RAWALPINDI CANTT-8,0,2023-06-26
2023,27,RAWALPINDI CANTT-8,0,2023-07-03
2023,28,RAWALPINDI CANTT-8,0,2023-07-10
2023,29,RAWALPINDI CANTT-8,0,2023-07-17
2023,30,RAWALPINDI CANTT-8,0,2023-07-24
2023,31,RAWALPINDI CANTT-8,0,2023-07-31
2023,32,RAWALPINDI CANTT-8,0,2023-08-07
2023,33,RAWALPINDI CANTT-8,1,2023-08-14
2023,34,RAWALPINDI CANTT-8,1,2023-08-21
2023,35,RAWALPINDI CANTT-8,0,2023-08-28
2023,36,RAWALPINDI CANTT-8,0,2023-09-04
2023,37,RAWALPINDI CANTT-8,0,2023-09-11
2023,38,RAWALPINDI CANTT-8,0,2023-09-18
2023,39,RAWALPINDI CANTT-8,0,2023-09-25
2023,40,RAWALPINDI CANTT-8,0,2023-10-02
2023,41,RAWALPINDI CANTT-8,0,2023-10-09
2023,42,RAWALPINDI CANTT-8,0,2023-10-16
2023,43,RAWALPINDI CANTT-8,0,2023-10-23
2023,44,RAWALPINDI CANTT-8,0,2023-10-30
2023,45,RAWALPINDI CANTT-8,0,2023-11-06
2023,46,RAWALPINDI CANTT-8,0,2023-11-13
2023,47,RAWALPINDI CANTT-8,0,2023-11-20
2023,48,RAWALPINDI CANTT-8,0,2023-11-27
2023,49,RAWALPINDI CANTT-8,0,2023-12-04
2023,50,RAWALPINDI CANTT-8,0,2023-12-11
2023,51,RAWALPINDI CANTT-8,0,2023-12-18
2023,52,RAWALPINDI CANTT-8,0,2023-12-25
2024,1,RAWALPINDI CANTT-8,0,2024-01-01
2024,2,RAWALPINDI CANTT-8,0,2024-01-08
2024,3,RAWALPINDI CANTT-8,0,2024-01-15
2024,4,RAWALPINDI CANTT-8,0,2024-01-22
2024,5,RAWALPINDI CANTT-8,0,2024-01-29
2024,6,RAWALPINDI CANTT-8,0,2024-02-05
2024,7,RAWALPINDI CANTT-8,0,2024-02-12
2024,8,RAWALPINDI CANTT-8,0,2024-02-19
2024,9,RAWALPINDI CANTT-8,0,2024-02-26
2024,10,RAWALPINDI CANTT-8,0,2024-03-04
2024,11,RAWALPINDI CANTT-8,0,2024-03-11
2024,12,RAWALPINDI CANTT-8,0,2024-03-18
2024,13,RAWALPINDI CANTT-8,0,2024-03-25
2024,14,RAWALPINDI CANTT-8,0,2024-04-01
2024,15,RAWALPINDI CANTT-8,0,2024-04-08
2024,16,RAWALPINDI CANTT-8,0,2024-04-15
2024,17,RAWALPINDI CANTT-8,0,2024-04-22
2024,18,RAWALPINDI CANTT-8,0,2024-04-29
2024,19,RAWALPINDI CANTT-8,0,2024-05-06
2024,20,RAWALPINDI CANTT-8,0,2024-05-13
2024,21,RAWALPINDI CANTT-8,0,2024-05-20
2024,22,RAWALPINDI CANTT-8,0,2024-05-27
2024,23,RAWALPINDI CANTT-8,0,2024-06-03
2024,24,RAWALPINDI CANTT-8,0,2024-06-10
2024,25,RAWALPINDI CANTT-8,0,2024-06-17
2024,26,RAWALPINDI CANTT-8,0,2024-06-24
2024,27,RAWALPINDI CANTT-8,0,2024-07-01
2024,28,RAWALPINDI CANTT-8,0,2024-07-08
2024,29,RAWALPINDI CANTT-8,0,2024-07-15
2024,30,RAWALPINDI CANTT-8,0,2024-07-22
2024,31,RAWALPINDI CANTT-8,0,2024-07-29
2024,32,RAWALPINDI CANTT-8,0,2024-08-05
2024,33,RAWALPINDI CANTT-8,0,2024-08-12
2024,34,RAWALPINDI CANTT-8,0,2024-08-19
2024,35,RAWALPINDI CANTT-8,0,2024-08-26
2024,36,RAWALPINDI CANTT-8,0,2024-09-02
2024,37,RAWALPINDI CANTT-8,0,2024-09-09
2024,38,RAWALPINDI CANTT-8,0,2024-09-16
2024,39,RAWALPINDI CANTT-8,2,2024-09-23
2024,40,RAWALPINDI CANTT-8,2,2024-09-30
2024,41,RAWALPINDI CANTT-8,2,2024-10-07
2024,42,RAWALPINDI CANTT-8,0,2024-10-14
2024,43,RAWALPINDI CANTT-8,1,2024-10-21
2024,44,RAWALPINDI CANTT-8,0,2024-10-28
2024,45,RAWALPINDI CANTT-8,4,2024-11-04
2024,46,RAWALPINDI CANTT-8,1,2024-11-11
2024,47,RAWALPINDI CANTT-8,0,2024-11-18
2024,48,RAWALPINDI CANTT-8,0,2024-11-25
2024,49,RAWALPINDI CANTT-8,0,2024-12-02
2024,50,RAWALPINDI CANTT-8,0,2024-12-09
2024,51,RAWALPINDI CANTT-8,0,2024-12-16
2024,52,RAWALPINDI CANTT-8,0,2024-12-23
2021,1,RAWALPINDI CANTT-9,0,2021-01-04
2021,2,RAWALPINDI CANTT-9,0,2021-01-11
2021,3,RAWALPINDI CANTT-9,0,2021-01-18
2021,4,RAWALPINDI CANTT-9,0,2021-01-25
2021,5,RAWALPINDI CANTT-9,0,2021-02-01
2021,6,RAWALPINDI CANTT-9,0,2021-02-08
2021,7,RAWALPINDI CANTT-9,0,2021-02-15
2021,8,RAWALPINDI CANTT-9,0,2021-02-22
2021,9,RAWALPINDI CANTT-9,0,2021-03-01
2021,10,RAWALPINDI CANTT-9,0,2021-03-08
2021,11,RAWALPINDI CANTT-9,0,2021-03-15
2021,12,RAWALPINDI CANTT-9,0,2021-03-22
2021,13,RAWALPINDI CANTT-9,0,2021-03-29
2021,14,RAWALPINDI CANTT-9,0,2021-04-05
2021,15,RAWALPINDI CANTT-9,0,2021-04-12
2021,16,RAWALPINDI CANTT-9,0,2021-04-19
2021,17,RAWALPINDI CANTT-9,0,2021-04-26
2021,18,RAWALPINDI CANTT-9,0,2021-05-03
2021,19,RAWALPINDI CANTT-9,0,2021-05-10
2021,20,RAWALPINDI CANTT-9,0,2021-05-17
2021,21,RAWALPINDI CANTT-9,0,2021-05-24
2021,22,RAWALPINDI CANTT-9,0,2021-05-31
2021,23,RAWALPINDI CANTT-9,0,2021-06-07
2021,24,RAWALPINDI CANTT-9,0,2021-06-14
2021,25,RAWALPINDI CANTT-9,0,2021-06-21
2021,26,RAWALPINDI CANTT-9,0,2021-06-28
2021,27,RAWALPINDI CANTT-9,0,2021-07-05
2021,28,RAWALPINDI CANTT-9,0,2021-07-12
2021,29,RAWALPINDI CANTT-9,0,2021-07-19
2021,30,RAWALPINDI CANTT-9,0,2021-07-26
2021,31,RAWALPINDI CANTT-9,0,2021-08-02
2021,32,RAWALPINDI CANTT-9,0,2021-08-09
2021,33,RAWALPINDI CANTT-9,0,2021-08-16
2021,34,RAWALPINDI CANTT-9,0,2021-08-23
2021,35,RAWALPINDI CANTT-9,0,2021-08-30
2021,36,RAWALPINDI CANTT-9,0,2021-09-06
2021,37,RAWALPINDI CANTT-9,1,2021-09-13
2021,38,RAWALPINDI CANTT-9,3,2021-09-20
2021,39,RAWALPINDI CANTT-9,2,2021-09-27
2021,40,RAWALPINDI CANTT-9,2,2021-10-04
2021,41,RAWALPINDI CANTT-9,3,2021-10-11
2021,42,RAWALPINDI CANTT-9,6,2021-10-18
2021,43,RAWALPINDI CANTT-9,13,2021-10-25
2021,44,RAWALPINDI CANTT-9,4,2021-11-01
2021,45,RAWALPINDI CANTT-9,1,2021-11-08
2021,46,RAWALPINDI CANTT-9,2,2021-11-15
2021,47,RAWALPINDI CANTT-9,1,2021-11-22
2021,48,RAWALPINDI CANTT-9,0,2021-11-29
2021,49,RAWALPINDI CANTT-9,0,2021-12-06
2021,50,RAWALPINDI CANTT-9,0,2021-12-13
2021,51,RAWALPINDI CANTT-9,0,2021-12-20
2021,52,RAWALPINDI CANTT-9,0,2021-12-27
2022,1,RAWALPINDI CANTT-9,0,2022-01-03
2022,2,RAWALPINDI CANTT-9,0,2022-01-10
2022,3,RAWALPINDI CANTT-9,0,2022-01-17
2022,4,RAWALPINDI CANTT-9,0,2022-01-24
2022,5,RAWALPINDI CANTT-9,0,2022-01-31
2022,6,RAWALPINDI CANTT-9,0,2022-02-07
2022,7,RAWALPINDI CANTT-9,0,2022-02-14
2022,8,RAWALPINDI CANTT-9,0,2022-02-21
2022,9,RAWALPINDI CANTT-9,0,2022-02-28
2022,10,RAWALPINDI CANTT-9,0,2022-03-07
2022,11,RAWALPINDI CANTT-9,0,2022-03-14
2022,12,RAWALPINDI CANTT-9,0,2022-03-21
2022,13,RAWALPINDI CANTT-9,0,2022-03-28
2022,14,RAWALPINDI CANTT-9,0,2022-04-04
2022,15,RAWALPINDI CANTT-9,0,2022-04-11
2022,16,RAWALPINDI CANTT-9,0,2022-04-18
2022,17,RAWALPINDI CANTT-9,0,2022-04-25
2022,18,RAWALPINDI CANTT-9,0,2022-05-02
2022,19,RAWALPINDI CANTT-9,0,2022-05-09
2022,20,RAWALPINDI CANTT-9,0,2022-05-16
2022,21,RAWALPINDI CANTT-9,0,2022-05-23
2022,22,RAWALPINDI CANTT-9,0,2022-05-30
2022,23,RAWALPINDI CANTT-9,0,2022-06-06
2022,24,RAWALPINDI CANTT-9,0,2022-06-13
2022,25,RAWALPINDI CANTT-9,0,2022-06-20
2022,26,RAWALPINDI CANTT-9,0,2022-06-27
2022,27,RAWALPINDI CANTT-9,0,2022-07-04
2022,28,RAWALPINDI CANTT-9,0,2022-07-11
2022,29,RAWALPINDI CANTT-9,0,2022-07-18
2022,30,RAWALPINDI CANTT-9,0,2022-07-25
2022,31,RAWALPINDI CANTT-9,0,2022-08-01
2022,32,RAWALPINDI CANTT-9,0,2022-08-08
2022,33,RAWALPINDI CANTT-9,0,2022-08-15
2022,34,RAWALPINDI CANTT-9,1,2022-08-22
2022,35,RAWALPINDI CANTT-9,0,2022-08-29
2022,36,RAWALPINDI CANTT-9,1,2022-09-05
2022,37,RAWALPINDI CANTT-9,2,2022-09-12
2022,38,RAWALPINDI CANTT-9,6,2022-09-19
2022,39,RAWALPINDI CANTT-9,7,2022-09-26
2022,40,RAWALPINDI CANTT-9,11,2022-10-03
2022,41,RAWALPINDI CANTT-9,12,2022-10-10
2022,42,RAWALPINDI CANTT-9,14,2022-10-17
2022,43,RAWALPINDI CANTT-9,2,2022-10-24
2022,44,RAWALPINDI CANTT-9,4,2022-10-31
2022,45,RAWALPINDI CANTT-9,1,2022-11-07
2022,46,RAWALPINDI CANTT-9,2,2022-11-14
2022,47,RAWALPINDI CANTT-9,0,2022-11-21
2022,48,RAWALPINDI CANTT-9,2,2022-11-28
2022,49,RAWALPINDI CANTT-9,0,2022-12-05
2022,50,RAWALPINDI CANTT-9,0,2022-12-12
2022,51,RAWALPINDI CANTT-9,0,2022-12-19
2022,52,RAWALPINDI CANTT-9,0,2022-12-26
2023,1,RAWALPINDI CANTT-9,0,2023-01-02
2023,2,RAWALPINDI CANTT-9,0,2023-01-09
2023,3,RAWALPINDI CANTT-9,0,2023-01-16
2023,4,RAWALPINDI CANTT-9,0,2023-01-23
2023,5,RAWALPINDI CANTT-9,0,2023-01-30
2023,6,RAWALPINDI CANTT-9,0,2023-02-06
2023,7,RAWALPINDI CANTT-9,0,2023-02-13
2023,8,RAWALPINDI CANTT-9,0,2023-02-20
2023,9,RAWALPINDI CANTT-9,0,2023-02-27
2023,10,RAWALPINDI CANTT-9,0,2023-03-06
2023,11,RAWALPINDI CANTT-9,0,2023-03-13
2023,12,RAWALPINDI CANTT-9,0,2023-03-20
2023,13,RAWALPINDI CANTT-9,0,2023-03-27
2023,14,RAWALPINDI CANTT-9,0,2023-04-03
2023,15,RAWALPINDI CANTT-9,0,2023-04-10
2023,16,RAWALPINDI CANTT-9,0,2023-04-17
2023,17,RAWALPINDI CANTT-9,0,2023-04-24
2023,18,RAWALPINDI CANTT-9,0,2023-05-01
2023,19,RAWALPINDI CANTT-9,0,2023-05-08
2023,20,RAWALPINDI CANTT-9,0,2023-05-15
2023,21,RAWALPINDI CANTT-9,0,2023-05-22
2023,22,RAWALPINDI CANTT-9,0,2023-05-29
2023,23,RAWALPINDI CANTT-9,0,2023-06-05
2023,24,RAWALPINDI CANTT-9,0,2023-06-12
2023,25,RAWALPINDI CANTT-9,0,2023-06-19
2023,26,RAWALPINDI CANTT-9,0,2023-06-26
2023,27,RAWALPINDI CANTT-9,0,2023-07-03
2023,28,RAWALPINDI CANTT-9,0,2023-07-10
2023,29,RAWALPINDI CANTT-9,0,2023-07-17
2023,30,RAWALPINDI CANTT-9,1,2023-07-24
2023,31,RAWALPINDI CANTT-9,1,2023-07-31
2023,32,RAWALPINDI CANTT-9,0,2023-08-07
2023,33,RAWALPINDI CANTT-9,0,2023-08-14
2023,34,RAWALPINDI CANTT-9,1,2023-08-21
2023,35,RAWALPINDI CANTT-9,1,2023-08-28
2023,36,RAWALPINDI CANTT-9,0,2023-09-04
2023,37,RAWALPINDI CANTT-9,4,2023-09-11
2023,38,RAWALPINDI CANTT-9,2,2023-09-18
2023,39,RAWALPINDI CANTT-9,2,2023-09-25
2023,40,RAWALPINDI CANTT-9,5,2023-10-02
2023,41,RAWALPINDI CANTT-9,5,2023-10-09
2023,42,RAWALPINDI CANTT-9,2,2023-10-16
2023,43,RAWALPINDI CANTT-9,0,2023-10-23
2023,44,RAWALPINDI CANTT-9,1,2023-10-30
2023,45,RAWALPINDI CANTT-9,4,2023-11-06
2023,46,RAWALPINDI CANTT-9,2,2023-11-13
2023,47,RAWALPINDI CANTT-9,0,2023-11-20
2023,48,RAWALPINDI CANTT-9,0,2023-11-27
2023,49,RAWALPINDI CANTT-9,0,2023-12-04
2023,50,RAWALPINDI CANTT-9,0,2023-12-11
2023,51,RAWALPINDI CANTT-9,0,2023-12-18
2023,52,RAWALPINDI CANTT-9,0,2023-12-25
2024,1,RAWALPINDI CANTT-9,0,2024-01-01
2024,2,RAWALPINDI CANTT-9,0,2024-01-08
2024,3,RAWALPINDI CANTT-9,0,2024-01-15
2024,4,RAWALPINDI CANTT-9,0,2024-01-22
2024,5,RAWALPINDI CANTT-9,0,2024-01-29
2024,6,RAWALPINDI CANTT-9,0,2024-02-05
2024,7,RAWALPINDI CANTT-9,0,2024-02-12
2024,8,RAWALPINDI CANTT-9,0,2024-02-19
2024,9,RAWALPINDI CANTT-9,0,2024-02-26
2024,10,RAWALPINDI CANTT-9,0,2024-03-04
2024,11,RAWALPINDI CANTT-9,0,2024-03-11
2024,12,RAWALPINDI CANTT-9,0,2024-03-18
2024,13,RAWALPINDI CANTT-9,0,2024-03-25
2024,14,RAWALPINDI CANTT-9,0,2024-04-01
2024,15,RAWALPINDI CANTT-9,0,2024-04-08
2024,16,RAWALPINDI CANTT-9,0,2024-04-15
2024,17,RAWALPINDI CANTT-9,0,2024-04-22
2024,18,RAWALPINDI CANTT-9,0,2024-04-29
2024,19,RAWALPINDI CANTT-9,0,2024-05-06
2024,20,RAWALPINDI CANTT-9,0,2024-05-13
2024,21,RAWALPINDI CANTT-9,0,2024-05-20
2024,22,RAWALPINDI CANTT-9,0,2024-05-27
2024,23,RAWALPINDI CANTT-9,1,2024-06-03
2024,24,RAWALPINDI CANTT-9,0,2024-06-10
2024,25,RAWALPINDI CANTT-9,0,2024-06-17
2024,26,RAWALPINDI CANTT-9,0,2024-06-24
2024,27,RAWALPINDI CANTT-9,0,2024-07-01
2024,28,RAWALPINDI CANTT-9,0,2024-07-08
2024,29,RAWALPINDI CANTT-9,0,2024-07-15
2024,30,RAWALPINDI CANTT-9,0,2024-07-22
2024,31,RAWALPINDI CANTT-9,0,2024-07-29
2024,32,RAWALPINDI CANTT-9,0,2024-08-05
2024,33,RAWALPINDI CANTT-9,0,2024-08-12
2024,34,RAWALPINDI CANTT-9,1,2024-08-19
2024,35,RAWALPINDI CANTT-9,1,2024-08-26
2024,36,RAWALPINDI CANTT-9,2,2024-09-02
2024,37,RAWALPINDI CANTT-9,0,2024-09-09
2024,38,RAWALPINDI CANTT-9,1,2024-09-16
2024,39,RAWALPINDI CANTT-9,3,2024-09-23
2024,40,RAWALPINDI CANTT-9,7,2024-09-30
2024,41,RAWALPINDI CANTT-9,6,2024-10-07
2024,42,RAWALPINDI CANTT-9,2,2024-10-14
2024,43,RAWALPINDI CANTT-9,7,2024-10-21
2024,44,RAWALPINDI CANTT-9,5,2024-10-28
2024,45,RAWALPINDI CANTT-9,6,2024-11-04
2024,46,RAWALPINDI CANTT-9,6,2024-11-11
2024,47,RAWALPINDI CANTT-9,2,2024-11-18
2024,48,RAWALPINDI CANTT-9,1,2024-11-25
2024,49,RAWALPINDI CANTT-9,0,2024-12-02
2024,50,RAWALPINDI CANTT-9,0,2024-12-09
2024,51,RAWALPINDI CANTT-9,0,2024-12-16
2024,52,RAWALPINDI CANTT-9,0,2024-12-23
2021,1,Ratta Amral,0,2021-01-04
2021,2,Ratta Amral,0,2021-01-11
2021,3,Ratta Amral,0,2021-01-18
2021,4,Ratta Amral,0,2021-01-25
2021,5,Ratta Amral,0,2021-02-01
2021,6,Ratta Amral,0,2021-02-08
2021,7,Ratta Amral,0,2021-02-15
2021,8,Ratta Amral,0,2021-02-22
2021,9,Ratta Amral,0,2021-03-01
2021,10,Ratta Amral,0,2021-03-08
2021,11,Ratta Amral,0,2021-03-15
2021,12,Ratta Amral,0,2021-03-22
2021,13,Ratta Amral,0,2021-03-29
2021,14,Ratta Amral,0,2021-04-05
2021,15,Ratta Amral,0,2021-04-12
2021,16,Ratta Amral,0,2021-04-19
2021,17,Ratta Amral,0,2021-04-26
2021,18,Ratta Amral,0,2021-05-03
2021,19,Ratta Amral,0,2021-05-10
2021,20,Ratta Amral,0,2021-05-17
2021,21,Ratta Amral,0,2021-05-24
2021,22,Ratta Amral,0,2021-05-31
2021,23,Ratta Amral,0,2021-06-07
2021,24,Ratta Amral,0,2021-06-14
2021,25,Ratta Amral,0,2021-06-21
2021,26,Ratta Amral,0,2021-06-28
2021,27,Ratta Amral,0,2021-07-05
2021,28,Ratta Amral,0,2021-07-12
2021,29,Ratta Amral,0,2021-07-19
2021,30,Ratta Amral,0,2021-07-26
2021,31,Ratta Amral,0,2021-08-02
2021,32,Ratta Amral,0,2021-08-09
2021,33,Ratta Amral,0,2021-08-16
2021,34,Ratta Amral,0,2021-08-23
2021,35,Ratta Amral,0,2021-08-30
2021,36,Ratta Amral,0,2021-09-06
2021,37,Ratta Amral,0,2021-09-13
2021,38,Ratta Amral,0,2021-09-20
2021,39,Ratta Amral,1,2021-09-27
2021,40,Ratta Amral,2,2021-10-04
2021,41,Ratta Amral,1,2021-10-11
2021,42,Ratta Amral,0,2021-10-18
2021,43,Ratta Amral,1,2021-10-25
2021,44,Ratta Amral,0,2021-11-01
2021,45,Ratta Amral,0,2021-11-08
2021,46,Ratta Amral,0,2021-11-15
2021,47,Ratta Amral,0,2021-11-22
2021,48,Ratta Amral,0,2021-11-29
2021,49,Ratta Amral,0,2021-12-06
2021,50,Ratta Amral,0,2021-12-13
2021,51,Ratta Amral,0,2021-12-20
2021,52,Ratta Amral,0,2021-12-27
2022,1,Ratta Amral,0,2022-01-03
2022,2,Ratta Amral,0,2022-01-10
2022,3,Ratta Amral,0,2022-01-17
2022,4,Ratta Amral,0,2022-01-24
2022,5,Ratta Amral,0,2022-01-31
2022,6,Ratta Amral,0,2022-02-07
2022,7,Ratta Amral,0,2022-02-14
2022,8,Ratta Amral,0,2022-02-21
2022,9,Ratta Amral,0,2022-02-28
2022,10,Ratta Amral,0,2022-03-07
2022,11,Ratta Amral,0,2022-03-14
2022,12,Ratta Amral,0,2022-03-21
2022,13,Ratta Amral,0,2022-03-28
2022,14,Ratta Amral,0,2022-04-04
2022,15,Ratta Amral,0,2022-04-11
2022,16,Ratta Amral,0,2022-04-18
2022,17,Ratta Amral,0,2022-04-25
2022,18,Ratta Amral,0,2022-05-02
2022,19,Ratta Amral,0,2022-05-09
2022,20,Ratta Amral,0,2022-05-16
2022,21,Ratta Amral,0,2022-05-23
2022,22,Ratta Amral,0,2022-05-30
2022,23,Ratta Amral,0,2022-06-06
2022,24,Ratta Amral,0,2022-06-13
2022,25,Ratta Amral,0,2022-06-20
2022,26,Ratta Amral,0,2022-06-27
2022,27,Ratta Amral,0,2022-07-04
2022,28,Ratta Amral,0,2022-07-11
2022,29,Ratta Amral,0,2022-07-18
2022,30,Ratta Amral,0,2022-07-25
2022,31,Ratta Amral,0,2022-08-01
2022,32,Ratta Amral,0,2022-08-08
2022,33,Ratta Amral,0,2022-08-15
2022,34,Ratta Amral,0,2022-08-22
2022,35,Ratta Amral,0,2022-08-29
2022,36,Ratta Amral,0,2022-09-05
2022,37,Ratta Amral,0,2022-09-12
2022,38,Ratta Amral,0,2022-09-19
2022,39,Ratta Amral,0,2022-09-26
2022,40,Ratta Amral,0,2022-10-03
2022,41,Ratta Amral,1,2022-10-10
2022,42,Ratta Amral,0,2022-10-17
2022,43,Ratta Amral,0,2022-10-24
2022,44,Ratta Amral,2,2022-10-31
2022,45,Ratta Amral,1,2022-11-07
2022,46,Ratta Amral,0,2022-11-14
2022,47,Ratta Amral,0,2022-11-21
2022,48,Ratta Amral,0,2022-11-28
2022,49,Ratta Amral,0,2022-12-05
2022,50,Ratta Amral,0,2022-12-12
2022,51,Ratta Amral,0,2022-12-19
2022,52,Ratta Amral,0,2022-12-26
2023,1,Ratta Amral,0,2023-01-02
2023,2,Ratta Amral,0,2023-01-09
2023,3,Ratta Amral,0,2023-01-16
2023,4,Ratta Amral,0,2023-01-23
2023,5,Ratta Amral,0,2023-01-30
2023,6,Ratta Amral,0,2023-02-06
2023,7,Ratta Amral,0,2023-02-13
2023,8,Ratta Amral,0,2023-02-20
2023,9,Ratta Amral,0,2023-02-27
2023,10,Ratta Amral,0,2023-03-06
2023,11,Ratta Amral,0,2023-03-13
2023,12,Ratta Amral,0,2023-03-20
2023,13,Ratta Amral,0,2023-03-27
2023,14,Ratta Amral,0,2023-04-03
2023,15,Ratta Amral,0,2023-04-10
2023,16,Ratta Amral,0,2023-04-17
2023,17,Ratta Amral,0,2023-04-24
2023,18,Ratta Amral,0,2023-05-01
2023,19,Ratta Amral,0,2023-05-08
2023,20,Ratta Amral,0,2023-05-15
2023,21,Ratta Amral,0,2023-05-22
2023,22,Ratta Amral,0,2023-05-29
2023,23,Ratta Amral,0,2023-06-05
2023,24,Ratta Amral,0,2023-06-12
2023,25,Ratta Amral,0,2023-06-19
2023,26,Ratta Amral,0,2023-06-26
2023,27,Ratta Amral,0,2023-07-03
2023,28,Ratta Amral,0,2023-07-10
2023,29,Ratta Amral,0,2023-07-17
2023,30,Ratta Amral,0,2023-07-24
2023,31,Ratta Amral,0,2023-07-31
2023,32,Ratta Amral,0,2023-08-07
2023,33,Ratta Amral,0,2023-08-14
2023,34,Ratta Amral,0,2023-08-21
2023,35,Ratta Amral,0,2023-08-28
2023,36,Ratta Amral,0,2023-09-04
2023,37,Ratta Amral,0,2023-09-11
2023,38,Ratta Amral,0,2023-09-18
2023,39,Ratta Amral,0,2023-09-25
2023,40,Ratta Amral,1,2023-10-02
2023,41,Ratta Amral,0,2023-10-09
2023,42,Ratta Amral,0,2023-10-16
2023,43,Ratta Amral,0,2023-10-23
2023,44,Ratta Amral,0,2023-10-30
2023,45,Ratta Amral,0,2023-11-06
2023,46,Ratta Amral,0,2023-11-13
2023,47,Ratta Amral,0,2023-11-20
2023,48,Ratta Amral,0,2023-11-27
2023,49,Ratta Amral,0,2023-12-04
2023,50,Ratta Amral,0,2023-12-11
2023,51,Ratta Amral,0,2023-12-18
2023,52,Ratta Amral,0,2023-12-25
2024,1,Ratta Amral,0,2024-01-01
2024,2,Ratta Amral,0,2024-01-08
2024,3,Ratta Amral,0,2024-01-15
2024,4,Ratta Amral,0,2024-01-22
2024,5,Ratta Amral,0,2024-01-29
2024,6,Ratta Amral,0,2024-02-05
2024,7,Ratta Amral,0,2024-02-12
2024,8,Ratta Amral,0,2024-02-19
2024,9,Ratta Amral,0,2024-02-26
2024,10,Ratta Amral,0,2024-03-04
2024,11,Ratta Amral,0,2024-03-11
2024,12,Ratta Amral,0,2024-03-18
2024,13,Ratta Amral,0,2024-03-25
2024,14,Ratta Amral,0,2024-04-01
2024,15,Ratta Amral,0,2024-04-08
2024,16,Ratta Amral,0,2024-04-15
2024,17,Ratta Amral,0,2024-04-22
2024,18,Ratta Amral,0,2024-04-29
2024,19,Ratta Amral,0,2024-05-06
2024,20,Ratta Amral,0,2024-05-13
2024,21,Ratta Amral,0,2024-05-20
2024,22,Ratta Amral,0,2024-05-27
2024,23,Ratta Amral,0,2024-06-03
2024,24,Ratta Amral,0,2024-06-10
2024,25,Ratta Amral,0,2024-06-17
2024,26,Ratta Amral,0,2024-06-24
2024,27,Ratta Amral,0,2024-07-01
2024,28,Ratta Amral,0,2024-07-08
2024,29,Ratta Amral,0,2024-07-15
2024,30,Ratta Amral,0,2024-07-22
2024,31,Ratta Amral,0,2024-07-29
2024,32,Ratta Amral,0,2024-08-05
2024,33,Ratta Amral,0,2024-08-12
2024,34,Ratta Amral,0,2024-08-19
2024,35,Ratta Amral,0,2024-08-26
2024,36,Ratta Amral,0,2024-09-02
2024,37,Ratta Amral,0,2024-09-09
2024,38,Ratta Amral,0,2024-09-16
2024,39,Ratta Amral,0,2024-09-23
2024,40,Ratta Amral,3,2024-09-30
2024,41,Ratta Amral,0,2024-10-07
2024,42,Ratta Amral,0,2024-10-14
2024,43,Ratta Amral,1,2024-10-21
2024,44,Ratta Amral,0,2024-10-28
2024,45,Ratta Amral,1,2024-11-04
2024,46,Ratta Amral,0,2024-11-11
2024,47,Ratta Amral,0,2024-11-18
2024,48,Ratta Amral,0,2024-11-25
2024,49,Ratta Amral,0,2024-12-02
2024,50,Ratta Amral,0,2024-12-09
2024,51,Ratta Amral,0,2024-12-16
2024,52,Ratta Amral,0,2024-12-23
2021,1,SAGRI KALAN,0,2021-01-04
2021,2,SAGRI KALAN,0,2021-01-11
2021,3,SAGRI KALAN,0,2021-01-18
2021,4,SAGRI KALAN,0,2021-01-25
2021,5,SAGRI KALAN,0,2021-02-01
2021,6,SAGRI KALAN,0,2021-02-08
2021,7,SAGRI KALAN,0,2021-02-15
2021,8,SAGRI KALAN,0,2021-02-22
2021,9,SAGRI KALAN,0,2021-03-01
2021,10,SAGRI KALAN,0,2021-03-08
2021,11,SAGRI KALAN,0,2021-03-15
2021,12,SAGRI KALAN,0,2021-03-22
2021,13,SAGRI KALAN,0,2021-03-29
2021,14,SAGRI KALAN,0,2021-04-05
2021,15,SAGRI KALAN,0,2021-04-12
2021,16,SAGRI KALAN,0,2021-04-19
2021,17,SAGRI KALAN,0,2021-04-26
2021,18,SAGRI KALAN,0,2021-05-03
2021,19,SAGRI KALAN,0,2021-05-10
2021,20,SAGRI KALAN,0,2021-05-17
2021,21,SAGRI KALAN,0,2021-05-24
2021,22,SAGRI KALAN,0,2021-05-31
2021,23,SAGRI KALAN,0,2021-06-07
2021,24,SAGRI KALAN,0,2021-06-14
2021,25,SAGRI KALAN,0,2021-06-21
2021,26,SAGRI KALAN,0,2021-06-28
2021,27,SAGRI KALAN,0,2021-07-05
2021,28,SAGRI KALAN,0,2021-07-12
2021,29,SAGRI KALAN,0,2021-07-19
2021,30,SAGRI KALAN,0,2021-07-26
2021,31,SAGRI KALAN,0,2021-08-02
2021,32,SAGRI KALAN,0,2021-08-09
2021,33,SAGRI KALAN,0,2021-08-16
2021,34,SAGRI KALAN,0,2021-08-23
2021,35,SAGRI KALAN,0,2021-08-30
2021,36,SAGRI KALAN,0,2021-09-06
2021,37,SAGRI KALAN,0,2021-09-13
2021,38,SAGRI KALAN,0,2021-09-20
2021,39,SAGRI KALAN,0,2021-09-27
2021,40,SAGRI KALAN,0,2021-10-04
2021,41,SAGRI KALAN,0,2021-10-11
2021,42,SAGRI KALAN,0,2021-10-18
2021,43,SAGRI KALAN,1,2021-10-25
2021,44,SAGRI KALAN,0,2021-11-01
2021,45,SAGRI KALAN,0,2021-11-08
2021,46,SAGRI KALAN,0,2021-11-15
2021,47,SAGRI KALAN,0,2021-11-22
2021,48,SAGRI KALAN,0,2021-11-29
2021,49,SAGRI KALAN,0,2021-12-06
2021,50,SAGRI KALAN,0,2021-12-13
2021,51,SAGRI KALAN,0,2021-12-20
2021,52,SAGRI KALAN,0,2021-12-27
2022,1,SAGRI KALAN,0,2022-01-03
2022,2,SAGRI KALAN,0,2022-01-10
2022,3,SAGRI KALAN,0,2022-01-17
2022,4,SAGRI KALAN,0,2022-01-24
2022,5,SAGRI KALAN,0,2022-01-31
2022,6,SAGRI KALAN,0,2022-02-07
2022,7,SAGRI KALAN,0,2022-02-14
2022,8,SAGRI KALAN,0,2022-02-21
2022,9,SAGRI KALAN,0,2022-02-28
2022,10,SAGRI KALAN,0,2022-03-07
2022,11,SAGRI KALAN,0,2022-03-14
2022,12,SAGRI KALAN,0,2022-03-21
2022,13,SAGRI KALAN,0,2022-03-28
2022,14,SAGRI KALAN,0,2022-04-04
2022,15,SAGRI KALAN,0,2022-04-11
2022,16,SAGRI KALAN,0,2022-04-18
2022,17,SAGRI KALAN,0,2022-04-25
2022,18,SAGRI KALAN,0,2022-05-02
2022,19,SAGRI KALAN,0,2022-05-09
2022,20,SAGRI KALAN,0,2022-05-16
2022,21,SAGRI KALAN,0,2022-05-23
2022,22,SAGRI KALAN,0,2022-05-30
2022,23,SAGRI KALAN,0,2022-06-06
2022,24,SAGRI KALAN,0,2022-06-13
2022,25,SAGRI KALAN,0,2022-06-20
2022,26,SAGRI KALAN,0,2022-06-27
2022,27,SAGRI KALAN,0,2022-07-04
2022,28,SAGRI KALAN,0,2022-07-11
2022,29,SAGRI KALAN,0,2022-07-18
2022,30,SAGRI KALAN,0,2022-07-25
2022,31,SAGRI KALAN,0,2022-08-01
2022,32,SAGRI KALAN,0,2022-08-08
2022,33,SAGRI KALAN,0,2022-08-15
2022,34,SAGRI KALAN,0,2022-08-22
2022,35,SAGRI KALAN,0,2022-08-29
2022,36,SAGRI KALAN,0,2022-09-05
2022,37,SAGRI KALAN,0,2022-09-12
2022,38,SAGRI KALAN,3,2022-09-19
2022,39,SAGRI KALAN,0,2022-09-26
2022,40,SAGRI KALAN,2,2022-10-03
2022,41,SAGRI KALAN,0,2022-10-10
2022,42,SAGRI KALAN,0,2022-10-17
2022,43,SAGRI KALAN,1,2022-10-24
2022,44,SAGRI KALAN,0,2022-10-31
2022,45,SAGRI KALAN,1,2022-11-07
2022,46,SAGRI KALAN,0,2022-11-14
2022,47,SAGRI KALAN,0,2022-11-21
2022,48,SAGRI KALAN,0,2022-11-28
2022,49,SAGRI KALAN,0,2022-12-05
2022,50,SAGRI KALAN,0,2022-12-12
2022,51,SAGRI KALAN,0,2022-12-19
2022,52,SAGRI KALAN,0,2022-12-26
2023,1,SAGRI KALAN,0,2023-01-02
2023,2,SAGRI KALAN,0,2023-01-09
2023,3,SAGRI KALAN,0,2023-01-16
2023,4,SAGRI KALAN,0,2023-01-23
2023,5,SAGRI KALAN,0,2023-01-30
2023,6,SAGRI KALAN,0,2023-02-06
2023,7,SAGRI KALAN,0,2023-02-13
2023,8,SAGRI KALAN,0,2023-02-20
2023,9,SAGRI KALAN,0,2023-02-27
2023,10,SAGRI KALAN,0,2023-03-06
2023,11,SAGRI KALAN,0,2023-03-13
2023,12,SAGRI KALAN,0,2023-03-20
2023,13,SAGRI KALAN,0,2023-03-27
2023,14,SAGRI KALAN,0,2023-04-03
2023,15,SAGRI KALAN,0,2023-04-10
2023,16,SAGRI KALAN,0,2023-04-17
2023,17,SAGRI KALAN,0,2023-04-24
2023,18,SAGRI KALAN,0,2023-05-01
2023,19,SAGRI KALAN,0,2023-05-08
2023,20,SAGRI KALAN,0,2023-05-15
2023,21,SAGRI KALAN,0,2023-05-22
2023,22,SAGRI KALAN,0,2023-05-29
2023,23,SAGRI KALAN,0,2023-06-05
2023,24,SAGRI KALAN,0,2023-06-12
2023,25,SAGRI KALAN,0,2023-06-19
2023,26,SAGRI KALAN,0,2023-06-26
2023,27,SAGRI KALAN,0,2023-07-03
2023,28,SAGRI KALAN,0,2023-07-10
2023,29,SAGRI KALAN,0,2023-07-17
2023,30,SAGRI KALAN,0,2023-07-24
2023,31,SAGRI KALAN,0,2023-07-31
2023,32,SAGRI KALAN,0,2023-08-07
2023,33,SAGRI KALAN,0,2023-08-14
2023,34,SAGRI KALAN,0,2023-08-21
2023,35,SAGRI KALAN,0,2023-08-28
2023,36,SAGRI KALAN,0,2023-09-04
2023,37,SAGRI KALAN,0,2023-09-11
2023,38,SAGRI KALAN,1,2023-09-18
2023,39,SAGRI KALAN,0,2023-09-25
2023,40,SAGRI KALAN,0,2023-10-02
2023,41,SAGRI KALAN,0,2023-10-09
2023,42,SAGRI KALAN,1,2023-10-16
2023,43,SAGRI KALAN,0,2023-10-23
2023,44,SAGRI KALAN,0,2023-10-30
2023,45,SAGRI KALAN,0,2023-11-06
2023,46,SAGRI KALAN,0,2023-11-13
2023,47,SAGRI KALAN,0,2023-11-20
2023,48,SAGRI KALAN,0,2023-11-27
2023,49,SAGRI KALAN,0,2023-12-04
2023,50,SAGRI KALAN,0,2023-12-11
2023,51,SAGRI KALAN,0,2023-12-18
2023,52,SAGRI KALAN,0,2023-12-25
2024,1,SAGRI KALAN,0,2024-01-01
2024,2,SAGRI KALAN,0,2024-01-08
2024,3,SAGRI KALAN,0,2024-01-15
2024,4,SAGRI KALAN,0,2024-01-22
2024,5,SAGRI KALAN,0,2024-01-29
2024,6,SAGRI KALAN,0,2024-02-05
2024,7,SAGRI KALAN,0,2024-02-12
2024,8,SAGRI KALAN,0,2024-02-19
2024,9,SAGRI KALAN,0,2024-02-26
2024,10,SAGRI KALAN,0,2024-03-04
2024,11,SAGRI KALAN,0,2024-03-11
2024,12,SAGRI KALAN,0,2024-03-18
2024,13,SAGRI KALAN,0,2024-03-25
2024,14,SAGRI KALAN,0,2024-04-01
2024,15,SAGRI KALAN,0,2024-04-08
2024,16,SAGRI KALAN,0,2024-04-15
2024,17,SAGRI KALAN,0,2024-04-22
2024,18,SAGRI KALAN,0,2024-04-29
2024,19,SAGRI KALAN,0,2024-05-06
2024,20,SAGRI KALAN,0,2024-05-13
2024,21,SAGRI KALAN,0,2024-05-20
2024,22,SAGRI KALAN,0,2024-05-27
2024,23,SAGRI KALAN,0,2024-06-03
2024,24,SAGRI KALAN,0,2024-06-10
2024,25,SAGRI KALAN,0,2024-06-17
2024,26,SAGRI KALAN,0,2024-06-24
2024,27,SAGRI KALAN,0,2024-07-01
2024,28,SAGRI KALAN,0,2024-07-08
2024,29,SAGRI KALAN,0,2024-07-15
2024,30,SAGRI KALAN,0,2024-07-22
2024,31,SAGRI KALAN,0,2024-07-29
2024,32,SAGRI KALAN,0,2024-08-05
2024,33,SAGRI KALAN,0,2024-08-12
2024,34,SAGRI KALAN,0,2024-08-19
2024,35,SAGRI KALAN,0,2024-08-26
2024,36,SAGRI KALAN,0,2024-09-02
2024,37,SAGRI KALAN,0,2024-09-09
2024,38,SAGRI KALAN,1,2024-09-16
2024,39,SAGRI KALAN,1,2024-09-23
2024,40,SAGRI KALAN,1,2024-09-30
2024,41,SAGRI KALAN,3,2024-10-07
2024,42,SAGRI KALAN,0,2024-10-14
2024,43,SAGRI KALAN,2,2024-10-21
2024,44,SAGRI KALAN,1,2024-10-28
2024,45,SAGRI KALAN,2,2024-11-04
2024,46,SAGRI KALAN,1,2024-11-11
2024,47,SAGRI KALAN,0,2024-11-18
2024,48,SAGRI KALAN,0,2024-11-25
2024,49,SAGRI KALAN,0,2024-12-02
2024,50,SAGRI KALAN,0,2024-12-09
2024,51,SAGRI KALAN,0,2024-12-16
2024,52,SAGRI KALAN,0,2024-12-23
2021,1,SAIDPUR SCHEME,0,2021-01-04
2021,2,SAIDPUR SCHEME,0,2021-01-11
2021,3,SAIDPUR SCHEME,0,2021-01-18
2021,4,SAIDPUR SCHEME,0,2021-01-25
2021,5,SAIDPUR SCHEME,0,2021-02-01
2021,6,SAIDPUR SCHEME,0,2021-02-08
2021,7,SAIDPUR SCHEME,0,2021-02-15
2021,8,SAIDPUR SCHEME,0,2021-02-22
2021,9,SAIDPUR SCHEME,0,2021-03-01
2021,10,SAIDPUR SCHEME,0,2021-03-08
2021,11,SAIDPUR SCHEME,0,2021-03-15
2021,12,SAIDPUR SCHEME,0,2021-03-22
2021,13,SAIDPUR SCHEME,0,2021-03-29
2021,14,SAIDPUR SCHEME,0,2021-04-05
2021,15,SAIDPUR SCHEME,0,2021-04-12
2021,16,SAIDPUR SCHEME,0,2021-04-19
2021,17,SAIDPUR SCHEME,0,2021-04-26
2021,18,SAIDPUR SCHEME,0,2021-05-03
2021,19,SAIDPUR SCHEME,0,2021-05-10
2021,20,SAIDPUR SCHEME,0,2021-05-17
2021,21,SAIDPUR SCHEME,0,2021-05-24
2021,22,SAIDPUR SCHEME,0,2021-05-31
2021,23,SAIDPUR SCHEME,0,2021-06-07
2021,24,SAIDPUR SCHEME,0,2021-06-14
2021,25,SAIDPUR SCHEME,0,2021-06-21
2021,26,SAIDPUR SCHEME,0,2021-06-28
2021,27,SAIDPUR SCHEME,0,2021-07-05
2021,28,SAIDPUR SCHEME,0,2021-07-12
2021,29,SAIDPUR SCHEME,0,2021-07-19
2021,30,SAIDPUR SCHEME,0,2021-07-26
2021,31,SAIDPUR SCHEME,0,2021-08-02
2021,32,SAIDPUR SCHEME,0,2021-08-09
2021,33,SAIDPUR SCHEME,0,2021-08-16
2021,34,SAIDPUR SCHEME,0,2021-08-23
2021,35,SAIDPUR SCHEME,0,2021-08-30
2021,36,SAIDPUR SCHEME,0,2021-09-06
2021,37,SAIDPUR SCHEME,0,2021-09-13
2021,38,SAIDPUR SCHEME,0,2021-09-20
2021,39,SAIDPUR SCHEME,0,2021-09-27
2021,40,SAIDPUR SCHEME,1,2021-10-04
2021,41,SAIDPUR SCHEME,1,2021-10-11
2021,42,SAIDPUR SCHEME,0,2021-10-18
2021,43,SAIDPUR SCHEME,0,2021-10-25
2021,44,SAIDPUR SCHEME,0,2021-11-01
2021,45,SAIDPUR SCHEME,0,2021-11-08
2021,46,SAIDPUR SCHEME,0,2021-11-15
2021,47,SAIDPUR SCHEME,0,2021-11-22
2021,48,SAIDPUR SCHEME,0,2021-11-29
2021,49,SAIDPUR SCHEME,0,2021-12-06
2021,50,SAIDPUR SCHEME,0,2021-12-13
2021,51,SAIDPUR SCHEME,0,2021-12-20
2021,52,SAIDPUR SCHEME,0,2021-12-27
2022,1,SAIDPUR SCHEME,0,2022-01-03
2022,2,SAIDPUR SCHEME,0,2022-01-10
2022,3,SAIDPUR SCHEME,0,2022-01-17
2022,4,SAIDPUR SCHEME,0,2022-01-24
2022,5,SAIDPUR SCHEME,0,2022-01-31
2022,6,SAIDPUR SCHEME,0,2022-02-07
2022,7,SAIDPUR SCHEME,0,2022-02-14
2022,8,SAIDPUR SCHEME,0,2022-02-21
2022,9,SAIDPUR SCHEME,0,2022-02-28
2022,10,SAIDPUR SCHEME,0,2022-03-07
2022,11,SAIDPUR SCHEME,0,2022-03-14
2022,12,SAIDPUR SCHEME,0,2022-03-21
2022,13,SAIDPUR SCHEME,0,2022-03-28
2022,14,SAIDPUR SCHEME,0,2022-04-04
2022,15,SAIDPUR SCHEME,0,2022-04-11
2022,16,SAIDPUR SCHEME,0,2022-04-18
2022,17,SAIDPUR SCHEME,0,2022-04-25
2022,18,SAIDPUR SCHEME,0,2022-05-02
2022,19,SAIDPUR SCHEME,0,2022-05-09
2022,20,SAIDPUR SCHEME,0,2022-05-16
2022,21,SAIDPUR SCHEME,0,2022-05-23
2022,22,SAIDPUR SCHEME,0,2022-05-30
2022,23,SAIDPUR SCHEME,0,2022-06-06
2022,24,SAIDPUR SCHEME,0,2022-06-13
2022,25,SAIDPUR SCHEME,0,2022-06-20
2022,26,SAIDPUR SCHEME,0,2022-06-27
2022,27,SAIDPUR SCHEME,0,2022-07-04
2022,28,SAIDPUR SCHEME,0,2022-07-11
2022,29,SAIDPUR SCHEME,0,2022-07-18
2022,30,SAIDPUR SCHEME,0,2022-07-25
2022,31,SAIDPUR SCHEME,0,2022-08-01
2022,32,SAIDPUR SCHEME,0,2022-08-08
2022,33,SAIDPUR SCHEME,0,2022-08-15
2022,34,SAIDPUR SCHEME,0,2022-08-22
2022,35,SAIDPUR SCHEME,0,2022-08-29
2022,36,SAIDPUR SCHEME,0,2022-09-05
2022,37,SAIDPUR SCHEME,0,2022-09-12
2022,38,SAIDPUR SCHEME,0,2022-09-19
2022,39,SAIDPUR SCHEME,0,2022-09-26
2022,40,SAIDPUR SCHEME,0,2022-10-03
2022,41,SAIDPUR SCHEME,0,2022-10-10
2022,42,SAIDPUR SCHEME,0,2022-10-17
2022,43,SAIDPUR SCHEME,0,2022-10-24
2022,44,SAIDPUR SCHEME,0,2022-10-31
2022,45,SAIDPUR SCHEME,0,2022-11-07
2022,46,SAIDPUR SCHEME,0,2022-11-14
2022,47,SAIDPUR SCHEME,0,2022-11-21
2022,48,SAIDPUR SCHEME,0,2022-11-28
2022,49,SAIDPUR SCHEME,0,2022-12-05
2022,50,SAIDPUR SCHEME,0,2022-12-12
2022,51,SAIDPUR SCHEME,0,2022-12-19
2022,52,SAIDPUR SCHEME,0,2022-12-26
2023,1,SAIDPUR SCHEME,0,2023-01-02
2023,2,SAIDPUR SCHEME,0,2023-01-09
2023,3,SAIDPUR SCHEME,0,2023-01-16
2023,4,SAIDPUR SCHEME,0,2023-01-23
2023,5,SAIDPUR SCHEME,0,2023-01-30
2023,6,SAIDPUR SCHEME,0,2023-02-06
2023,7,SAIDPUR SCHEME,0,2023-02-13
2023,8,SAIDPUR SCHEME,0,2023-02-20
2023,9,SAIDPUR SCHEME,0,2023-02-27
2023,10,SAIDPUR SCHEME,0,2023-03-06
2023,11,SAIDPUR SCHEME,0,2023-03-13
2023,12,SAIDPUR SCHEME,0,2023-03-20
2023,13,SAIDPUR SCHEME,0,2023-03-27
2023,14,SAIDPUR SCHEME,0,2023-04-03
2023,15,SAIDPUR SCHEME,0,2023-04-10
2023,16,SAIDPUR SCHEME,0,2023-04-17
2023,17,SAIDPUR SCHEME,0,2023-04-24
2023,18,SAIDPUR SCHEME,0,2023-05-01
2023,19,SAIDPUR SCHEME,0,2023-05-08
2023,20,SAIDPUR SCHEME,0,2023-05-15
2023,21,SAIDPUR SCHEME,0,2023-05-22
2023,22,SAIDPUR SCHEME,0,2023-05-29
2023,23,SAIDPUR SCHEME,0,2023-06-05
2023,24,SAIDPUR SCHEME,0,2023-06-12
2023,25,SAIDPUR SCHEME,0,2023-06-19
2023,26,SAIDPUR SCHEME,0,2023-06-26
2023,27,SAIDPUR SCHEME,0,2023-07-03
2023,28,SAIDPUR SCHEME,0,2023-07-10
2023,29,SAIDPUR SCHEME,0,2023-07-17
2023,30,SAIDPUR SCHEME,0,2023-07-24
2023,31,SAIDPUR SCHEME,0,2023-07-31
2023,32,SAIDPUR SCHEME,0,2023-08-07
2023,33,SAIDPUR SCHEME,0,2023-08-14
2023,34,SAIDPUR SCHEME,0,2023-08-21
2023,35,SAIDPUR SCHEME,0,2023-08-28
2023,36,SAIDPUR SCHEME,0,2023-09-04
2023,37,SAIDPUR SCHEME,0,2023-09-11
2023,38,SAIDPUR SCHEME,0,2023-09-18
2023,39,SAIDPUR SCHEME,0,2023-09-25
2023,40,SAIDPUR SCHEME,0,2023-10-02
2023,41,SAIDPUR SCHEME,0,2023-10-09
2023,42,SAIDPUR SCHEME,0,2023-10-16
2023,43,SAIDPUR SCHEME,0,2023-10-23
2023,44,SAIDPUR SCHEME,0,2023-10-30
2023,45,SAIDPUR SCHEME,0,2023-11-06
2023,46,SAIDPUR SCHEME,0,2023-11-13
2023,47,SAIDPUR SCHEME,0,2023-11-20
2023,48,SAIDPUR SCHEME,0,2023-11-27
2023,49,SAIDPUR SCHEME,0,2023-12-04
2023,50,SAIDPUR SCHEME,0,2023-12-11
2023,51,SAIDPUR SCHEME,0,2023-12-18
2023,52,SAIDPUR SCHEME,0,2023-12-25
2024,1,SAIDPUR SCHEME,0,2024-01-01
2024,2,SAIDPUR SCHEME,0,2024-01-08
2024,3,SAIDPUR SCHEME,0,2024-01-15
2024,4,SAIDPUR SCHEME,0,2024-01-22
2024,5,SAIDPUR SCHEME,0,2024-01-29
2024,6,SAIDPUR SCHEME,0,2024-02-05
2024,7,SAIDPUR SCHEME,0,2024-02-12
2024,8,SAIDPUR SCHEME,0,2024-02-19
2024,9,SAIDPUR SCHEME,0,2024-02-26
2024,10,SAIDPUR SCHEME,0,2024-03-04
2024,11,SAIDPUR SCHEME,0,2024-03-11
2024,12,SAIDPUR SCHEME,0,2024-03-18
2024,13,SAIDPUR SCHEME,0,2024-03-25
2024,14,SAIDPUR SCHEME,0,2024-04-01
2024,15,SAIDPUR SCHEME,0,2024-04-08
2024,16,SAIDPUR SCHEME,0,2024-04-15
2024,17,SAIDPUR SCHEME,0,2024-04-22
2024,18,SAIDPUR SCHEME,0,2024-04-29
2024,19,SAIDPUR SCHEME,0,2024-05-06
2024,20,SAIDPUR SCHEME,0,2024-05-13
2024,21,SAIDPUR SCHEME,0,2024-05-20
2024,22,SAIDPUR SCHEME,0,2024-05-27
2024,23,SAIDPUR SCHEME,0,2024-06-03
2024,24,SAIDPUR SCHEME,0,2024-06-10
2024,25,SAIDPUR SCHEME,0,2024-06-17
2024,26,SAIDPUR SCHEME,0,2024-06-24
2024,27,SAIDPUR SCHEME,0,2024-07-01
2024,28,SAIDPUR SCHEME,0,2024-07-08
2024,29,SAIDPUR SCHEME,0,2024-07-15
2024,30,SAIDPUR SCHEME,0,2024-07-22
2024,31,SAIDPUR SCHEME,0,2024-07-29
2024,32,SAIDPUR SCHEME,0,2024-08-05
2024,33,SAIDPUR SCHEME,0,2024-08-12
2024,34,SAIDPUR SCHEME,0,2024-08-19
2024,35,SAIDPUR SCHEME,0,2024-08-26
2024,36,SAIDPUR SCHEME,0,2024-09-02
2024,37,SAIDPUR SCHEME,0,2024-09-09
2024,38,SAIDPUR SCHEME,0,2024-09-16
2024,39,SAIDPUR SCHEME,0,2024-09-23
2024,40,SAIDPUR SCHEME,1,2024-09-30
2024,41,SAIDPUR SCHEME,0,2024-10-07
2024,42,SAIDPUR SCHEME,0,2024-10-14
2024,43,SAIDPUR SCHEME,0,2024-10-21
2024,44,SAIDPUR SCHEME,0,2024-10-28
2024,45,SAIDPUR SCHEME,0,2024-11-04
2024,46,SAIDPUR SCHEME,0,2024-11-11
2024,47,SAIDPUR SCHEME,1,2024-11-18
2024,48,SAIDPUR SCHEME,0,2024-11-25
2024,49,SAIDPUR SCHEME,0,2024-12-02
2024,50,SAIDPUR SCHEME,0,2024-12-09
2024,51,SAIDPUR SCHEME,0,2024-12-16
2024,52,SAIDPUR SCHEME,0,2024-12-23
2021,1,SEHAL,0,2021-01-04
2021,2,SEHAL,0,2021-01-11
2021,3,SEHAL,0,2021-01-18
2021,4,SEHAL,0,2021-01-25
2021,5,SEHAL,0,2021-02-01
2021,6,SEHAL,0,2021-02-08
2021,7,SEHAL,0,2021-02-15
2021,8,SEHAL,0,2021-02-22
2021,9,SEHAL,0,2021-03-01
2021,10,SEHAL,0,2021-03-08
2021,11,SEHAL,0,2021-03-15
2021,12,SEHAL,0,2021-03-22
2021,13,SEHAL,0,2021-03-29
2021,14,SEHAL,0,2021-04-05
2021,15,SEHAL,0,2021-04-12
2021,16,SEHAL,0,2021-04-19
2021,17,SEHAL,0,2021-04-26
2021,18,SEHAL,0,2021-05-03
2021,19,SEHAL,0,2021-05-10
2021,20,SEHAL,0,2021-05-17
2021,21,SEHAL,0,2021-05-24
2021,22,SEHAL,0,2021-05-31
2021,23,SEHAL,0,2021-06-07
2021,24,SEHAL,0,2021-06-14
2021,25,SEHAL,0,2021-06-21
2021,26,SEHAL,0,2021-06-28
2021,27,SEHAL,0,2021-07-05
2021,28,SEHAL,0,2021-07-12
2021,29,SEHAL,0,2021-07-19
2021,30,SEHAL,0,2021-07-26
2021,31,SEHAL,0,2021-08-02
2021,32,SEHAL,0,2021-08-09
2021,33,SEHAL,0,2021-08-16
2021,34,SEHAL,0,2021-08-23
2021,35,SEHAL,0,2021-08-30
2021,36,SEHAL,0,2021-09-06
2021,37,SEHAL,0,2021-09-13
2021,38,SEHAL,0,2021-09-20
2021,39,SEHAL,0,2021-09-27
2021,40,SEHAL,0,2021-10-04
2021,41,SEHAL,1,2021-10-11
2021,42,SEHAL,0,2021-10-18
2021,43,SEHAL,0,2021-10-25
2021,44,SEHAL,0,2021-11-01
2021,45,SEHAL,0,2021-11-08
2021,46,SEHAL,0,2021-11-15
2021,47,SEHAL,0,2021-11-22
2021,48,SEHAL,0,2021-11-29
2021,49,SEHAL,0,2021-12-06
2021,50,SEHAL,0,2021-12-13
2021,51,SEHAL,0,2021-12-20
2021,52,SEHAL,0,2021-12-27
2022,1,SEHAL,0,2022-01-03
2022,2,SEHAL,0,2022-01-10
2022,3,SEHAL,0,2022-01-17
2022,4,SEHAL,0,2022-01-24
2022,5,SEHAL,0,2022-01-31
2022,6,SEHAL,0,2022-02-07
2022,7,SEHAL,0,2022-02-14
2022,8,SEHAL,0,2022-02-21
2022,9,SEHAL,0,2022-02-28
2022,10,SEHAL,0,2022-03-07
2022,11,SEHAL,0,2022-03-14
2022,12,SEHAL,0,2022-03-21
2022,13,SEHAL,0,2022-03-28
2022,14,SEHAL,0,2022-04-04
2022,15,SEHAL,0,2022-04-11
2022,16,SEHAL,0,2022-04-18
2022,17,SEHAL,0,2022-04-25
2022,18,SEHAL,0,2022-05-02
2022,19,SEHAL,0,2022-05-09
2022,20,SEHAL,0,2022-05-16
2022,21,SEHAL,0,2022-05-23
2022,22,SEHAL,0,2022-05-30
2022,23,SEHAL,0,2022-06-06
2022,24,SEHAL,0,2022-06-13
2022,25,SEHAL,0,2022-06-20
2022,26,SEHAL,0,2022-06-27
2022,27,SEHAL,0,2022-07-04
2022,28,SEHAL,0,2022-07-11
2022,29,SEHAL,0,2022-07-18
2022,30,SEHAL,0,2022-07-25
2022,31,SEHAL,0,2022-08-01
2022,32,SEHAL,0,2022-08-08
2022,33,SEHAL,0,2022-08-15
2022,34,SEHAL,0,2022-08-22
2022,35,SEHAL,0,2022-08-29
2022,36,SEHAL,0,2022-09-05
2022,37,SEHAL,0,2022-09-12
2022,38,SEHAL,0,2022-09-19
2022,39,SEHAL,0,2022-09-26
2022,40,SEHAL,0,2022-10-03
2022,41,SEHAL,0,2022-10-10
2022,42,SEHAL,0,2022-10-17
2022,43,SEHAL,0,2022-10-24
2022,44,SEHAL,1,2022-10-31
2022,45,SEHAL,0,2022-11-07
2022,46,SEHAL,0,2022-11-14
2022,47,SEHAL,0,2022-11-21
2022,48,SEHAL,0,2022-11-28
2022,49,SEHAL,0,2022-12-05
2022,50,SEHAL,0,2022-12-12
2022,51,SEHAL,0,2022-12-19
2022,52,SEHAL,0,2022-12-26
2023,1,SEHAL,0,2023-01-02
2023,2,SEHAL,0,2023-01-09
2023,3,SEHAL,0,2023-01-16
2023,4,SEHAL,0,2023-01-23
2023,5,SEHAL,0,2023-01-30
2023,6,SEHAL,0,2023-02-06
2023,7,SEHAL,0,2023-02-13
2023,8,SEHAL,0,2023-02-20
2023,9,SEHAL,0,2023-02-27
2023,10,SEHAL,0,2023-03-06
2023,11,SEHAL,0,2023-03-13
2023,12,SEHAL,0,2023-03-20
2023,13,SEHAL,0,2023-03-27
2023,14,SEHAL,0,2023-04-03
2023,15,SEHAL,0,2023-04-10
2023,16,SEHAL,0,2023-04-17
2023,17,SEHAL,0,2023-04-24
2023,18,SEHAL,0,2023-05-01
2023,19,SEHAL,0,2023-05-08
2023,20,SEHAL,0,2023-05-15
2023,21,SEHAL,0,2023-05-22
2023,22,SEHAL,0,2023-05-29
2023,23,SEHAL,0,2023-06-05
2023,24,SEHAL,0,2023-06-12
2023,25,SEHAL,0,2023-06-19
2023,26,SEHAL,0,2023-06-26
2023,27,SEHAL,0,2023-07-03
2023,28,SEHAL,0,2023-07-10
2023,29,SEHAL,0,2023-07-17
2023,30,SEHAL,0,2023-07-24
2023,31,SEHAL,0,2023-07-31
2023,32,SEHAL,0,2023-08-07
2023,33,SEHAL,0,2023-08-14
2023,34,SEHAL,0,2023-08-21
2023,35,SEHAL,0,2023-08-28
2023,36,SEHAL,0,2023-09-04
2023,37,SEHAL,0,2023-09-11
2023,38,SEHAL,0,2023-09-18
2023,39,SEHAL,0,2023-09-25
2023,40,SEHAL,0,2023-10-02
2023,41,SEHAL,1,2023-10-09
2023,42,SEHAL,0,2023-10-16
2023,43,SEHAL,0,2023-10-23
2023,44,SEHAL,0,2023-10-30
2023,45,SEHAL,0,2023-11-06
2023,46,SEHAL,0,2023-11-13
2023,47,SEHAL,0,2023-11-20
2023,48,SEHAL,0,2023-11-27
2023,49,SEHAL,0,2023-12-04
2023,50,SEHAL,0,2023-12-11
2023,51,SEHAL,0,2023-12-18
2023,52,SEHAL,0,2023-12-25
2024,1,SEHAL,0,2024-01-01
2024,2,SEHAL,0,2024-01-08
2024,3,SEHAL,0,2024-01-15
2024,4,SEHAL,0,2024-01-22
2024,5,SEHAL,0,2024-01-29
2024,6,SEHAL,0,2024-02-05
2024,7,SEHAL,0,2024-02-12
2024,8,SEHAL,0,2024-02-19
2024,9,SEHAL,0,2024-02-26
2024,10,SEHAL,0,2024-03-04
2024,11,SEHAL,0,2024-03-11
2024,12,SEHAL,0,2024-03-18
2024,13,SEHAL,0,2024-03-25
2024,14,SEHAL,0,2024-04-01
2024,15,SEHAL,0,2024-04-08
2024,16,SEHAL,0,2024-04-15
2024,17,SEHAL,0,2024-04-22
2024,18,SEHAL,0,2024-04-29
2024,19,SEHAL,0,2024-05-06
2024,20,SEHAL,0,2024-05-13
2024,21,SEHAL,0,2024-05-20
2024,22,SEHAL,0,2024-05-27
2024,23,SEHAL,0,2024-06-03
2024,24,SEHAL,0,2024-06-10
2024,25,SEHAL,0,2024-06-17
2024,26,SEHAL,0,2024-06-24
2024,27,SEHAL,0,2024-07-01
2024,28,SEHAL,0,2024-07-08
2024,29,SEHAL,0,2024-07-15
2024,30,SEHAL,0,2024-07-22
2024,31,SEHAL,0,2024-07-29
2024,32,SEHAL,0,2024-08-05
2024,33,SEHAL,0,2024-08-12
2024,34,SEHAL,0,2024-08-19
2024,35,SEHAL,0,2024-08-26
2024,36,SEHAL,0,2024-09-02
2024,37,SEHAL,0,2024-09-09
2024,38,SEHAL,0,2024-09-16
2024,39,SEHAL,0,2024-09-23
2024,40,SEHAL,0,2024-09-30
2024,41,SEHAL,0,2024-10-07
2024,42,SEHAL,0,2024-10-14
2024,43,SEHAL,1,2024-10-21
2024,44,SEHAL,0,2024-10-28
2024,45,SEHAL,1,2024-11-04
2024,46,SEHAL,0,2024-11-11
2024,47,SEHAL,0,2024-11-18
2024,48,SEHAL,0,2024-11-25
2024,49,SEHAL,0,2024-12-02
2024,50,SEHAL,0,2024-12-09
2024,51,SEHAL,0,2024-12-16
2024,52,SEHAL,0,2024-12-23
2021,1,SHAH CHAN CHARAGH,0,2021-01-04
2021,2,SHAH CHAN CHARAGH,0,2021-01-11
2021,3,SHAH CHAN CHARAGH,0,2021-01-18
2021,4,SHAH CHAN CHARAGH,0,2021-01-25
2021,5,SHAH CHAN CHARAGH,0,2021-02-01
2021,6,SHAH CHAN CHARAGH,0,2021-02-08
2021,7,SHAH CHAN CHARAGH,0,2021-02-15
2021,8,SHAH CHAN CHARAGH,0,2021-02-22
2021,9,SHAH CHAN CHARAGH,0,2021-03-01
2021,10,SHAH CHAN CHARAGH,0,2021-03-08
2021,11,SHAH CHAN CHARAGH,0,2021-03-15
2021,12,SHAH CHAN CHARAGH,0,2021-03-22
2021,13,SHAH CHAN CHARAGH,0,2021-03-29
2021,14,SHAH CHAN CHARAGH,0,2021-04-05
2021,15,SHAH CHAN CHARAGH,0,2021-04-12
2021,16,SHAH CHAN CHARAGH,0,2021-04-19
2021,17,SHAH CHAN CHARAGH,0,2021-04-26
2021,18,SHAH CHAN CHARAGH,0,2021-05-03
2021,19,SHAH CHAN CHARAGH,0,2021-05-10
2021,20,SHAH CHAN CHARAGH,0,2021-05-17
2021,21,SHAH CHAN CHARAGH,0,2021-05-24
2021,22,SHAH CHAN CHARAGH,0,2021-05-31
2021,23,SHAH CHAN CHARAGH,0,2021-06-07
2021,24,SHAH CHAN CHARAGH,0,2021-06-14
2021,25,SHAH CHAN CHARAGH,0,2021-06-21
2021,26,SHAH CHAN CHARAGH,0,2021-06-28
2021,27,SHAH CHAN CHARAGH,0,2021-07-05
2021,28,SHAH CHAN CHARAGH,0,2021-07-12
2021,29,SHAH CHAN CHARAGH,0,2021-07-19
2021,30,SHAH CHAN CHARAGH,0,2021-07-26
2021,31,SHAH CHAN CHARAGH,0,2021-08-02
2021,32,SHAH CHAN CHARAGH,0,2021-08-09
2021,33,SHAH CHAN CHARAGH,0,2021-08-16
2021,34,SHAH CHAN CHARAGH,0,2021-08-23
2021,35,SHAH CHAN CHARAGH,0,2021-08-30
2021,36,SHAH CHAN CHARAGH,0,2021-09-06
2021,37,SHAH CHAN CHARAGH,0,2021-09-13
2021,38,SHAH CHAN CHARAGH,0,2021-09-20
2021,39,SHAH CHAN CHARAGH,0,2021-09-27
2021,40,SHAH CHAN CHARAGH,0,2021-10-04
2021,41,SHAH CHAN CHARAGH,1,2021-10-11
2021,42,SHAH CHAN CHARAGH,1,2021-10-18
2021,43,SHAH CHAN CHARAGH,2,2021-10-25
2021,44,SHAH CHAN CHARAGH,0,2021-11-01
2021,45,SHAH CHAN CHARAGH,0,2021-11-08
2021,46,SHAH CHAN CHARAGH,0,2021-11-15
2021,47,SHAH CHAN CHARAGH,0,2021-11-22
2021,48,SHAH CHAN CHARAGH,0,2021-11-29
2021,49,SHAH CHAN CHARAGH,0,2021-12-06
2021,50,SHAH CHAN CHARAGH,0,2021-12-13
2021,51,SHAH CHAN CHARAGH,0,2021-12-20
2021,52,SHAH CHAN CHARAGH,0,2021-12-27
2022,1,SHAH CHAN CHARAGH,0,2022-01-03
2022,2,SHAH CHAN CHARAGH,0,2022-01-10
2022,3,SHAH CHAN CHARAGH,0,2022-01-17
2022,4,SHAH CHAN CHARAGH,0,2022-01-24
2022,5,SHAH CHAN CHARAGH,0,2022-01-31
2022,6,SHAH CHAN CHARAGH,0,2022-02-07
2022,7,SHAH CHAN CHARAGH,0,2022-02-14
2022,8,SHAH CHAN CHARAGH,0,2022-02-21
2022,9,SHAH CHAN CHARAGH,0,2022-02-28
2022,10,SHAH CHAN CHARAGH,0,2022-03-07
2022,11,SHAH CHAN CHARAGH,0,2022-03-14
2022,12,SHAH CHAN CHARAGH,0,2022-03-21
2022,13,SHAH CHAN CHARAGH,0,2022-03-28
2022,14,SHAH CHAN CHARAGH,0,2022-04-04
2022,15,SHAH CHAN CHARAGH,0,2022-04-11
2022,16,SHAH CHAN CHARAGH,0,2022-04-18
2022,17,SHAH CHAN CHARAGH,0,2022-04-25
2022,18,SHAH CHAN CHARAGH,0,2022-05-02
2022,19,SHAH CHAN CHARAGH,0,2022-05-09
2022,20,SHAH CHAN CHARAGH,0,2022-05-16
2022,21,SHAH CHAN CHARAGH,0,2022-05-23
2022,22,SHAH CHAN CHARAGH,0,2022-05-30
2022,23,SHAH CHAN CHARAGH,0,2022-06-06
2022,24,SHAH CHAN CHARAGH,0,2022-06-13
2022,25,SHAH CHAN CHARAGH,0,2022-06-20
2022,26,SHAH CHAN CHARAGH,0,2022-06-27
2022,27,SHAH CHAN CHARAGH,0,2022-07-04
2022,28,SHAH CHAN CHARAGH,0,2022-07-11
2022,29,SHAH CHAN CHARAGH,0,2022-07-18
2022,30,SHAH CHAN CHARAGH,0,2022-07-25
2022,31,SHAH CHAN CHARAGH,0,2022-08-01
2022,32,SHAH CHAN CHARAGH,0,2022-08-08
2022,33,SHAH CHAN CHARAGH,0,2022-08-15
2022,34,SHAH CHAN CHARAGH,0,2022-08-22
2022,35,SHAH CHAN CHARAGH,0,2022-08-29
2022,36,SHAH CHAN CHARAGH,1,2022-09-05
2022,37,SHAH CHAN CHARAGH,1,2022-09-12
2022,38,SHAH CHAN CHARAGH,1,2022-09-19
2022,39,SHAH CHAN CHARAGH,4,2022-09-26
2022,40,SHAH CHAN CHARAGH,2,2022-10-03
2022,41,SHAH CHAN CHARAGH,2,2022-10-10
2022,42,SHAH CHAN CHARAGH,3,2022-10-17
2022,43,SHAH CHAN CHARAGH,1,2022-10-24
2022,44,SHAH CHAN CHARAGH,3,2022-10-31
2022,45,SHAH CHAN CHARAGH,1,2022-11-07
2022,46,SHAH CHAN CHARAGH,0,2022-11-14
2022,47,SHAH CHAN CHARAGH,0,2022-11-21
2022,48,SHAH CHAN CHARAGH,0,2022-11-28
2022,49,SHAH CHAN CHARAGH,0,2022-12-05
2022,50,SHAH CHAN CHARAGH,0,2022-12-12
2022,51,SHAH CHAN CHARAGH,0,2022-12-19
2022,52,SHAH CHAN CHARAGH,0,2022-12-26
2023,1,SHAH CHAN CHARAGH,0,2023-01-02
2023,2,SHAH CHAN CHARAGH,0,2023-01-09
2023,3,SHAH CHAN CHARAGH,0,2023-01-16
2023,4,SHAH CHAN CHARAGH,0,2023-01-23
2023,5,SHAH CHAN CHARAGH,0,2023-01-30
2023,6,SHAH CHAN CHARAGH,0,2023-02-06
2023,7,SHAH CHAN CHARAGH,0,2023-02-13
2023,8,SHAH CHAN CHARAGH,0,2023-02-20
2023,9,SHAH CHAN CHARAGH,0,2023-02-27
2023,10,SHAH CHAN CHARAGH,0,2023-03-06
2023,11,SHAH CHAN CHARAGH,0,2023-03-13
2023,12,SHAH CHAN CHARAGH,0,2023-03-20
2023,13,SHAH CHAN CHARAGH,0,2023-03-27
2023,14,SHAH CHAN CHARAGH,0,2023-04-03
2023,15,SHAH CHAN CHARAGH,0,2023-04-10
2023,16,SHAH CHAN CHARAGH,0,2023-04-17
2023,17,SHAH CHAN CHARAGH,0,2023-04-24
2023,18,SHAH CHAN CHARAGH,0,2023-05-01
2023,19,SHAH CHAN CHARAGH,0,2023-05-08
2023,20,SHAH CHAN CHARAGH,0,2023-05-15
2023,21,SHAH CHAN CHARAGH,0,2023-05-22
2023,22,SHAH CHAN CHARAGH,0,2023-05-29
2023,23,SHAH CHAN CHARAGH,0,2023-06-05
2023,24,SHAH CHAN CHARAGH,0,2023-06-12
2023,25,SHAH CHAN CHARAGH,0,2023-06-19
2023,26,SHAH CHAN CHARAGH,0,2023-06-26
2023,27,SHAH CHAN CHARAGH,0,2023-07-03
2023,28,SHAH CHAN CHARAGH,0,2023-07-10
2023,29,SHAH CHAN CHARAGH,0,2023-07-17
2023,30,SHAH CHAN CHARAGH,0,2023-07-24
2023,31,SHAH CHAN CHARAGH,0,2023-07-31
2023,32,SHAH CHAN CHARAGH,0,2023-08-07
2023,33,SHAH CHAN CHARAGH,0,2023-08-14
2023,34,SHAH CHAN CHARAGH,0,2023-08-21
2023,35,SHAH CHAN CHARAGH,0,2023-08-28
2023,36,SHAH CHAN CHARAGH,0,2023-09-04
2023,37,SHAH CHAN CHARAGH,0,2023-09-11
2023,38,SHAH CHAN CHARAGH,1,2023-09-18
2023,39,SHAH CHAN CHARAGH,1,2023-09-25
2023,40,SHAH CHAN CHARAGH,6,2023-10-02
2023,41,SHAH CHAN CHARAGH,1,2023-10-09
2023,42,SHAH CHAN CHARAGH,2,2023-10-16
2023,43,SHAH CHAN CHARAGH,2,2023-10-23
2023,44,SHAH CHAN CHARAGH,0,2023-10-30
2023,45,SHAH CHAN CHARAGH,2,2023-11-06
2023,46,SHAH CHAN CHARAGH,0,2023-11-13
2023,47,SHAH CHAN CHARAGH,0,2023-11-20
2023,48,SHAH CHAN CHARAGH,0,2023-11-27
2023,49,SHAH CHAN CHARAGH,0,2023-12-04
2023,50,SHAH CHAN CHARAGH,1,2023-12-11
2023,51,SHAH CHAN CHARAGH,0,2023-12-18
2023,52,SHAH CHAN CHARAGH,0,2023-12-25
2024,1,SHAH CHAN CHARAGH,0,2024-01-01
2024,2,SHAH CHAN CHARAGH,0,2024-01-08
2024,3,SHAH CHAN CHARAGH,0,2024-01-15
2024,4,SHAH CHAN CHARAGH,0,2024-01-22
2024,5,SHAH CHAN CHARAGH,0,2024-01-29
2024,6,SHAH CHAN CHARAGH,0,2024-02-05
2024,7,SHAH CHAN CHARAGH,0,2024-02-12
2024,8,SHAH CHAN CHARAGH,0,2024-02-19
2024,9,SHAH CHAN CHARAGH,0,2024-02-26
2024,10,SHAH CHAN CHARAGH,0,2024-03-04
2024,11,SHAH CHAN CHARAGH,0,2024-03-11
2024,12,SHAH CHAN CHARAGH,0,2024-03-18
2024,13,SHAH CHAN CHARAGH,0,2024-03-25
2024,14,SHAH CHAN CHARAGH,0,2024-04-01
2024,15,SHAH CHAN CHARAGH,0,2024-04-08
2024,16,SHAH CHAN CHARAGH,0,2024-04-15
2024,17,SHAH CHAN CHARAGH,0,2024-04-22
2024,18,SHAH CHAN CHARAGH,0,2024-04-29
2024,19,SHAH CHAN CHARAGH,0,2024-05-06
2024,20,SHAH CHAN CHARAGH,0,2024-05-13
2024,21,SHAH CHAN CHARAGH,0,2024-05-20
2024,22,SHAH CHAN CHARAGH,0,2024-05-27
2024,23,SHAH CHAN CHARAGH,0,2024-06-03
2024,24,SHAH CHAN CHARAGH,0,2024-06-10
2024,25,SHAH CHAN CHARAGH,0,2024-06-17
2024,26,SHAH CHAN CHARAGH,0,2024-06-24
2024,27,SHAH CHAN CHARAGH,0,2024-07-01
2024,28,SHAH CHAN CHARAGH,0,2024-07-08
2024,29,SHAH CHAN CHARAGH,0,2024-07-15
2024,30,SHAH CHAN CHARAGH,0,2024-07-22
2024,31,SHAH CHAN CHARAGH,0,2024-07-29
2024,32,SHAH CHAN CHARAGH,0,2024-08-05
2024,33,SHAH CHAN CHARAGH,0,2024-08-12
2024,34,SHAH CHAN CHARAGH,0,2024-08-19
2024,35,SHAH CHAN CHARAGH,0,2024-08-26
2024,36,SHAH CHAN CHARAGH,1,2024-09-02
2024,37,SHAH CHAN CHARAGH,1,2024-09-09
2024,38,SHAH CHAN CHARAGH,0,2024-09-16
2024,39,SHAH CHAN CHARAGH,3,2024-09-23
2024,40,SHAH CHAN CHARAGH,1,2024-09-30
2024,41,SHAH CHAN CHARAGH,0,2024-10-07
2024,42,SHAH CHAN CHARAGH,0,2024-10-14
2024,43,SHAH CHAN CHARAGH,0,2024-10-21
2024,44,SHAH CHAN CHARAGH,2,2024-10-28
2024,45,SHAH CHAN CHARAGH,1,2024-11-04
2024,46,SHAH CHAN CHARAGH,3,2024-11-11
2024,47,SHAH CHAN CHARAGH,0,2024-11-18
2024,48,SHAH CHAN CHARAGH,0,2024-11-25
2024,49,SHAH CHAN CHARAGH,1,2024-12-02
2024,50,SHAH CHAN CHARAGH,0,2024-12-09
2024,51,SHAH CHAN CHARAGH,0,2024-12-16
2024,52,SHAH CHAN CHARAGH,0,2024-12-23
2021,1,TAKHT PARI,0,2021-01-04
2021,2,TAKHT PARI,0,2021-01-11
2021,3,TAKHT PARI,0,2021-01-18
2021,4,TAKHT PARI,0,2021-01-25
2021,5,TAKHT PARI,0,2021-02-01
2021,6,TAKHT PARI,0,2021-02-08
2021,7,TAKHT PARI,0,2021-02-15
2021,8,TAKHT PARI,0,2021-02-22
2021,9,TAKHT PARI,0,2021-03-01
2021,10,TAKHT PARI,0,2021-03-08
2021,11,TAKHT PARI,0,2021-03-15
2021,12,TAKHT PARI,0,2021-03-22
2021,13,TAKHT PARI,0,2021-03-29
2021,14,TAKHT PARI,0,2021-04-05
2021,15,TAKHT PARI,0,2021-04-12
2021,16,TAKHT PARI,0,2021-04-19
2021,17,TAKHT PARI,0,2021-04-26
2021,18,TAKHT PARI,0,2021-05-03
2021,19,TAKHT PARI,0,2021-05-10
2021,20,TAKHT PARI,0,2021-05-17
2021,21,TAKHT PARI,0,2021-05-24
2021,22,TAKHT PARI,0,2021-05-31
2021,23,TAKHT PARI,0,2021-06-07
2021,24,TAKHT PARI,0,2021-06-14
2021,25,TAKHT PARI,0,2021-06-21
2021,26,TAKHT PARI,0,2021-06-28
2021,27,TAKHT PARI,0,2021-07-05
2021,28,TAKHT PARI,0,2021-07-12
2021,29,TAKHT PARI,0,2021-07-19
2021,30,TAKHT PARI,0,2021-07-26
2021,31,TAKHT PARI,0,2021-08-02
2021,32,TAKHT PARI,0,2021-08-09
2021,33,TAKHT PARI,0,2021-08-16
2021,34,TAKHT PARI,0,2021-08-23
2021,35,TAKHT PARI,0,2021-08-30
2021,36,TAKHT PARI,0,2021-09-06
2021,37,TAKHT PARI,0,2021-09-13
2021,38,TAKHT PARI,0,2021-09-20
2021,39,TAKHT PARI,0,2021-09-27
2021,40,TAKHT PARI,0,2021-10-04
2021,41,TAKHT PARI,2,2021-10-11
2021,42,TAKHT PARI,0,2021-10-18
2021,43,TAKHT PARI,0,2021-10-25
2021,44,TAKHT PARI,1,2021-11-01
2021,45,TAKHT PARI,0,2021-11-08
2021,46,TAKHT PARI,0,2021-11-15
2021,47,TAKHT PARI,0,2021-11-22
2021,48,TAKHT PARI,0,2021-11-29
2021,49,TAKHT PARI,0,2021-12-06
2021,50,TAKHT PARI,0,2021-12-13
2021,51,TAKHT PARI,0,2021-12-20
2021,52,TAKHT PARI,0,2021-12-27
2022,1,TAKHT PARI,0,2022-01-03
2022,2,TAKHT PARI,0,2022-01-10
2022,3,TAKHT PARI,0,2022-01-17
2022,4,TAKHT PARI,0,2022-01-24
2022,5,TAKHT PARI,0,2022-01-31
2022,6,TAKHT PARI,0,2022-02-07
2022,7,TAKHT PARI,0,2022-02-14
2022,8,TAKHT PARI,0,2022-02-21
2022,9,TAKHT PARI,0,2022-02-28
2022,10,TAKHT PARI,0,2022-03-07
2022,11,TAKHT PARI,0,2022-03-14
2022,12,TAKHT PARI,0,2022-03-21
2022,13,TAKHT PARI,0,2022-03-28
2022,14,TAKHT PARI,0,2022-04-04
2022,15,TAKHT PARI,0,2022-04-11
2022,16,TAKHT PARI,0,2022-04-18
2022,17,TAKHT PARI,0,2022-04-25
2022,18,TAKHT PARI,0,2022-05-02
2022,19,TAKHT PARI,0,2022-05-09
2022,20,TAKHT PARI,0,2022-05-16
2022,21,TAKHT PARI,0,2022-05-23
2022,22,TAKHT PARI,0,2022-05-30
2022,23,TAKHT PARI,0,2022-06-06
2022,24,TAKHT PARI,0,2022-06-13
2022,25,TAKHT PARI,0,2022-06-20
2022,26,TAKHT PARI,0,2022-06-27
2022,27,TAKHT PARI,0,2022-07-04
2022,28,TAKHT PARI,0,2022-07-11
2022,29,TAKHT PARI,0,2022-07-18
2022,30,TAKHT PARI,0,2022-07-25
2022,31,TAKHT PARI,0,2022-08-01
2022,32,TAKHT PARI,0,2022-08-08
2022,33,TAKHT PARI,0,2022-08-15
2022,34,TAKHT PARI,0,2022-08-22
2022,35,TAKHT PARI,1,2022-08-29
2022,36,TAKHT PARI,1,2022-09-05
2022,37,TAKHT PARI,2,2022-09-12
2022,38,TAKHT PARI,3,2022-09-19
2022,39,TAKHT PARI,4,2022-09-26
2022,40,TAKHT PARI,6,2022-10-03
2022,41,TAKHT PARI,0,2022-10-10
2022,42,TAKHT PARI,1,2022-10-17
2022,43,TAKHT PARI,1,2022-10-24
2022,44,TAKHT PARI,2,2022-10-31
2022,45,TAKHT PARI,3,2022-11-07
2022,46,TAKHT PARI,2,2022-11-14
2022,47,TAKHT PARI,0,2022-11-21
2022,48,TAKHT PARI,0,2022-11-28
2022,49,TAKHT PARI,0,2022-12-05
2022,50,TAKHT PARI,0,2022-12-12
2022,51,TAKHT PARI,0,2022-12-19
2022,52,TAKHT PARI,0,2022-12-26
2023,1,TAKHT PARI,0,2023-01-02
2023,2,TAKHT PARI,0,2023-01-09
2023,3,TAKHT PARI,0,2023-01-16
2023,4,TAKHT PARI,0,2023-01-23
2023,5,TAKHT PARI,0,2023-01-30
2023,6,TAKHT PARI,0,2023-02-06
2023,7,TAKHT PARI,0,2023-02-13
2023,8,TAKHT PARI,0,2023-02-20
2023,9,TAKHT PARI,0,2023-02-27
2023,10,TAKHT PARI,0,2023-03-06
2023,11,TAKHT PARI,0,2023-03-13
2023,12,TAKHT PARI,0,2023-03-20
2023,13,TAKHT PARI,0,2023-03-27
2023,14,TAKHT PARI,0,2023-04-03
2023,15,TAKHT PARI,0,2023-04-10
2023,16,TAKHT PARI,0,2023-04-17
2023,17,TAKHT PARI,0,2023-04-24
2023,18,TAKHT PARI,0,2023-05-01
2023,19,TAKHT PARI,0,2023-05-08
2023,20,TAKHT PARI,0,2023-05-15
2023,21,TAKHT PARI,0,2023-05-22
2023,22,TAKHT PARI,0,2023-05-29
2023,23,TAKHT PARI,0,2023-06-05
2023,24,TAKHT PARI,0,2023-06-12
2023,25,TAKHT PARI,0,2023-06-19
2023,26,TAKHT PARI,0,2023-06-26
2023,27,TAKHT PARI,0,2023-07-03
2023,28,TAKHT PARI,0,2023-07-10
2023,29,TAKHT PARI,0,2023-07-17
2023,30,TAKHT PARI,0,2023-07-24
2023,31,TAKHT PARI,0,2023-07-31
2023,32,TAKHT PARI,0,2023-08-07
2023,33,TAKHT PARI,0,2023-08-14
2023,34,TAKHT PARI,0,2023-08-21
2023,35,TAKHT PARI,0,2023-08-28
2023,36,TAKHT PARI,1,2023-09-04
2023,37,TAKHT PARI,1,2023-09-11
2023,38,TAKHT PARI,1,2023-09-18
2023,39,TAKHT PARI,0,2023-09-25
2023,40,TAKHT PARI,3,2023-10-02
2023,41,TAKHT PARI,2,2023-10-09
2023,42,TAKHT PARI,2,2023-10-16
2023,43,TAKHT PARI,0,2023-10-23
2023,44,TAKHT PARI,0,2023-10-30
2023,45,TAKHT PARI,2,2023-11-06
2023,46,TAKHT PARI,0,2023-11-13
2023,47,TAKHT PARI,0,2023-11-20
2023,48,TAKHT PARI,0,2023-11-27
2023,49,TAKHT PARI,0,2023-12-04
2023,50,TAKHT PARI,0,2023-12-11
2023,51,TAKHT PARI,0,2023-12-18
2023,52,TAKHT PARI,0,2023-12-25
2024,1,TAKHT PARI,0,2024-01-01
2024,2,TAKHT PARI,0,2024-01-08
2024,3,TAKHT PARI,0,2024-01-15
2024,4,TAKHT PARI,0,2024-01-22
2024,5,TAKHT PARI,0,2024-01-29
2024,6,TAKHT PARI,0,2024-02-05
2024,7,TAKHT PARI,0,2024-02-12
2024,8,TAKHT PARI,0,2024-02-19
2024,9,TAKHT PARI,0,2024-02-26
2024,10,TAKHT PARI,0,2024-03-04
2024,11,TAKHT PARI,0,2024-03-11
2024,12,TAKHT PARI,0,2024-03-18
2024,13,TAKHT PARI,0,2024-03-25
2024,14,TAKHT PARI,0,2024-04-01
2024,15,TAKHT PARI,0,2024-04-08
2024,16,TAKHT PARI,0,2024-04-15
2024,17,TAKHT PARI,0,2024-04-22
2024,18,TAKHT PARI,0,2024-04-29
2024,19,TAKHT PARI,0,2024-05-06
2024,20,TAKHT PARI,0,2024-05-13
2024,21,TAKHT PARI,0,2024-05-20
2024,22,TAKHT PARI,0,2024-05-27
2024,23,TAKHT PARI,0,2024-06-03
2024,24,TAKHT PARI,0,2024-06-10
2024,25,TAKHT PARI,0,2024-06-17
2024,26,TAKHT PARI,0,2024-06-24
2024,27,TAKHT PARI,0,2024-07-01
2024,28,TAKHT PARI,0,2024-07-08
2024,29,TAKHT PARI,0,2024-07-15
2024,30,TAKHT PARI,0,2024-07-22
2024,31,TAKHT PARI,0,2024-07-29
2024,32,TAKHT PARI,0,2024-08-05
2024,33,TAKHT PARI,0,2024-08-12
2024,34,TAKHT PARI,0,2024-08-19
2024,35,TAKHT PARI,0,2024-08-26
2024,36,TAKHT PARI,0,2024-09-02
2024,37,TAKHT PARI,1,2024-09-09
2024,38,TAKHT PARI,3,2024-09-16
2024,39,TAKHT PARI,2,2024-09-23
2024,40,TAKHT PARI,2,2024-09-30
2024,41,TAKHT PARI,3,2024-10-07
2024,42,TAKHT PARI,8,2024-10-14
2024,43,TAKHT PARI,4,2024-10-21
2024,44,TAKHT PARI,6,2024-10-28
2024,45,TAKHT PARI,3,2024-11-04
2024,46,TAKHT PARI,5,2024-11-11
2024,47,TAKHT PARI,2,2024-11-18
2024,48,TAKHT PARI,1,2024-11-25
2024,49,TAKHT PARI,0,2024-12-02
2024,50,TAKHT PARI,1,2024-12-09
2024,51,TAKHT PARI,0,2024-12-16
2024,52,TAKHT PARI,0,2024-12-23
2021,1,Waris Khan,0,2021-01-04
2021,2,Waris Khan,0,2021-01-11
2021,3,Waris Khan,0,2021-01-18
2021,4,Waris Khan,0,2021-01-25
2021,5,Waris Khan,0,2021-02-01
2021,6,Waris Khan,0,2021-02-08
2021,7,Waris Khan,0,2021-02-15
2021,8,Waris Khan,0,2021-02-22
2021,9,Waris Khan,0,2021-03-01
2021,10,Waris Khan,0,2021-03-08
2021,11,Waris Khan,0,2021-03-15
2021,12,Waris Khan,0,2021-03-22
2021,13,Waris Khan,0,2021-03-29
2021,14,Waris Khan,0,2021-04-05
2021,15,Waris Khan,0,2021-04-12
2021,16,Waris Khan,0,2021-04-19
2021,17,Waris Khan,0,2021-04-26
2021,18,Waris Khan,0,2021-05-03
2021,19,Waris Khan,0,2021-05-10
2021,20,Waris Khan,0,2021-05-17
2021,21,Waris Khan,0,2021-05-24
2021,22,Waris Khan,0,2021-05-31
2021,23,Waris Khan,0,2021-06-07
2021,24,Waris Khan,0,2021-06-14
2021,25,Waris Khan,0,2021-06-21
2021,26,Waris Khan,0,2021-06-28
2021,27,Waris Khan,0,2021-07-05
2021,28,Waris Khan,0,2021-07-12
2021,29,Waris Khan,0,2021-07-19
2021,30,Waris Khan,0,2021-07-26
2021,31,Waris Khan,0,2021-08-02
2021,32,Waris Khan,0,2021-08-09
2021,33,Waris Khan,0,2021-08-16
2021,34,Waris Khan,0,2021-08-23
2021,35,Waris Khan,0,2021-08-30
2021,36,Waris Khan,1,2021-09-06
2021,37,Waris Khan,0,2021-09-13
2021,38,Waris Khan,1,2021-09-20
2021,39,Waris Khan,4,2021-09-27
2021,40,Waris Khan,8,2021-10-04
2021,41,Waris Khan,6,2021-10-11
2021,42,Waris Khan,5,2021-10-18
2021,43,Waris Khan,7,2021-10-25
2021,44,Waris Khan,6,2021-11-01
2021,45,Waris Khan,3,2021-11-08
2021,46,Waris Khan,4,2021-11-15
2021,47,Waris Khan,3,2021-11-22
2021,48,Waris Khan,0,2021-11-29
2021,49,Waris Khan,0,2021-12-06
2021,50,Waris Khan,0,2021-12-13
2021,51,Waris Khan,0,2021-12-20
2021,52,Waris Khan,0,2021-12-27
2022,1,Waris Khan,0,2022-01-03
2022,2,Waris Khan,0,2022-01-10
2022,3,Waris Khan,0,2022-01-17
2022,4,Waris Khan,0,2022-01-24
2022,5,Waris Khan,0,2022-01-31
2022,6,Waris Khan,0,2022-02-07
2022,7,Waris Khan,0,2022-02-14
2022,8,Waris Khan,0,2022-02-21
2022,9,Waris Khan,0,2022-02-28
2022,10,Waris Khan,0,2022-03-07
2022,11,Waris Khan,0,2022-03-14
2022,12,Waris Khan,0,2022-03-21
2022,13,Waris Khan,0,2022-03-28
2022,14,Waris Khan,0,2022-04-04
2022,15,Waris Khan,0,2022-04-11
2022,16,Waris Khan,0,2022-04-18
2022,17,Waris Khan,0,2022-04-25
2022,18,Waris Khan,0,2022-05-02
2022,19,Waris Khan,0,2022-05-09
2022,20,Waris Khan,0,2022-05-16
2022,21,Waris Khan,0,2022-05-23
2022,22,Waris Khan,0,2022-05-30
2022,23,Waris Khan,0,2022-06-06
2022,24,Waris Khan,0,2022-06-13
2022,25,Waris Khan,0,2022-06-20
2022,26,Waris Khan,0,2022-06-27
2022,27,Waris Khan,0,2022-07-04
2022,28,Waris Khan,0,2022-07-11
2022,29,Waris Khan,0,2022-07-18
2022,30,Waris Khan,0,2022-07-25
2022,31,Waris Khan,0,2022-08-01
2022,32,Waris Khan,0,2022-08-08
2022,33,Waris Khan,1,2022-08-15
2022,34,Waris Khan,0,2022-08-22
2022,35,Waris Khan,0,2022-08-29
2022,36,Waris Khan,4,2022-09-05
2022,37,Waris Khan,3,2022-09-12
2022,38,Waris Khan,7,2022-09-19
2022,39,Waris Khan,6,2022-09-26
2022,40,Waris Khan,9,2022-10-03
2022,41,Waris Khan,12,2022-10-10
2022,42,Waris Khan,10,2022-10-17
2022,43,Waris Khan,10,2022-10-24
2022,44,Waris Khan,5,2022-10-31
2022,45,Waris Khan,4,2022-11-07
2022,46,Waris Khan,2,2022-11-14
2022,47,Waris Khan,0,2022-11-21
2022,48,Waris Khan,0,2022-11-28
2022,49,Waris Khan,0,2022-12-05
2022,50,Waris Khan,0,2022-12-12
2022,51,Waris Khan,0,2022-12-19
2022,52,Waris Khan,0,2022-12-26
2023,1,Waris Khan,0,2023-01-02
2023,2,Waris Khan,0,2023-01-09
2023,3,Waris Khan,0,2023-01-16
2023,4,Waris Khan,0,2023-01-23
2023,5,Waris Khan,0,2023-01-30
2023,6,Waris Khan,0,2023-02-06
2023,7,Waris Khan,0,2023-02-13
2023,8,Waris Khan,0,2023-02-20
2023,9,Waris Khan,0,2023-02-27
2023,10,Waris Khan,0,2023-03-06
2023,11,Waris Khan,0,2023-03-13
2023,12,Waris Khan,0,2023-03-20
2023,13,Waris Khan,0,2023-03-27
2023,14,Waris Khan,0,2023-04-03
2023,15,Waris Khan,0,2023-04-10
2023,16,Waris Khan,0,2023-04-17
2023,17,Waris Khan,0,2023-04-24
2023,18,Waris Khan,0,2023-05-01
2023,19,Waris Khan,0,2023-05-08
2023,20,Waris Khan,1,2023-05-15
2023,21,Waris Khan,0,2023-05-22
2023,22,Waris Khan,0,2023-05-29
2023,23,Waris Khan,0,2023-06-05
2023,24,Waris Khan,0,2023-06-12
2023,25,Waris Khan,0,2023-06-19
2023,26,Waris Khan,0,2023-06-26
2023,27,Waris Khan,0,2023-07-03
2023,28,Waris Khan,0,2023-07-10
2023,29,Waris Khan,0,2023-07-17
2023,30,Waris Khan,0,2023-07-24
2023,31,Waris Khan,0,2023-07-31
2023,32,Waris Khan,0,2023-08-07
2023,33,Waris Khan,1,2023-08-14
2023,34,Waris Khan,1,2023-08-21
2023,35,Waris Khan,2,2023-08-28
2023,36,Waris Khan,0,2023-09-04
2023,37,Waris Khan,3,2023-09-11
2023,38,Waris Khan,5,2023-09-18
2023,39,Waris Khan,0,2023-09-25
2023,40,Waris Khan,4,2023-10-02
2023,41,Waris Khan,0,2023-10-09
2023,42,Waris Khan,2,2023-10-16
2023,43,Waris Khan,5,2023-10-23
2023,44,Waris Khan,5,2023-10-30
2023,45,Waris Khan,2,2023-11-06
2023,46,Waris Khan,1,2023-11-13
2023,47,Waris Khan,1,2023-11-20
2023,48,Waris Khan,0,2023-11-27
2023,49,Waris Khan,0,2023-12-04
2023,50,Waris Khan,0,2023-12-11
2023,51,Waris Khan,0,2023-12-18
2023,52,Waris Khan,0,2023-12-25
2024,1,Waris Khan,0,2024-01-01
2024,2,Waris Khan,0,2024-01-08
2024,3,Waris Khan,0,2024-01-15
2024,4,Waris Khan,0,2024-01-22
2024,5,Waris Khan,0,2024-01-29
2024,6,Waris Khan,0,2024-02-05
2024,7,Waris Khan,0,2024-02-12
2024,8,Waris Khan,0,2024-02-19
2024,9,Waris Khan,0,2024-02-26
2024,10,Waris Khan,0,2024-03-04
2024,11,Waris Khan,0,2024-03-11
2024,12,Waris Khan,0,2024-03-18
2024,13,Waris Khan,0,2024-03-25
2024,14,Waris Khan,0,2024-04-01
2024,15,Waris Khan,0,2024-04-08
2024,16,Waris Khan,0,2024-04-15
2024,17,Waris Khan,0,2024-04-22
2024,18,Waris Khan,0,2024-04-29
2024,19,Waris Khan,0,2024-05-06
2024,20,Waris Khan,0,2024-05-13
2024,21,Waris Khan,0,2024-05-20
2024,22,Waris Khan,0,2024-05-27
2024,23,Waris Khan,0,2024-06-03
2024,24,Waris Khan,0,2024-06-10
2024,25,Waris Khan,1,2024-06-17
2024,26,Waris Khan,0,2024-06-24
2024,27,Waris Khan,0,2024-07-01
2024,28,Waris Khan,0,2024-07-08
2024,29,Waris Khan,0,2024-07-15
2024,30,Waris Khan,0,2024-07-22
2024,31,Waris Khan,0,2024-07-29
2024,32,Waris Khan,0,2024-08-05
2024,33,Waris Khan,0,2024-08-12
2024,34,Waris Khan,0,2024-08-19
2024,35,Waris Khan,2,2024-08-26
2024,36,Waris Khan,1,2024-09-02
2024,37,Waris Khan,3,2024-09-09
2024,38,Waris Khan,2,2024-09-16
2024,39,Waris Khan,10,2024-09-23
2024,40,Waris Khan,11,2024-09-30
2024,41,Waris Khan,8,2024-10-07
2024,42,Waris Khan,4,2024-10-14
2024,43,Waris Khan,10,2024-10-21
2024,44,Waris Khan,8,2024-10-28
2024,45,Waris Khan,12,2024-11-04
2024,46,Waris Khan,6,2024-11-11
2024,47,Waris Khan,4,2024-11-18
2024,48,Waris Khan,2,2024-11-25
2024,49,Waris Khan,0,2024-12-02
2024,50,Waris Khan,0,2024-12-09
2024,51,Waris Khan,2,2024-12-16
2024,52,Waris Khan,0,2024-12-23
